Copyright 1986-2022 Xilinx, Inc. All Rights Reserved. Copyright 2022-2023 Advanced Micro Devices, Inc. All Rights Reserved.
--------------------------------------------------------------------------------------------------------------------------------------------------
| Tool Version      : Vivado v.2023.2 (lin64) Build 4029153 Fri Oct 13 20:13:54 MDT 2023
| Date              : Wed Sep 30 22:46:45 2026
| Host              : yijie running 64-bit Ubuntu 24.04.5 LTS
| Command           : report_timing_summary -file /home/yijie/fpga/rfsoc4x2_rdma_ofdm/build/timing_summary.rpt
| Design            : rdma_ofdm_top
| Device            : xczu48dr-ffvg1517
| Speed File        : -2  PRODUCTION 1.32 01-31-2021
| Design State      : Physopt postRoute
| Temperature Grade : E
--------------------------------------------------------------------------------------------------------------------------------------------------

Timing Summary Report

------------------------------------------------------------------------------------------------
| Timer Settings
| --------------
------------------------------------------------------------------------------------------------

  Enable Multi Corner Analysis               :  Yes
  Enable Pessimism Removal                   :  Yes
  Pessimism Removal Resolution               :  Nearest Common Node
  Enable Input Delay Default Clock           :  No
  Enable Preset / Clear Arcs                 :  No
  Disable Flight Delays                      :  No
  Ignore I/O Paths                           :  No
  Timing Early Launch at Borrowing Latches   :  No
  Borrow Time for Max Delay Exceptions       :  Yes
  Merge Timing Exceptions                    :  Yes
  Inter-SLR Compensation                     :  Conservative

  Corner  Analyze    Analyze    
  Name    Max Paths  Min Paths  
  ------  ---------  ---------  
  Slow    Yes        Yes        
  Fast    Yes        Yes        


------------------------------------------------------------------------------------------------
| Report Methodology
| ------------------
------------------------------------------------------------------------------------------------

Rule       Severity  Description                                 Violations  
---------  --------  ------------------------------------------  ----------  
LUTAR-1    Warning   LUT drives async reset alert                50          
SYNTH-15   Warning   Byte wide write enable not inferred         512         
TIMING-9   Warning   Unknown CDC Logic                           1           
TIMING-24  Warning   Overridden Max delay datapath only          7           
XDCB-1     Warning   Runtime intensive exceptions                1           
CLKC-56    Advisory  MMCME4 with global clock driver has no LOC  1           
RTGT-1     Advisory  RAM retargeting possibility                 10          

Note: This report is based on the most recent report_methodology run and may not be up-to-date. Run report_methodology on the current design for the latest report.



check_timing report

Table of Contents
-----------------
1. checking no_clock (0)
2. checking constant_clock (0)
3. checking pulse_width_clock (0)
4. checking unconstrained_internal_endpoints (0)
5. checking no_input_delay (1)
6. checking no_output_delay (1)
7. checking multiple_clock (0)
8. checking generated_clocks (0)
9. checking loops (0)
10. checking partial_input_delay (0)
11. checking partial_output_delay (0)
12. checking latch_loops (0)

1. checking no_clock (0)
------------------------
 There are 0 register/latch pins with no clock.


2. checking constant_clock (0)
------------------------------
 There are 0 register/latch pins with constant_clock.


3. checking pulse_width_clock (0)
---------------------------------
 There are 0 register/latch pins which need pulse_width check


4. checking unconstrained_internal_endpoints (0)
------------------------------------------------
 There are 0 pins that are not constrained for maximum delay.

 There are 0 pins that are not constrained for maximum delay due to constant clock.


5. checking no_input_delay (1)
------------------------------
 There are 0 input ports with no input delay specified.

 There is 1 input port with no input delay but user has a false path constraint. (MEDIUM)


6. checking no_output_delay (1)
-------------------------------
 There is 1 port with no output delay specified. (HIGH)

 There are 0 ports with no output delay but user has a false path constraint

 There are 0 ports with no output delay but with a timing clock defined on it or propagating through it


7. checking multiple_clock (0)
------------------------------
 There are 0 register/latch pins with multiple clocks.


8. checking generated_clocks (0)
--------------------------------
 There are 0 generated clocks that are not connected to a clock source.


9. checking loops (0)
---------------------
 There are 0 combinational loops in the design.


10. checking partial_input_delay (0)
------------------------------------
 There are 0 input ports with partial input delay specified.


11. checking partial_output_delay (0)
-------------------------------------
 There are 0 ports with partial output delay specified.


12. checking latch_loops (0)
----------------------------
 There are 0 combinational latch loops in the design through latch input



------------------------------------------------------------------------------------------------
| Design Timing Summary
| ---------------------
------------------------------------------------------------------------------------------------

    WNS(ns)      TNS(ns)  TNS Failing Endpoints  TNS Total Endpoints      WHS(ns)      THS(ns)  THS Failing Endpoints  THS Total Endpoints     WPWS(ns)     TPWS(ns)  TPWS Failing Endpoints  TPWS Total Endpoints  
    -------      -------  ---------------------  -------------------      -------      -------  ---------------------  -------------------     --------     --------  ----------------------  --------------------  
      0.141        0.000                      0               631335        0.010        0.000                      0               629841        0.039        0.000                       0                203099  


All user specified timing constraints are met.


------------------------------------------------------------------------------------------------
| Clock Summary
| -------------
------------------------------------------------------------------------------------------------

Clock                                                                                                Waveform(ns)             Period(ns)      Frequency(MHz)
-----                                                                                                ------------             ----------      --------------
PL_CLK                                                                                               {0.000 1.000}            2.000           500.000         
  clk_out1_mts_mmcm_rf_0                                                                             {0.000 2.000}            4.000           250.000         
  clk_out2_mts_mmcm_rf_0                                                                             {0.000 4.000}            8.000           125.000         
  clkfbout_mts_mmcm_rf_0                                                                             {0.000 1.000}            2.000           500.000         
RFADC0_CLK                                                                                           {0.000 4.000}            8.000           125.000         
RFADC1_CLK                                                                                           {0.000 4.000}            8.000           125.000         
RFADC2_CLK                                                                                           {0.000 4.000}            8.000           125.000         
RFADC3_CLK                                                                                           {0.000 4.000}            8.000           125.000         
RFDAC0_CLK                                                                                           {0.000 4.000}            8.000           125.000         
RFDAC1_CLK                                                                                           {0.000 4.000}            8.000           125.000         
RFDAC2_CLK                                                                                           {0.000 4.000}            8.000           125.000         
RFDAC3_CLK                                                                                           {0.000 4.000}            8.000           125.000         
c0_sys_clk_p                                                                                         {0.000 2.499}            4.998           200.080         
  mmcm_clkout0                                                                                       {0.000 1.666}            3.332           300.120         
    pll_clk[0]                                                                                       {0.000 0.208}            0.417           2400.960        
      pll_clk[0]_DIV                                                                                 {0.000 1.666}            3.332           300.120         
    pll_clk[1]                                                                                       {0.000 0.208}            0.417           2400.960        
      pll_clk[1]_DIV                                                                                 {0.000 1.666}            3.332           300.120         
    pll_clk[2]                                                                                       {0.000 0.208}            0.417           2400.960        
      pll_clk[2]_DIV                                                                                 {0.000 1.666}            3.332           300.120         
  mmcm_clkout5                                                                                       {0.000 6.664}            13.328          75.030          
  mmcm_clkout6                                                                                       {0.000 3.332}            6.664           150.060         
clk_100                                                                                              {0.000 5.000}            10.000          100.000         
  clk_100_mmcm                                                                                       {0.000 5.000}            10.000          100.000         
  clk_125_mmcm                                                                                       {0.000 4.000}            8.000           125.000         
  clk_200_mmcm                                                                                       {0.000 2.500}            5.000           200.000         
clk_pl_0                                                                                             {0.000 5.000}            10.000          100.000         
dbg_hub/inst/BSCANID.u_xsdbm_id/SWITCH_N_EXT_BSCAN.bscan_inst/SERIES7_BSCAN.bscan_inst/INTERNAL_TCK  {0.000 25.000}           50.000          20.000          
qsfp0_mgt_refclk_0_p                                                                                 {0.000 3.200}            6.400           156.250         
  qpll0outclk_out[0]                                                                                 {0.000 0.039}            0.078           12890.630       
    GTYE4_CHANNEL_TXOUTCLKPCS[0]                                                                     {0.000 1.552}            3.103           322.266         
    GTYE4_CHANNEL_TXOUTCLKPCS[1]                                                                     {0.000 1.552}            3.103           322.266         
    GTYE4_CHANNEL_TXOUTCLKPCS[2]                                                                     {0.000 1.552}            3.103           322.266         
    GTYE4_CHANNEL_TXOUTCLKPCS[3]                                                                     {0.000 1.552}            3.103           322.266         
    rxoutclk_out[0]                                                                                  {0.000 1.552}            3.103           322.266         
    txoutclk_out[0]                                                                                  {0.000 1.552}            3.103           322.266         
  qpll0outrefclk_out[0]                                                                              {0.000 3.200}            6.400           156.250         


------------------------------------------------------------------------------------------------
| Intra Clock Table
| -----------------
------------------------------------------------------------------------------------------------

Clock                                                                                                    WNS(ns)      TNS(ns)  TNS Failing Endpoints  TNS Total Endpoints      WHS(ns)      THS(ns)  THS Failing Endpoints  THS Total Endpoints     WPWS(ns)     TPWS(ns)  TPWS Failing Endpoints  TPWS Total Endpoints  
-----                                                                                                    -------      -------  ---------------------  -------------------      -------      -------  ---------------------  -------------------     --------     --------  ----------------------  --------------------  
PL_CLK                                                                                                     0.232        0.000                      0                  163        0.040        0.000                      0                  163        0.100        0.000                       0                   133  
  clk_out1_mts_mmcm_rf_0                                                                                   0.141        0.000                      0                33827        0.012        0.000                      0                33827        1.350        0.000                       0                  9802  
  clk_out2_mts_mmcm_rf_0                                                                                   1.625        0.000                      0               141170        0.012        0.000                      0               141170        3.300        0.000                       0                 33661  
  clkfbout_mts_mmcm_rf_0                                                                                                                                                                                                                               0.710        0.000                       0                     3  
c0_sys_clk_p                                                                                               3.646        0.000                      0                   23        0.061        0.000                      0                   23        0.750        0.000                       0                    19  
  mmcm_clkout0                                                                                             0.170        0.000                      0               139729        0.011        0.000                      0               139729        0.500        0.000                       0                 50919  
    pll_clk[0]                                                                                                                                                                                                                                         0.039        0.000                       0                     9  
      pll_clk[0]_DIV                                                                                                                                                                                                                                   0.466        0.000                       0                    40  
    pll_clk[1]                                                                                                                                                                                                                                         0.039        0.000                       0                     9  
      pll_clk[1]_DIV                                                                                                                                                                                                                                   0.466        0.000                       0                    25  
    pll_clk[2]                                                                                                                                                                                                                                         0.039        0.000                       0                     9  
      pll_clk[2]_DIV                                                                                                                                                                                                                                   0.466        0.000                       0                    40  
  mmcm_clkout5                                                                                             7.567        0.000                      0                 7963        0.013        0.000                      0                 7963        6.122        0.000                       0                  3640  
  mmcm_clkout6                                                                                             1.071        0.000                      0                 5713        0.012        0.000                      0                 5185        1.086        0.000                       0                  1747  
clk_100                                                                                                                                                                                                                                                2.000        0.000                       0                     1  
  clk_100_mmcm                                                                                             6.054        0.000                      0                 2498        0.028        0.000                      0                 2498        4.458        0.000                       0                  1023  
  clk_125_mmcm                                                                                             6.106        0.000                      0                  395        0.037        0.000                      0                  395        3.725        0.000                       0                   261  
  clk_200_mmcm                                                                                             0.345        0.000                      0               182288        0.010        0.000                      0               182288        1.800        0.000                       0                 57577  
clk_pl_0                                                                                                   2.157        0.000                      0                86636        0.010        0.000                      0                86636        3.400        0.000                       0                 32915  
dbg_hub/inst/BSCANID.u_xsdbm_id/SWITCH_N_EXT_BSCAN.bscan_inst/SERIES7_BSCAN.bscan_inst/INTERNAL_TCK       14.435        0.000                      0                 1007        0.021        0.000                      0                 1007       24.468        0.000                       0                   491  
    GTYE4_CHANNEL_TXOUTCLKPCS[0]                                                                           1.938        0.000                      0                   34        0.121        0.000                      0                   34        1.277        0.000                       0                    15  
    GTYE4_CHANNEL_TXOUTCLKPCS[1]                                                                           1.959        0.000                      0                   34        0.123        0.000                      0                   34        1.277        0.000                       0                    15  
    GTYE4_CHANNEL_TXOUTCLKPCS[2]                                                                           2.084        0.000                      0                   34        0.133        0.000                      0                   34        1.277        0.000                       0                    15  
    GTYE4_CHANNEL_TXOUTCLKPCS[3]                                                                           1.808        0.000                      0                   34        0.109        0.000                      0                   34        1.277        0.000                       0                    15  
    rxoutclk_out[0]                                                                                        1.244        0.000                      0                  969        0.044        0.000                      0                  969        0.447        0.000                       0                   666  
    txoutclk_out[0]                                                                                        0.350        0.000                      0                22738        0.012        0.000                      0                22738        0.543        0.000                       0                 10049  


------------------------------------------------------------------------------------------------
| Inter Clock Table
| -----------------
------------------------------------------------------------------------------------------------

From Clock                                                                                           To Clock                                                                                                 WNS(ns)      TNS(ns)  TNS Failing Endpoints  TNS Total Endpoints      WHS(ns)      THS(ns)  THS Failing Endpoints  THS Total Endpoints  
----------                                                                                           --------                                                                                                 -------      -------  ---------------------  -------------------      -------      -------  ---------------------  -------------------  
PL_CLK                                                                                               clk_out1_mts_mmcm_rf_0                                                                                     1.275        0.000                      0                    1        0.165        0.000                      0                    1  
clk_out2_mts_mmcm_rf_0                                                                               clk_out1_mts_mmcm_rf_0                                                                                     6.758        0.000                      0                  537                                                                        
clk_out1_mts_mmcm_rf_0                                                                               clk_out2_mts_mmcm_rf_0                                                                                     2.476        0.000                      0                 1049                                                                        
clk_pl_0                                                                                             clk_out2_mts_mmcm_rf_0                                                                                     9.177        0.000                      0                  100                                                                        
mmcm_clkout5                                                                                         mmcm_clkout0                                                                                               1.803        0.000                      0                   28                                                                        
mmcm_clkout6                                                                                         mmcm_clkout0                                                                                               1.584        0.000                      0                  133                                                                        
clk_200_mmcm                                                                                         mmcm_clkout0                                                                                               3.905        0.000                      0                  150                                                                        
mmcm_clkout0                                                                                         pll_clk[0]_DIV                                                                                             0.752        0.000                      0                  352        0.588        0.000                      0                  352  
mmcm_clkout0                                                                                         pll_clk[1]_DIV                                                                                             0.821        0.000                      0                  224        0.673        0.000                      0                  224  
mmcm_clkout0                                                                                         pll_clk[2]_DIV                                                                                             0.883        0.000                      0                  352        0.708        0.000                      0                  352  
mmcm_clkout0                                                                                         mmcm_clkout5                                                                                              10.977        0.000                      0                   10                                                                        
clk_100_mmcm                                                                                         mmcm_clkout5                                                                                               9.541        0.000                      0                   24                                                                        
clk_200_mmcm                                                                                         mmcm_clkout5                                                                                               4.493        0.000                      0                   24                                                                        
dbg_hub/inst/BSCANID.u_xsdbm_id/SWITCH_N_EXT_BSCAN.bscan_inst/SERIES7_BSCAN.bscan_inst/INTERNAL_TCK  mmcm_clkout5                                                                                              49.290        0.000                      0                    8                                                                        
mmcm_clkout0                                                                                         mmcm_clkout6                                                                                               1.899        0.000                      0                   36        0.106        0.000                      0                    1  
mmcm_clkout5                                                                                         clk_100_mmcm                                                                                             999.541        0.000                      0                   24                                                                        
clk_200_mmcm                                                                                         clk_100_mmcm                                                                                               3.850        0.000                      0                   56                                                                        
mmcm_clkout0                                                                                         clk_200_mmcm                                                                                               2.093        0.000                      0                  150                                                                        
mmcm_clkout5                                                                                         clk_200_mmcm                                                                                             999.433        0.000                      0                   24                                                                        
clk_100_mmcm                                                                                         clk_200_mmcm                                                                                               2.548        0.000                      0                   79        0.539        0.000                      0                    1  
txoutclk_out[0]                                                                                      clk_200_mmcm                                                                                               2.505        0.000                      0                   29                                                                        
clk_out2_mts_mmcm_rf_0                                                                               clk_pl_0                                                                                                   7.416        0.000                      0                  100                                                                        
mmcm_clkout5                                                                                         dbg_hub/inst/BSCANID.u_xsdbm_id/SWITCH_N_EXT_BSCAN.bscan_inst/SERIES7_BSCAN.bscan_inst/INTERNAL_TCK       12.333        0.000                      0                    8                                                                        
clk_200_mmcm                                                                                         txoutclk_out[0]                                                                                            4.450        0.000                      0                   29                                                                        


------------------------------------------------------------------------------------------------
| Other Path Groups Table
| -----------------------
------------------------------------------------------------------------------------------------

Path Group                                                                                           From Clock                                                                                           To Clock                                                                                                 WNS(ns)      TNS(ns)  TNS Failing Endpoints  TNS Total Endpoints      WHS(ns)      THS(ns)  THS Failing Endpoints  THS Total Endpoints  
----------                                                                                           ----------                                                                                           --------                                                                                                 -------      -------  ---------------------  -------------------      -------      -------  ---------------------  -------------------  
**async_default**                                                                                    clk_200_mmcm                                                                                         clk_200_mmcm                                                                                               2.487        0.000                      0                  745        0.103        0.000                      0                  745  
**async_default**                                                                                    clk_out1_mts_mmcm_rf_0                                                                               clk_out1_mts_mmcm_rf_0                                                                                     0.343        0.000                      0                  204        1.083        0.000                      0                  204  
**async_default**                                                                                    clk_out2_mts_mmcm_rf_0                                                                               clk_out2_mts_mmcm_rf_0                                                                                     6.357        0.000                      0                  929        0.062        0.000                      0                  929  
**async_default**                                                                                    clk_pl_0                                                                                             clk_pl_0                                                                                                   7.029        0.000                      0                  861        0.040        0.000                      0                  861  
**async_default**                                                                                    dbg_hub/inst/BSCANID.u_xsdbm_id/SWITCH_N_EXT_BSCAN.bscan_inst/SERIES7_BSCAN.bscan_inst/INTERNAL_TCK  dbg_hub/inst/BSCANID.u_xsdbm_id/SWITCH_N_EXT_BSCAN.bscan_inst/SERIES7_BSCAN.bscan_inst/INTERNAL_TCK       47.038        0.000                      0                  100        0.114        0.000                      0                  100  
**async_default**                                                                                    mmcm_clkout0                                                                                         mmcm_clkout0                                                                                               1.257        0.000                      0                 1221        0.104        0.000                      0                 1221  
**async_default**                                                                                    mmcm_clkout5                                                                                         mmcm_clkout5                                                                                              11.877        0.000                      0                  122        0.119        0.000                      0                  122  
**async_default**                                                                                    txoutclk_out[0]                                                                                      txoutclk_out[0]                                                                                            1.026        0.000                      0                    1        0.822        0.000                      0                    1  


------------------------------------------------------------------------------------------------
| Timing Details
| --------------
------------------------------------------------------------------------------------------------


---------------------------------------------------------------------------------------------------
From Clock:  PL_CLK
  To Clock:  PL_CLK

Setup :            0  Failing Endpoints,  Worst Slack        0.232ns,  Total Violation        0.000ns
Hold  :            0  Failing Endpoints,  Worst Slack        0.040ns,  Total Violation        0.000ns
PW    :            0  Failing Endpoints,  Worst Slack        0.100ns,  Total Violation        0.000ns
---------------------------------------------------------------------------------------------------


Max Delay Paths
--------------------------------------------------------------------------------------
Slack (MET) :             0.232ns  (required time - arrival time)
  Source:                 PL_SYSREF_P
                            (input port clocked by PL_CLK  {rise@0.000ns fall@1.000ns period=2.000ns})
  Destination:            rf_bd/mts_i/mts_sync_0/inst/sysref_pin_r_reg/D
                            (rising edge-triggered cell FDRE clocked by PL_CLK  {rise@0.000ns fall@1.000ns period=2.000ns})
  Path Group:             PL_CLK
  Path Type:              Setup (Max at Fast Process Corner)
  Requirement:            2.000ns  (PL_CLK rise@2.000ns - PL_CLK rise@0.000ns)
  Data Path Delay:        1.475ns  (logic 0.453ns (30.693%)  route 1.022ns (69.307%))
  Logic Levels:           2  (DIFFINBUF=1 IBUFCTRL=1)
  Input Delay:            2.031ns
  Clock Path Skew:        1.750ns (DCD - SCD + CPR)
    Destination Clock Delay (DCD):    1.750ns = ( 3.750 - 2.000 ) 
    Source Clock Delay      (SCD):    0.000ns
    Clock Pessimism Removal (CPR):    0.000ns
  Clock Uncertainty:      0.035ns  ((TSJ^2 + TIJ^2)^1/2 + DJ) / 2 + PE
    Total System Jitter     (TSJ):    0.071ns
    Total Input Jitter      (TIJ):    0.000ns
    Discrete Jitter          (DJ):    0.000ns
    Phase Error              (PE):    0.000ns
  Clock Net Delay (Destination): 1.088ns (routing 0.471ns, distribution 0.617ns)

    Location             Delay type                Incr(ns)  Path(ns)    Netlist Resource(s)
  -------------------------------------------------------------------    -------------------
                         (clock PL_CLK rise edge)     0.000     0.000 r  
                         input delay                  2.031     2.031    
    AP18                                              0.000     2.031 r  PL_SYSREF_P (IN)
                         net (fo=0)                   0.100     2.131    rf_bd/mts_i/mts_sync_0/inst/sysref_ibuf/I
    HPIOBDIFFINBUF_X0Y58 DIFFINBUF (Prop_DIFFINBUF_HPIOBDIFFINBUF_DIFF_IN_P_O)
                                                      0.453     2.584 r  rf_bd/mts_i/mts_sync_0/inst/sysref_ibuf/DIFFINBUF_INST/O
                         net (fo=1, routed)           0.050     2.634    rf_bd/mts_i/mts_sync_0/inst/sysref_ibuf/OUT
    AP18                 IBUFCTRL (Prop_IBUFCTRL_HPIOB_M_I_O)
                                                      0.000     2.634 r  rf_bd/mts_i/mts_sync_0/inst/sysref_ibuf/IBUFCTRL_INST/O
                         net (fo=1, routed)           0.872     3.506    rf_bd/mts_i/mts_sync_0/inst/sysref_i
    SLICE_X76Y158        FDRE                                         r  rf_bd/mts_i/mts_sync_0/inst/sysref_pin_r_reg/D
  -------------------------------------------------------------------    -------------------

                         (clock PL_CLK rise edge)     2.000     2.000 r  
    AN11                                              0.000     2.000 r  PL_CLK_clk_p[0] (IN)
                         net (fo=0)                   0.079     2.079    rf_bd/mts_i/ibufds_pl_clk/U0/USE_IBUFDS.GEN_IBUFDS[0].IBUFDS_I/I
    HPIOBDIFFINBUF_X0Y34 DIFFINBUF (Prop_DIFFINBUF_HPIOBDIFFINBUF_DIFF_IN_P_O)
                                                      0.332     2.411 r  rf_bd/mts_i/ibufds_pl_clk/U0/USE_IBUFDS.GEN_IBUFDS[0].IBUFDS_I/DIFFINBUF_INST/O
                         net (fo=1, routed)           0.040     2.451    rf_bd/mts_i/ibufds_pl_clk/U0/USE_IBUFDS.GEN_IBUFDS[0].IBUFDS_I/OUT
    AN11                 IBUFCTRL (Prop_IBUFCTRL_HPIOB_M_I_O)
                                                      0.000     2.451 r  rf_bd/mts_i/ibufds_pl_clk/U0/USE_IBUFDS.GEN_IBUFDS[0].IBUFDS_I/IBUFCTRL_INST/O
                         net (fo=1, routed)           0.194     2.645    rf_bd/mts_i/bufg_pl_clk/U0/BUFG_I[0]
    BUFGCE_X0Y41         BUFGCE (Prop_BUFCE_BUFGCE_I_O)
                                                      0.017     2.662 r  rf_bd/mts_i/bufg_pl_clk/U0/USE_BUFG.GEN_BUFG[0].BUFG_U/O
    X2Y2 (CLOCK_ROOT)    net (fo=132, routed)         1.088     3.750    rf_bd/mts_i/mts_sync_0/inst/pl_clk
    SLICE_X76Y158        FDRE                                         r  rf_bd/mts_i/mts_sync_0/inst/sysref_pin_r_reg/C
                         clock pessimism              0.000     3.750    
                         clock uncertainty           -0.035     3.714    
    SLICE_X76Y158        FDRE (Setup_AFF_SLICEM_C_D)
                                                      0.023     3.737    rf_bd/mts_i/mts_sync_0/inst/sysref_pin_r_reg
  -------------------------------------------------------------------
                         required time                          3.737    
                         arrival time                          -3.506    
  -------------------------------------------------------------------
                         slack                                  0.232    





Min Delay Paths
--------------------------------------------------------------------------------------
Slack (MET) :             0.040ns  (arrival time - required time)
  Source:                 rf_bd/mts_i/clk_meter_0/inst/sysref_count_reg[15]/C
                            (rising edge-triggered cell FDRE clocked by PL_CLK  {rise@0.000ns fall@1.000ns period=2.000ns})
  Destination:            rf_bd/mts_i/clk_meter_0/inst/sysref_count_gray_reg[15]/D
                            (rising edge-triggered cell FDRE clocked by PL_CLK  {rise@0.000ns fall@1.000ns period=2.000ns})
  Path Group:             PL_CLK
  Path Type:              Hold (Min at Fast Process Corner)
  Requirement:            0.000ns  (PL_CLK rise@0.000ns - PL_CLK rise@0.000ns)
  Data Path Delay:        0.139ns  (logic 0.061ns (43.856%)  route 0.078ns (56.144%))
  Logic Levels:           1  (LUT2=1)
  Clock Path Skew:        0.052ns (DCD - SCD - CPR)
    Destination Clock Delay (DCD):    2.098ns
    Source Clock Delay      (SCD):    1.777ns
    Clock Pessimism Removal (CPR):    0.269ns
  Clock Net Delay (Source):      1.116ns (routing 0.471ns, distribution 0.645ns)
  Clock Net Delay (Destination): 1.257ns (routing 0.522ns, distribution 0.735ns)

    Location             Delay type                Incr(ns)  Path(ns)    Netlist Resource(s)
  -------------------------------------------------------------------    -------------------
                         (clock PL_CLK rise edge)     0.000     0.000 r  
    AN11                                              0.000     0.000 r  PL_CLK_clk_p[0] (IN)
                         net (fo=0)                   0.079     0.079    rf_bd/mts_i/ibufds_pl_clk/U0/USE_IBUFDS.GEN_IBUFDS[0].IBUFDS_I/I
    HPIOBDIFFINBUF_X0Y34 DIFFINBUF (Prop_DIFFINBUF_HPIOBDIFFINBUF_DIFF_IN_P_O)
                                                      0.332     0.411 r  rf_bd/mts_i/ibufds_pl_clk/U0/USE_IBUFDS.GEN_IBUFDS[0].IBUFDS_I/DIFFINBUF_INST/O
                         net (fo=1, routed)           0.040     0.451    rf_bd/mts_i/ibufds_pl_clk/U0/USE_IBUFDS.GEN_IBUFDS[0].IBUFDS_I/OUT
    AN11                 IBUFCTRL (Prop_IBUFCTRL_HPIOB_M_I_O)
                                                      0.000     0.451 r  rf_bd/mts_i/ibufds_pl_clk/U0/USE_IBUFDS.GEN_IBUFDS[0].IBUFDS_I/IBUFCTRL_INST/O
                         net (fo=1, routed)           0.194     0.645    rf_bd/mts_i/bufg_pl_clk/U0/BUFG_I[0]
    BUFGCE_X0Y41         BUFGCE (Prop_BUFCE_BUFGCE_I_O)
                                                      0.017     0.662 r  rf_bd/mts_i/bufg_pl_clk/U0/USE_BUFG.GEN_BUFG[0].BUFG_U/O
    X2Y2 (CLOCK_ROOT)    net (fo=132, routed)         1.116     1.777    rf_bd/mts_i/clk_meter_0/inst/pl_clk
    SLICE_X26Y237        FDRE                                         r  rf_bd/mts_i/clk_meter_0/inst/sysref_count_reg[15]/C
  -------------------------------------------------------------------    -------------------
    SLICE_X26Y237        FDRE (Prop_HFF_SLICEL_C_Q)
                                                      0.039     1.816 r  rf_bd/mts_i/clk_meter_0/inst/sysref_count_reg[15]/Q
                         net (fo=3, routed)           0.070     1.886    rf_bd/mts_i/clk_meter_0/inst/sysref_count_reg__0[15]
    SLICE_X27Y238        LUT2 (Prop_B5LUT_SLICEM_I1_O)
                                                      0.022     1.908 r  rf_bd/mts_i/clk_meter_0/inst/sysref_count_gray[15]_i_1/O
                         net (fo=1, routed)           0.008     1.916    rf_bd/mts_i/clk_meter_0/inst/sysref_count_gray0[15]
    SLICE_X27Y238        FDRE                                         r  rf_bd/mts_i/clk_meter_0/inst/sysref_count_gray_reg[15]/D
  -------------------------------------------------------------------    -------------------

                         (clock PL_CLK rise edge)     0.000     0.000 r  
    AN11                                              0.000     0.000 r  PL_CLK_clk_p[0] (IN)
                         net (fo=0)                   0.100     0.100    rf_bd/mts_i/ibufds_pl_clk/U0/USE_IBUFDS.GEN_IBUFDS[0].IBUFDS_I/I
    HPIOBDIFFINBUF_X0Y34 DIFFINBUF (Prop_DIFFINBUF_HPIOBDIFFINBUF_DIFF_IN_P_O)
                                                      0.437     0.537 r  rf_bd/mts_i/ibufds_pl_clk/U0/USE_IBUFDS.GEN_IBUFDS[0].IBUFDS_I/DIFFINBUF_INST/O
                         net (fo=1, routed)           0.050     0.587    rf_bd/mts_i/ibufds_pl_clk/U0/USE_IBUFDS.GEN_IBUFDS[0].IBUFDS_I/OUT
    AN11                 IBUFCTRL (Prop_IBUFCTRL_HPIOB_M_I_O)
                                                      0.000     0.587 r  rf_bd/mts_i/ibufds_pl_clk/U0/USE_IBUFDS.GEN_IBUFDS[0].IBUFDS_I/IBUFCTRL_INST/O
                         net (fo=1, routed)           0.235     0.822    rf_bd/mts_i/bufg_pl_clk/U0/BUFG_I[0]
    BUFGCE_X0Y41         BUFGCE (Prop_BUFCE_BUFGCE_I_O)
                                                      0.019     0.841 r  rf_bd/mts_i/bufg_pl_clk/U0/USE_BUFG.GEN_BUFG[0].BUFG_U/O
    X2Y2 (CLOCK_ROOT)    net (fo=132, routed)         1.257     2.098    rf_bd/mts_i/clk_meter_0/inst/pl_clk
    SLICE_X27Y238        FDRE                                         r  rf_bd/mts_i/clk_meter_0/inst/sysref_count_gray_reg[15]/C
                         clock pessimism             -0.269     1.829    
    SLICE_X27Y238        FDRE (Hold_BFF2_SLICEM_C_D)
                                                      0.047     1.876    rf_bd/mts_i/clk_meter_0/inst/sysref_count_gray_reg[15]
  -------------------------------------------------------------------
                         required time                         -1.876    
                         arrival time                           1.916    
  -------------------------------------------------------------------
                         slack                                  0.040    





Pulse Width Checks
--------------------------------------------------------------------------------------
Clock Name:         PL_CLK
Waveform(ns):       { 0.000 1.000 }
Period(ns):         2.000
Sources:            { PL_CLK_clk_p[0] }

Check Type        Corner  Lib Pin            Reference Pin  Required(ns)  Actual(ns)  Slack(ns)  Location      Pin
Min Period        n/a     BUFGCE/I           n/a            1.290         2.000       0.710      BUFGCE_X0Y41  rf_bd/mts_i/bufg_pl_clk/U0/USE_BUFG.GEN_BUFG[0].BUFG_U/I
Max Period        n/a     MMCME4_ADV/CLKIN1  n/a            100.000       2.000       98.000     MMCM_X0Y1     rf_bd/mts_i/mmcm_rf/inst/mmcme4_adv_inst/CLKIN1
Low Pulse Width   Slow    MMCME4_ADV/CLKIN1  n/a            0.900         1.000       0.100      MMCM_X0Y1     rf_bd/mts_i/mmcm_rf/inst/mmcme4_adv_inst/CLKIN1
High Pulse Width  Slow    MMCME4_ADV/CLKIN1  n/a            0.900         1.000       0.100      MMCM_X0Y1     rf_bd/mts_i/mmcm_rf/inst/mmcme4_adv_inst/CLKIN1



---------------------------------------------------------------------------------------------------
From Clock:  clk_out1_mts_mmcm_rf_0
  To Clock:  clk_out1_mts_mmcm_rf_0

Setup :            0  Failing Endpoints,  Worst Slack        0.141ns,  Total Violation        0.000ns
Hold  :            0  Failing Endpoints,  Worst Slack        0.012ns,  Total Violation        0.000ns
PW    :            0  Failing Endpoints,  Worst Slack        1.350ns,  Total Violation        0.000ns
---------------------------------------------------------------------------------------------------


Max Delay Paths
--------------------------------------------------------------------------------------
Slack (MET) :             0.141ns  (required time - arrival time)
  Source:                 stream_inst/tx_ra_reg[14]/C
                            (rising edge-triggered cell FDRE clocked by clk_out1_mts_mmcm_rf_0  {rise@0.000ns fall@2.000ns period=4.000ns})
  Destination:            stream_inst/tx_mem_reg_48_bram_2/ENBWREN
                            (rising edge-triggered cell RAMB36E2 clocked by clk_out1_mts_mmcm_rf_0  {rise@0.000ns fall@2.000ns period=4.000ns})
  Path Group:             clk_out1_mts_mmcm_rf_0
  Path Type:              Setup (Max at Slow Process Corner)
  Requirement:            4.000ns  (clk_out1_mts_mmcm_rf_0 rise@4.000ns - clk_out1_mts_mmcm_rf_0 rise@0.000ns)
  Data Path Delay:        3.585ns  (logic 0.229ns (6.389%)  route 3.356ns (93.611%))
  Logic Levels:           1  (LUT3=1)
  Clock Path Skew:        0.121ns (DCD - SCD + CPR)
    Destination Clock Delay (DCD):    3.075ns = ( 7.075 - 4.000 ) 
    Source Clock Delay      (SCD):    2.967ns
    Clock Pessimism Removal (CPR):    0.013ns
  Clock Uncertainty:      0.054ns  ((TSJ^2 + DJ^2)^1/2) / 2 + PE
    Total System Jitter     (TSJ):    0.071ns
    Discrete Jitter          (DJ):    0.081ns
    Phase Error              (PE):    0.000ns
  Clock Net Delay (Source):      2.503ns (routing 1.061ns, distribution 1.442ns)
  Clock Net Delay (Destination): 2.528ns (routing 0.965ns, distribution 1.563ns)

    Location             Delay type                Incr(ns)  Path(ns)    Netlist Resource(s)
  -------------------------------------------------------------------    -------------------
                         (clock clk_out1_mts_mmcm_rf_0 rise edge)
                                                      0.000     0.000 r  
    AN11                                              0.000     0.000 r  PL_CLK_clk_p[0] (IN)
                         net (fo=0)                   0.100     0.100    rf_bd/mts_i/ibufds_pl_clk/U0/USE_IBUFDS.GEN_IBUFDS[0].IBUFDS_I/I
    HPIOBDIFFINBUF_X0Y34 DIFFINBUF (Prop_DIFFINBUF_HPIOBDIFFINBUF_DIFF_IN_P_O)
                                                      0.666     0.766 r  rf_bd/mts_i/ibufds_pl_clk/U0/USE_IBUFDS.GEN_IBUFDS[0].IBUFDS_I/DIFFINBUF_INST/O
                         net (fo=1, routed)           0.050     0.816    rf_bd/mts_i/ibufds_pl_clk/U0/USE_IBUFDS.GEN_IBUFDS[0].IBUFDS_I/OUT
    AN11                 IBUFCTRL (Prop_IBUFCTRL_HPIOB_M_I_O)
                                                      0.000     0.816 r  rf_bd/mts_i/ibufds_pl_clk/U0/USE_IBUFDS.GEN_IBUFDS[0].IBUFDS_I/IBUFCTRL_INST/O
                         net (fo=1, routed)           0.336     1.152    rf_bd/mts_i/bufg_pl_clk/U0/BUFG_I[0]
    BUFGCE_X0Y41         BUFGCE (Prop_BUFCE_BUFGCE_I_O)
                                                      0.028     1.180 r  rf_bd/mts_i/bufg_pl_clk/U0/USE_BUFG.GEN_BUFG[0].BUFG_U/O
                         net (fo=132, routed)         1.895     3.075    rf_bd/mts_i/mmcm_rf/inst/clk_in1
    MMCM_X0Y1            MMCME4_ADV (Prop_MMCM_CLKIN1_CLKOUT0)
                                                     -2.884     0.191 r  rf_bd/mts_i/mmcm_rf/inst/mmcme4_adv_inst/CLKOUT0
                         net (fo=1, routed)           0.245     0.436    rf_bd/mts_i/mmcm_rf/inst/clk_out1_mts_mmcm_rf_0
    BUFGCE_X0Y47         BUFGCE (Prop_BUFCE_BUFGCE_I_O)
                                                      0.028     0.464 r  rf_bd/mts_i/mmcm_rf/inst/clkout1_buf/O
    X2Y3 (CLOCK_ROOT)    net (fo=9800, routed)        2.503     2.967    stream_inst/clk_rf
    SLICE_X64Y281        FDRE                                         r  stream_inst/tx_ra_reg[14]/C
  -------------------------------------------------------------------    -------------------
    SLICE_X64Y281        FDRE (Prop_BFF_SLICEL_C_Q)
                                                      0.079     3.046 f  stream_inst/tx_ra_reg[14]/Q
                         net (fo=19, routed)          0.131     3.177    stream_inst/tx_ra[14]
    SLICE_X64Y279        LUT3 (Prop_H6LUT_SLICEL_I1_O)
                                                      0.150     3.327 r  stream_inst/tx_mem_reg_0_bram_2_i_3/O
                         net (fo=64, routed)          3.224     6.551    stream_inst/tx_mem_reg_0_bram_2_i_3_n_0
    RAMB36_X10Y18        RAMB36E2                                     r  stream_inst/tx_mem_reg_48_bram_2/ENBWREN
  -------------------------------------------------------------------    -------------------

                         (clock clk_out1_mts_mmcm_rf_0 rise edge)
                                                      4.000     4.000 r  
    AN11                                              0.000     4.000 r  PL_CLK_clk_p[0] (IN)
                         net (fo=0)                   0.079     4.079    rf_bd/mts_i/ibufds_pl_clk/U0/USE_IBUFDS.GEN_IBUFDS[0].IBUFDS_I/I
    HPIOBDIFFINBUF_X0Y34 DIFFINBUF (Prop_DIFFINBUF_HPIOBDIFFINBUF_DIFF_IN_P_O)
                                                      0.556     4.635 r  rf_bd/mts_i/ibufds_pl_clk/U0/USE_IBUFDS.GEN_IBUFDS[0].IBUFDS_I/DIFFINBUF_INST/O
                         net (fo=1, routed)           0.040     4.675    rf_bd/mts_i/ibufds_pl_clk/U0/USE_IBUFDS.GEN_IBUFDS[0].IBUFDS_I/OUT
    AN11                 IBUFCTRL (Prop_IBUFCTRL_HPIOB_M_I_O)
                                                      0.000     4.675 r  rf_bd/mts_i/ibufds_pl_clk/U0/USE_IBUFDS.GEN_IBUFDS[0].IBUFDS_I/IBUFCTRL_INST/O
                         net (fo=1, routed)           0.301     4.976    rf_bd/mts_i/bufg_pl_clk/U0/BUFG_I[0]
    BUFGCE_X0Y41         BUFGCE (Prop_BUFCE_BUFGCE_I_O)
                                                      0.024     5.000 r  rf_bd/mts_i/bufg_pl_clk/U0/USE_BUFG.GEN_BUFG[0].BUFG_U/O
                         net (fo=132, routed)         1.704     6.704    rf_bd/mts_i/mmcm_rf/inst/clk_in1
    MMCM_X0Y1            MMCME4_ADV (Prop_MMCM_CLKIN1_CLKOUT0)
                                                     -2.397     4.307 r  rf_bd/mts_i/mmcm_rf/inst/mmcme4_adv_inst/CLKOUT0
                         net (fo=1, routed)           0.216     4.523    rf_bd/mts_i/mmcm_rf/inst/clk_out1_mts_mmcm_rf_0
    BUFGCE_X0Y47         BUFGCE (Prop_BUFCE_BUFGCE_I_O)
                                                      0.024     4.547 r  rf_bd/mts_i/mmcm_rf/inst/clkout1_buf/O
    X2Y3 (CLOCK_ROOT)    net (fo=9800, routed)        2.528     7.075    stream_inst/clk_rf
    RAMB36_X10Y18        RAMB36E2                                     r  stream_inst/tx_mem_reg_48_bram_2/CLKBWRCLK
                         clock pessimism              0.013     7.088    
                         clock uncertainty           -0.054     7.034    
    RAMB36_X10Y18        RAMB36E2 (Setup_RAMB36E2_RAMB36_CLKBWRCLK_ENBWREN)
                                                     -0.342     6.692    stream_inst/tx_mem_reg_48_bram_2
  -------------------------------------------------------------------
                         required time                          6.692    
                         arrival time                          -6.551    
  -------------------------------------------------------------------
                         slack                                  0.141    





Min Delay Paths
--------------------------------------------------------------------------------------
Slack (MET) :             0.012ns  (arrival time - required time)
  Source:                 rf_bd/mts_i/dac_mux/inst/M_AXIS_tdata_reg[158]/C
                            (rising edge-triggered cell FDRE clocked by clk_out1_mts_mmcm_rf_0  {rise@0.000ns fall@2.000ns period=4.000ns})
  Destination:            rf_bd/mts_i/usp_rf_data_converter_0/inst/mts_usp_rf_data_converter_0_0_rf_wrapper_i/tx0_u_dac/DATA_DAC0[30]
                            (rising edge-triggered cell RFDAC clocked by clk_out1_mts_mmcm_rf_0  {rise@0.000ns fall@2.000ns period=4.000ns})
  Path Group:             clk_out1_mts_mmcm_rf_0
  Path Type:              Hold (Min at Slow Process Corner)
  Requirement:            0.000ns  (clk_out1_mts_mmcm_rf_0 rise@0.000ns - clk_out1_mts_mmcm_rf_0 rise@0.000ns)
  Data Path Delay:        0.479ns  (logic 0.058ns (12.119%)  route 0.421ns (87.881%))
  Logic Levels:           0  
  Clock Path Skew:        0.343ns (DCD - SCD - CPR)
    Destination Clock Delay (DCD):    3.364ns
    Source Clock Delay      (SCD):    3.007ns
    Clock Pessimism Removal (CPR):    0.013ns
  Clock Net Delay (Source):      2.461ns (routing 0.965ns, distribution 1.496ns)
  Clock Net Delay (Destination): 2.900ns (routing 1.061ns, distribution 1.839ns)

    Location             Delay type                Incr(ns)  Path(ns)    Netlist Resource(s)
  -------------------------------------------------------------------    -------------------
                         (clock clk_out1_mts_mmcm_rf_0 rise edge)
                                                      0.000     0.000 r  
    AN11                                              0.000     0.000 r  PL_CLK_clk_p[0] (IN)
                         net (fo=0)                   0.079     0.079    rf_bd/mts_i/ibufds_pl_clk/U0/USE_IBUFDS.GEN_IBUFDS[0].IBUFDS_I/I
    HPIOBDIFFINBUF_X0Y34 DIFFINBUF (Prop_DIFFINBUF_HPIOBDIFFINBUF_DIFF_IN_P_O)
                                                      0.556     0.635 r  rf_bd/mts_i/ibufds_pl_clk/U0/USE_IBUFDS.GEN_IBUFDS[0].IBUFDS_I/DIFFINBUF_INST/O
                         net (fo=1, routed)           0.040     0.675    rf_bd/mts_i/ibufds_pl_clk/U0/USE_IBUFDS.GEN_IBUFDS[0].IBUFDS_I/OUT
    AN11                 IBUFCTRL (Prop_IBUFCTRL_HPIOB_M_I_O)
                                                      0.000     0.675 r  rf_bd/mts_i/ibufds_pl_clk/U0/USE_IBUFDS.GEN_IBUFDS[0].IBUFDS_I/IBUFCTRL_INST/O
                         net (fo=1, routed)           0.301     0.976    rf_bd/mts_i/bufg_pl_clk/U0/BUFG_I[0]
    BUFGCE_X0Y41         BUFGCE (Prop_BUFCE_BUFGCE_I_O)
                                                      0.024     1.000 r  rf_bd/mts_i/bufg_pl_clk/U0/USE_BUFG.GEN_BUFG[0].BUFG_U/O
                         net (fo=132, routed)         1.704     2.704    rf_bd/mts_i/mmcm_rf/inst/clk_in1
    MMCM_X0Y1            MMCME4_ADV (Prop_MMCM_CLKIN1_CLKOUT0)
                                                     -2.397     0.307 r  rf_bd/mts_i/mmcm_rf/inst/mmcme4_adv_inst/CLKOUT0
                         net (fo=1, routed)           0.216     0.523    rf_bd/mts_i/mmcm_rf/inst/clk_out1_mts_mmcm_rf_0
    BUFGCE_X0Y47         BUFGCE (Prop_BUFCE_BUFGCE_I_O)
                                                      0.024     0.547 r  rf_bd/mts_i/mmcm_rf/inst/clkout1_buf/O
    X2Y3 (CLOCK_ROOT)    net (fo=9800, routed)        2.461     3.007    rf_bd/mts_i/dac_mux/inst/aclk
    SLICE_X97Y239        FDRE                                         r  rf_bd/mts_i/dac_mux/inst/M_AXIS_tdata_reg[158]/C
  -------------------------------------------------------------------    -------------------
    SLICE_X97Y239        FDRE (Prop_HFF_SLICEM_C_Q)
                                                      0.058     3.065 r  rf_bd/mts_i/dac_mux/inst/M_AXIS_tdata_reg[158]/Q
                         net (fo=2, routed)           0.421     3.486    rf_bd/mts_i/usp_rf_data_converter_0/inst/mts_usp_rf_data_converter_0_0_rf_wrapper_i/s00_axis_tdata[30]
    RFDAC_X0Y0           RFDAC                                        r  rf_bd/mts_i/usp_rf_data_converter_0/inst/mts_usp_rf_data_converter_0_0_rf_wrapper_i/tx0_u_dac/DATA_DAC0[30]
  -------------------------------------------------------------------    -------------------

                         (clock clk_out1_mts_mmcm_rf_0 rise edge)
                                                      0.000     0.000 r  
    AN11                                              0.000     0.000 r  PL_CLK_clk_p[0] (IN)
                         net (fo=0)                   0.100     0.100    rf_bd/mts_i/ibufds_pl_clk/U0/USE_IBUFDS.GEN_IBUFDS[0].IBUFDS_I/I
    HPIOBDIFFINBUF_X0Y34 DIFFINBUF (Prop_DIFFINBUF_HPIOBDIFFINBUF_DIFF_IN_P_O)
                                                      0.666     0.766 r  rf_bd/mts_i/ibufds_pl_clk/U0/USE_IBUFDS.GEN_IBUFDS[0].IBUFDS_I/DIFFINBUF_INST/O
                         net (fo=1, routed)           0.050     0.816    rf_bd/mts_i/ibufds_pl_clk/U0/USE_IBUFDS.GEN_IBUFDS[0].IBUFDS_I/OUT
    AN11                 IBUFCTRL (Prop_IBUFCTRL_HPIOB_M_I_O)
                                                      0.000     0.816 r  rf_bd/mts_i/ibufds_pl_clk/U0/USE_IBUFDS.GEN_IBUFDS[0].IBUFDS_I/IBUFCTRL_INST/O
                         net (fo=1, routed)           0.336     1.152    rf_bd/mts_i/bufg_pl_clk/U0/BUFG_I[0]
    BUFGCE_X0Y41         BUFGCE (Prop_BUFCE_BUFGCE_I_O)
                                                      0.028     1.180 r  rf_bd/mts_i/bufg_pl_clk/U0/USE_BUFG.GEN_BUFG[0].BUFG_U/O
                         net (fo=132, routed)         1.895     3.075    rf_bd/mts_i/mmcm_rf/inst/clk_in1
    MMCM_X0Y1            MMCME4_ADV (Prop_MMCM_CLKIN1_CLKOUT0)
                                                     -2.884     0.191 r  rf_bd/mts_i/mmcm_rf/inst/mmcme4_adv_inst/CLKOUT0
                         net (fo=1, routed)           0.245     0.436    rf_bd/mts_i/mmcm_rf/inst/clk_out1_mts_mmcm_rf_0
    BUFGCE_X0Y47         BUFGCE (Prop_BUFCE_BUFGCE_I_O)
                                                      0.028     0.464 r  rf_bd/mts_i/mmcm_rf/inst/clkout1_buf/O
    X2Y3 (CLOCK_ROOT)    net (fo=9800, routed)        2.900     3.364    rf_bd/mts_i/usp_rf_data_converter_0/inst/mts_usp_rf_data_converter_0_0_rf_wrapper_i/s0_axis_aclk
    RFDAC_X0Y0           RFDAC                                        r  rf_bd/mts_i/usp_rf_data_converter_0/inst/mts_usp_rf_data_converter_0_0_rf_wrapper_i/tx0_u_dac/FABRIC_CLK
                         clock pessimism             -0.013     3.351    
    RFDAC_X0Y0           RFDAC (Hold_RFDAC_FABRIC_CLK_DATA_DAC0[30])
                                                      0.123     3.474    rf_bd/mts_i/usp_rf_data_converter_0/inst/mts_usp_rf_data_converter_0_0_rf_wrapper_i/tx0_u_dac
  -------------------------------------------------------------------
                         required time                         -3.474    
                         arrival time                           3.486    
  -------------------------------------------------------------------
                         slack                                  0.012    





Pulse Width Checks
--------------------------------------------------------------------------------------
Clock Name:         clk_out1_mts_mmcm_rf_0
Waveform(ns):       { 0.000 2.000 }
Period(ns):         4.000
Sources:            { rf_bd/mts_i/mmcm_rf/inst/mmcme4_adv_inst/CLKOUT0 }

Check Type        Corner  Lib Pin           Reference Pin  Required(ns)  Actual(ns)  Slack(ns)  Location    Pin
Min Period        n/a     RFADC/FABRIC_CLK  n/a            1.626         4.000       2.374      RFADC_X0Y0  rf_bd/mts_i/usp_rf_data_converter_0/inst/mts_usp_rf_data_converter_0_0_rf_wrapper_i/rx0_u_adc/FABRIC_CLK
Low Pulse Width   Slow    RFADC/FABRIC_CLK  n/a            0.650         2.000       1.350      RFADC_X0Y0  rf_bd/mts_i/usp_rf_data_converter_0/inst/mts_usp_rf_data_converter_0_0_rf_wrapper_i/rx0_u_adc/FABRIC_CLK
High Pulse Width  Slow    RFADC/FABRIC_CLK  n/a            0.650         2.000       1.350      RFADC_X0Y0  rf_bd/mts_i/usp_rf_data_converter_0/inst/mts_usp_rf_data_converter_0_0_rf_wrapper_i/rx0_u_adc/FABRIC_CLK



---------------------------------------------------------------------------------------------------
From Clock:  clk_out2_mts_mmcm_rf_0
  To Clock:  clk_out2_mts_mmcm_rf_0

Setup :            0  Failing Endpoints,  Worst Slack        1.625ns,  Total Violation        0.000ns
Hold  :            0  Failing Endpoints,  Worst Slack        0.012ns,  Total Violation        0.000ns
PW    :            0  Failing Endpoints,  Worst Slack        3.300ns,  Total Violation        0.000ns
---------------------------------------------------------------------------------------------------


Max Delay Paths
--------------------------------------------------------------------------------------
Slack (MET) :             1.625ns  (required time - arrival time)
  Source:                 rf_bd/mts_i/rst_cap/U0/ACTIVE_LOW_PR_OUT_DFF[0].FDRE_PER_N_replica/C
                            (rising edge-triggered cell FDRE clocked by clk_out2_mts_mmcm_rf_0  {rise@0.000ns fall@4.000ns period=8.000ns})
  Destination:            rf_bd/mts_i/ctrl_interconnect/m05_couplers/auto_ds/inst/gen_downsizer.gen_simple_downsizer.axi_downsizer_inst/USE_READ.read_data_inst/WORD_LANE[0].S_AXI_RDATA_II_reg[88]/R
                            (rising edge-triggered cell FDRE clocked by clk_out2_mts_mmcm_rf_0  {rise@0.000ns fall@4.000ns period=8.000ns})
  Path Group:             clk_out2_mts_mmcm_rf_0
  Path Type:              Setup (Max at Slow Process Corner)
  Requirement:            8.000ns  (clk_out2_mts_mmcm_rf_0 rise@8.000ns - clk_out2_mts_mmcm_rf_0 rise@0.000ns)
  Data Path Delay:        6.074ns  (logic 0.128ns (2.107%)  route 5.946ns (97.893%))
  Logic Levels:           1  (LUT5=1)
  Clock Path Skew:        -0.169ns (DCD - SCD + CPR)
    Destination Clock Delay (DCD):    2.817ns = ( 10.817 - 8.000 ) 
    Source Clock Delay      (SCD):    3.092ns
    Clock Pessimism Removal (CPR):    0.106ns
  Clock Uncertainty:      0.058ns  ((TSJ^2 + DJ^2)^1/2) / 2 + PE
    Total System Jitter     (TSJ):    0.071ns
    Discrete Jitter          (DJ):    0.093ns
    Phase Error              (PE):    0.000ns
  Clock Net Delay (Source):      2.622ns (routing 1.345ns, distribution 1.277ns)
  Clock Net Delay (Destination): 2.267ns (routing 1.222ns, distribution 1.045ns)

    Location             Delay type                Incr(ns)  Path(ns)    Netlist Resource(s)
  -------------------------------------------------------------------    -------------------
                         (clock clk_out2_mts_mmcm_rf_0 rise edge)
                                                      0.000     0.000 r  
    AN11                                              0.000     0.000 r  PL_CLK_clk_p[0] (IN)
                         net (fo=0)                   0.100     0.100    rf_bd/mts_i/ibufds_pl_clk/U0/USE_IBUFDS.GEN_IBUFDS[0].IBUFDS_I/I
    HPIOBDIFFINBUF_X0Y34 DIFFINBUF (Prop_DIFFINBUF_HPIOBDIFFINBUF_DIFF_IN_P_O)
                                                      0.666     0.766 r  rf_bd/mts_i/ibufds_pl_clk/U0/USE_IBUFDS.GEN_IBUFDS[0].IBUFDS_I/DIFFINBUF_INST/O
                         net (fo=1, routed)           0.050     0.816    rf_bd/mts_i/ibufds_pl_clk/U0/USE_IBUFDS.GEN_IBUFDS[0].IBUFDS_I/OUT
    AN11                 IBUFCTRL (Prop_IBUFCTRL_HPIOB_M_I_O)
                                                      0.000     0.816 r  rf_bd/mts_i/ibufds_pl_clk/U0/USE_IBUFDS.GEN_IBUFDS[0].IBUFDS_I/IBUFCTRL_INST/O
                         net (fo=1, routed)           0.336     1.152    rf_bd/mts_i/bufg_pl_clk/U0/BUFG_I[0]
    BUFGCE_X0Y41         BUFGCE (Prop_BUFCE_BUFGCE_I_O)
                                                      0.028     1.180 r  rf_bd/mts_i/bufg_pl_clk/U0/USE_BUFG.GEN_BUFG[0].BUFG_U/O
                         net (fo=132, routed)         1.895     3.075    rf_bd/mts_i/mmcm_rf/inst/clk_in1
    MMCM_X0Y1            MMCME4_ADV (Prop_MMCM_CLKIN1_CLKOUT1)
                                                     -2.884     0.191 r  rf_bd/mts_i/mmcm_rf/inst/mmcme4_adv_inst/CLKOUT1
                         net (fo=1, routed)           0.251     0.442    rf_bd/mts_i/mmcm_rf/inst/clk_out2_mts_mmcm_rf_0
    BUFGCE_X0Y39         BUFGCE (Prop_BUFCE_BUFGCE_I_O)
                                                      0.028     0.470 r  rf_bd/mts_i/mmcm_rf/inst/clkout2_buf/O
    X1Y3 (CLOCK_ROOT)    net (fo=33659, routed)       2.622     3.092    rf_bd/mts_i/rst_cap/U0/slowest_sync_clk
    SLICE_X69Y286        FDRE                                         r  rf_bd/mts_i/rst_cap/U0/ACTIVE_LOW_PR_OUT_DFF[0].FDRE_PER_N_replica/C
  -------------------------------------------------------------------    -------------------
    SLICE_X69Y286        FDRE (Prop_HFF2_SLICEM_C_Q)
                                                      0.078     3.170 f  rf_bd/mts_i/rst_cap/U0/ACTIVE_LOW_PR_OUT_DFF[0].FDRE_PER_N_replica/Q
                         net (fo=126, routed)         3.293     6.463    rf_bd/mts_i/ctrl_interconnect/m05_couplers/auto_ds/inst/gen_downsizer.gen_simple_downsizer.axi_downsizer_inst/USE_READ.read_addr_inst/cmd_queue/inst/peripheral_aresetn[0]_bufg_place_replica
    SLICE_X22Y321        LUT5 (Prop_D6LUT_SLICEL_I4_O)
                                                      0.050     6.513 r  rf_bd/mts_i/ctrl_interconnect/m05_couplers/auto_ds/inst/gen_downsizer.gen_simple_downsizer.axi_downsizer_inst/USE_READ.read_addr_inst/cmd_queue/inst/WORD_LANE[0].S_AXI_RDATA_II[255]_i_1/O
                         net (fo=512, routed)         2.653     9.166    rf_bd/mts_i/ctrl_interconnect/m05_couplers/auto_ds/inst/gen_downsizer.gen_simple_downsizer.axi_downsizer_inst/USE_READ.read_data_inst/WORD_LANE[1].S_AXI_RDATA_II_reg[256]_0[0]
    SLICE_X56Y292        FDRE                                         r  rf_bd/mts_i/ctrl_interconnect/m05_couplers/auto_ds/inst/gen_downsizer.gen_simple_downsizer.axi_downsizer_inst/USE_READ.read_data_inst/WORD_LANE[0].S_AXI_RDATA_II_reg[88]/R
  -------------------------------------------------------------------    -------------------

                         (clock clk_out2_mts_mmcm_rf_0 rise edge)
                                                      8.000     8.000 r  
    AN11                                              0.000     8.000 r  PL_CLK_clk_p[0] (IN)
                         net (fo=0)                   0.079     8.079    rf_bd/mts_i/ibufds_pl_clk/U0/USE_IBUFDS.GEN_IBUFDS[0].IBUFDS_I/I
    HPIOBDIFFINBUF_X0Y34 DIFFINBUF (Prop_DIFFINBUF_HPIOBDIFFINBUF_DIFF_IN_P_O)
                                                      0.556     8.635 r  rf_bd/mts_i/ibufds_pl_clk/U0/USE_IBUFDS.GEN_IBUFDS[0].IBUFDS_I/DIFFINBUF_INST/O
                         net (fo=1, routed)           0.040     8.675    rf_bd/mts_i/ibufds_pl_clk/U0/USE_IBUFDS.GEN_IBUFDS[0].IBUFDS_I/OUT
    AN11                 IBUFCTRL (Prop_IBUFCTRL_HPIOB_M_I_O)
                                                      0.000     8.675 r  rf_bd/mts_i/ibufds_pl_clk/U0/USE_IBUFDS.GEN_IBUFDS[0].IBUFDS_I/IBUFCTRL_INST/O
                         net (fo=1, routed)           0.301     8.976    rf_bd/mts_i/bufg_pl_clk/U0/BUFG_I[0]
    BUFGCE_X0Y41         BUFGCE (Prop_BUFCE_BUFGCE_I_O)
                                                      0.024     9.000 r  rf_bd/mts_i/bufg_pl_clk/U0/USE_BUFG.GEN_BUFG[0].BUFG_U/O
                         net (fo=132, routed)         1.704    10.704    rf_bd/mts_i/mmcm_rf/inst/clk_in1
    MMCM_X0Y1            MMCME4_ADV (Prop_MMCM_CLKIN1_CLKOUT1)
                                                     -2.397     8.307 r  rf_bd/mts_i/mmcm_rf/inst/mmcme4_adv_inst/CLKOUT1
                         net (fo=1, routed)           0.220     8.527    rf_bd/mts_i/mmcm_rf/inst/clk_out2_mts_mmcm_rf_0
    BUFGCE_X0Y39         BUFGCE (Prop_BUFCE_BUFGCE_I_O)
                                                      0.024     8.551 r  rf_bd/mts_i/mmcm_rf/inst/clkout2_buf/O
    X1Y3 (CLOCK_ROOT)    net (fo=33659, routed)       2.267    10.817    rf_bd/mts_i/ctrl_interconnect/m05_couplers/auto_ds/inst/gen_downsizer.gen_simple_downsizer.axi_downsizer_inst/USE_READ.read_data_inst/CLK
    SLICE_X56Y292        FDRE                                         r  rf_bd/mts_i/ctrl_interconnect/m05_couplers/auto_ds/inst/gen_downsizer.gen_simple_downsizer.axi_downsizer_inst/USE_READ.read_data_inst/WORD_LANE[0].S_AXI_RDATA_II_reg[88]/C
                         clock pessimism              0.106    10.923    
                         clock uncertainty           -0.058    10.865    
    SLICE_X56Y292        FDRE (Setup_EFF_SLICEM_C_R)
                                                     -0.074    10.791    rf_bd/mts_i/ctrl_interconnect/m05_couplers/auto_ds/inst/gen_downsizer.gen_simple_downsizer.axi_downsizer_inst/USE_READ.read_data_inst/WORD_LANE[0].S_AXI_RDATA_II_reg[88]
  -------------------------------------------------------------------
                         required time                         10.791    
                         arrival time                          -9.166    
  -------------------------------------------------------------------
                         slack                                  1.625    





Min Delay Paths
--------------------------------------------------------------------------------------
Slack (MET) :             0.012ns  (arrival time - required time)
  Source:                 rf_bd/mts_i/cap2_writer/inst/bram_wdata_reg[146]/C
                            (rising edge-triggered cell FDRE clocked by clk_out2_mts_mmcm_rf_0  {rise@0.000ns fall@4.000ns period=8.000ns})
  Destination:            rf_bd/mts_i/cap2_mem/U0/inst_blk_mem_gen/gnuram_with_32bit_addr.uram_tdp.xpm_memory_tdpram_inst/xpm_memory_base_inst/gen_wr_a.gen_byte_narrow.for_mem_cols[1].mem_reg_uram_2/DIN_B[2]
                            (rising edge-triggered cell URAM288 clocked by clk_out2_mts_mmcm_rf_0  {rise@0.000ns fall@4.000ns period=8.000ns})
  Path Group:             clk_out2_mts_mmcm_rf_0
  Path Type:              Hold (Min at Slow Process Corner)
  Requirement:            0.000ns  (clk_out2_mts_mmcm_rf_0 rise@0.000ns - clk_out2_mts_mmcm_rf_0 rise@0.000ns)
  Data Path Delay:        0.200ns  (logic 0.060ns (30.000%)  route 0.140ns (70.000%))
  Logic Levels:           0  
  Clock Path Skew:        0.247ns (DCD - SCD - CPR)
    Destination Clock Delay (DCD):    3.054ns
    Source Clock Delay      (SCD):    2.705ns
    Clock Pessimism Removal (CPR):    0.102ns
  Clock Net Delay (Source):      2.154ns (routing 1.222ns, distribution 0.932ns)
  Clock Net Delay (Destination): 2.584ns (routing 1.345ns, distribution 1.239ns)

    Location             Delay type                Incr(ns)  Path(ns)    Netlist Resource(s)
  -------------------------------------------------------------------    -------------------
                         (clock clk_out2_mts_mmcm_rf_0 rise edge)
                                                      0.000     0.000 r  
    AN11                                              0.000     0.000 r  PL_CLK_clk_p[0] (IN)
                         net (fo=0)                   0.079     0.079    rf_bd/mts_i/ibufds_pl_clk/U0/USE_IBUFDS.GEN_IBUFDS[0].IBUFDS_I/I
    HPIOBDIFFINBUF_X0Y34 DIFFINBUF (Prop_DIFFINBUF_HPIOBDIFFINBUF_DIFF_IN_P_O)
                                                      0.556     0.635 r  rf_bd/mts_i/ibufds_pl_clk/U0/USE_IBUFDS.GEN_IBUFDS[0].IBUFDS_I/DIFFINBUF_INST/O
                         net (fo=1, routed)           0.040     0.675    rf_bd/mts_i/ibufds_pl_clk/U0/USE_IBUFDS.GEN_IBUFDS[0].IBUFDS_I/OUT
    AN11                 IBUFCTRL (Prop_IBUFCTRL_HPIOB_M_I_O)
                                                      0.000     0.675 r  rf_bd/mts_i/ibufds_pl_clk/U0/USE_IBUFDS.GEN_IBUFDS[0].IBUFDS_I/IBUFCTRL_INST/O
                         net (fo=1, routed)           0.301     0.976    rf_bd/mts_i/bufg_pl_clk/U0/BUFG_I[0]
    BUFGCE_X0Y41         BUFGCE (Prop_BUFCE_BUFGCE_I_O)
                                                      0.024     1.000 r  rf_bd/mts_i/bufg_pl_clk/U0/USE_BUFG.GEN_BUFG[0].BUFG_U/O
                         net (fo=132, routed)         1.704     2.704    rf_bd/mts_i/mmcm_rf/inst/clk_in1
    MMCM_X0Y1            MMCME4_ADV (Prop_MMCM_CLKIN1_CLKOUT1)
                                                     -2.397     0.307 r  rf_bd/mts_i/mmcm_rf/inst/mmcme4_adv_inst/CLKOUT1
                         net (fo=1, routed)           0.220     0.527    rf_bd/mts_i/mmcm_rf/inst/clk_out2_mts_mmcm_rf_0
    BUFGCE_X0Y39         BUFGCE (Prop_BUFCE_BUFGCE_I_O)
                                                      0.024     0.551 r  rf_bd/mts_i/mmcm_rf/inst/clkout2_buf/O
    X1Y3 (CLOCK_ROOT)    net (fo=33659, routed)       2.154     2.705    rf_bd/mts_i/cap2_writer/inst/axis_clk
    SLICE_X22Y301        FDRE                                         r  rf_bd/mts_i/cap2_writer/inst/bram_wdata_reg[146]/C
  -------------------------------------------------------------------    -------------------
    SLICE_X22Y301        FDRE (Prop_EFF2_SLICEL_C_Q)
                                                      0.060     2.765 r  rf_bd/mts_i/cap2_writer/inst/bram_wdata_reg[146]/Q
                         net (fo=1, routed)           0.140     2.905    rf_bd/mts_i/cap2_mem/U0/inst_blk_mem_gen/gnuram_with_32bit_addr.uram_tdp.xpm_memory_tdpram_inst/xpm_memory_base_inst/dinb[146]
    URAM288_X0Y32        URAM288                                      r  rf_bd/mts_i/cap2_mem/U0/inst_blk_mem_gen/gnuram_with_32bit_addr.uram_tdp.xpm_memory_tdpram_inst/xpm_memory_base_inst/gen_wr_a.gen_byte_narrow.for_mem_cols[1].mem_reg_uram_2/DIN_B[2]
  -------------------------------------------------------------------    -------------------

                         (clock clk_out2_mts_mmcm_rf_0 rise edge)
                                                      0.000     0.000 r  
    AN11                                              0.000     0.000 r  PL_CLK_clk_p[0] (IN)
                         net (fo=0)                   0.100     0.100    rf_bd/mts_i/ibufds_pl_clk/U0/USE_IBUFDS.GEN_IBUFDS[0].IBUFDS_I/I
    HPIOBDIFFINBUF_X0Y34 DIFFINBUF (Prop_DIFFINBUF_HPIOBDIFFINBUF_DIFF_IN_P_O)
                                                      0.666     0.766 r  rf_bd/mts_i/ibufds_pl_clk/U0/USE_IBUFDS.GEN_IBUFDS[0].IBUFDS_I/DIFFINBUF_INST/O
                         net (fo=1, routed)           0.050     0.816    rf_bd/mts_i/ibufds_pl_clk/U0/USE_IBUFDS.GEN_IBUFDS[0].IBUFDS_I/OUT
    AN11                 IBUFCTRL (Prop_IBUFCTRL_HPIOB_M_I_O)
                                                      0.000     0.816 r  rf_bd/mts_i/ibufds_pl_clk/U0/USE_IBUFDS.GEN_IBUFDS[0].IBUFDS_I/IBUFCTRL_INST/O
                         net (fo=1, routed)           0.336     1.152    rf_bd/mts_i/bufg_pl_clk/U0/BUFG_I[0]
    BUFGCE_X0Y41         BUFGCE (Prop_BUFCE_BUFGCE_I_O)
                                                      0.028     1.180 r  rf_bd/mts_i/bufg_pl_clk/U0/USE_BUFG.GEN_BUFG[0].BUFG_U/O
                         net (fo=132, routed)         1.895     3.075    rf_bd/mts_i/mmcm_rf/inst/clk_in1
    MMCM_X0Y1            MMCME4_ADV (Prop_MMCM_CLKIN1_CLKOUT1)
                                                     -2.884     0.191 r  rf_bd/mts_i/mmcm_rf/inst/mmcme4_adv_inst/CLKOUT1
                         net (fo=1, routed)           0.251     0.442    rf_bd/mts_i/mmcm_rf/inst/clk_out2_mts_mmcm_rf_0
    BUFGCE_X0Y39         BUFGCE (Prop_BUFCE_BUFGCE_I_O)
                                                      0.028     0.470 r  rf_bd/mts_i/mmcm_rf/inst/clkout2_buf/O
    X1Y3 (CLOCK_ROOT)    net (fo=33659, routed)       2.584     3.054    rf_bd/mts_i/cap2_mem/U0/inst_blk_mem_gen/gnuram_with_32bit_addr.uram_tdp.xpm_memory_tdpram_inst/xpm_memory_base_inst/clka
    URAM288_X0Y32        URAM288                                      r  rf_bd/mts_i/cap2_mem/U0/inst_blk_mem_gen/gnuram_with_32bit_addr.uram_tdp.xpm_memory_tdpram_inst/xpm_memory_base_inst/gen_wr_a.gen_byte_narrow.for_mem_cols[1].mem_reg_uram_2/CLK
                         clock pessimism             -0.102     2.952    
    URAM288_X0Y32        URAM288 (Hold_URAM_288K_INST_URAM288_CLK_DIN_B[2])
                                                     -0.059     2.893    rf_bd/mts_i/cap2_mem/U0/inst_blk_mem_gen/gnuram_with_32bit_addr.uram_tdp.xpm_memory_tdpram_inst/xpm_memory_base_inst/gen_wr_a.gen_byte_narrow.for_mem_cols[1].mem_reg_uram_2
  -------------------------------------------------------------------
                         required time                         -2.893    
                         arrival time                           2.905    
  -------------------------------------------------------------------
                         slack                                  0.012    





Pulse Width Checks
--------------------------------------------------------------------------------------
Clock Name:         clk_out2_mts_mmcm_rf_0
Waveform(ns):       { 0.000 4.000 }
Period(ns):         8.000
Sources:            { rf_bd/mts_i/mmcm_rf/inst/mmcme4_adv_inst/CLKOUT1 }

Check Type        Corner  Lib Pin      Reference Pin  Required(ns)  Actual(ns)  Slack(ns)  Location       Pin
Min Period        n/a     URAM288/CLK  n/a            1.666         8.000       6.334      URAM288_X0Y25  rf_bd/mts_i/cap0_mem/U0/inst_blk_mem_gen/gnuram_with_32bit_addr.uram_tdp.xpm_memory_tdpram_inst/xpm_memory_base_inst/gen_wr_a.gen_byte_narrow.for_mem_cols[1].mem_reg_uram_0/CLK
Low Pulse Width   Slow    URAM288/CLK  n/a            0.700         4.000       3.300      URAM288_X0Y25  rf_bd/mts_i/cap0_mem/U0/inst_blk_mem_gen/gnuram_with_32bit_addr.uram_tdp.xpm_memory_tdpram_inst/xpm_memory_base_inst/gen_wr_a.gen_byte_narrow.for_mem_cols[1].mem_reg_uram_0/CLK
High Pulse Width  Slow    URAM288/CLK  n/a            0.700         4.000       3.300      URAM288_X0Y25  rf_bd/mts_i/cap0_mem/U0/inst_blk_mem_gen/gnuram_with_32bit_addr.uram_tdp.xpm_memory_tdpram_inst/xpm_memory_base_inst/gen_wr_a.gen_byte_narrow.for_mem_cols[1].mem_reg_uram_0/CLK



---------------------------------------------------------------------------------------------------
From Clock:  clkfbout_mts_mmcm_rf_0
  To Clock:  clkfbout_mts_mmcm_rf_0

Setup :           NA  Failing Endpoints,  Worst Slack           NA  ,  Total Violation           NA
Hold  :           NA  Failing Endpoints,  Worst Slack           NA  ,  Total Violation           NA
PW    :            0  Failing Endpoints,  Worst Slack        0.710ns,  Total Violation        0.000ns
---------------------------------------------------------------------------------------------------


Pulse Width Checks
--------------------------------------------------------------------------------------
Clock Name:         clkfbout_mts_mmcm_rf_0
Waveform(ns):       { 0.000 1.000 }
Period(ns):         2.000
Sources:            { rf_bd/mts_i/mmcm_rf/inst/mmcme4_adv_inst/CLKFBOUT }

Check Type  Corner  Lib Pin             Reference Pin  Required(ns)  Actual(ns)  Slack(ns)  Location      Pin
Min Period  n/a     BUFGCE/I            n/a            1.290         2.000       0.710      BUFGCE_X0Y37  rf_bd/mts_i/mmcm_rf/inst/clkf_buf/I
Max Period  n/a     MMCME4_ADV/CLKFBIN  n/a            100.000       2.000       98.000     MMCM_X0Y1     rf_bd/mts_i/mmcm_rf/inst/mmcme4_adv_inst/CLKFBIN



---------------------------------------------------------------------------------------------------
From Clock:  c0_sys_clk_p
  To Clock:  c0_sys_clk_p

Setup :            0  Failing Endpoints,  Worst Slack        3.646ns,  Total Violation        0.000ns
Hold  :            0  Failing Endpoints,  Worst Slack        0.061ns,  Total Violation        0.000ns
PW    :            0  Failing Endpoints,  Worst Slack        0.750ns,  Total Violation        0.000ns
---------------------------------------------------------------------------------------------------


Max Delay Paths
--------------------------------------------------------------------------------------
Slack (MET) :             3.646ns  (required time - arrival time)
  Source:                 ddr_inst/inst/u_ddr4_infrastructure/rst_input_sync_r_reg[3]/C
                            (rising edge-triggered cell FDRE clocked by c0_sys_clk_p  {rise@0.000ns fall@2.499ns period=4.998ns})
  Destination:            ddr_inst/inst/u_ddr4_infrastructure/counter_input_rst_reg[0]/R
                            (rising edge-triggered cell FDRE clocked by c0_sys_clk_p  {rise@0.000ns fall@2.499ns period=4.998ns})
  Path Group:             c0_sys_clk_p
  Path Type:              Setup (Max at Slow Process Corner)
  Requirement:            4.998ns  (c0_sys_clk_p rise@4.998ns - c0_sys_clk_p rise@0.000ns)
  Data Path Delay:        1.115ns  (logic 0.204ns (18.302%)  route 0.911ns (81.698%))
  Logic Levels:           1  (LUT5=1)
  Clock Path Skew:        -0.128ns (DCD - SCD + CPR)
    Destination Clock Delay (DCD):    2.287ns = ( 7.285 - 4.998 ) 
    Source Clock Delay      (SCD):    2.692ns
    Clock Pessimism Removal (CPR):    0.277ns
  Clock Uncertainty:      0.035ns  ((TSJ^2 + TIJ^2)^1/2 + DJ) / 2 + PE
    Total System Jitter     (TSJ):    0.071ns
    Total Input Jitter      (TIJ):    0.000ns
    Discrete Jitter          (DJ):    0.000ns
    Phase Error              (PE):    0.000ns
  Clock Net Delay (Source):      1.642ns (routing 0.795ns, distribution 0.847ns)
  Clock Net Delay (Destination): 1.406ns (routing 0.722ns, distribution 0.684ns)

    Location             Delay type                Incr(ns)  Path(ns)    Netlist Resource(s)
  -------------------------------------------------------------------    -------------------
                         (clock c0_sys_clk_p rise edge)
                                                      0.000     0.000 r  
    G13                                               0.000     0.000 r  c0_sys_clk_p (IN)
                         net (fo=0)                   0.100     0.100    ddr_inst/inst/u_ddr4_mem_intfc/u_mig_ddr4_phy/inst/u_ddr4_phy_pll/diff_input_clk.u_ibufg_sys_clk/I
    HPIOBDIFFINBUF_X0Y108
                         DIFFINBUF (Prop_DIFFINBUF_HPIOBDIFFINBUF_DIFF_IN_P_O)
                                                      0.549     0.649 r  ddr_inst/inst/u_ddr4_mem_intfc/u_mig_ddr4_phy/inst/u_ddr4_phy_pll/diff_input_clk.u_ibufg_sys_clk/DIFFINBUF_INST/O
                         net (fo=1, routed)           0.050     0.699    ddr_inst/inst/u_ddr4_mem_intfc/u_mig_ddr4_phy/inst/u_ddr4_phy_pll/diff_input_clk.u_ibufg_sys_clk/OUT
    G13                  IBUFCTRL (Prop_IBUFCTRL_HPIOB_M_I_O)
                                                      0.000     0.699 r  ddr_inst/inst/u_ddr4_mem_intfc/u_mig_ddr4_phy/inst/u_ddr4_phy_pll/diff_input_clk.u_ibufg_sys_clk/IBUFCTRL_INST/O
                         net (fo=2, routed)           0.323     1.022    ddr_inst/inst/u_ddr4_infrastructure/sys_clk_in
    BUFGCE_X0Y117        BUFGCE (Prop_BUFCE_BUFGCE_I_O)
                                                      0.028     1.050 r  ddr_inst/inst/u_ddr4_infrastructure/u_bufg_inst/O
    X4Y3 (CLOCK_ROOT)    net (fo=17, routed)          1.642     2.692    ddr_inst/inst/u_ddr4_infrastructure/sys_clk_in_bufg
    SLICE_X81Y181        FDRE                                         r  ddr_inst/inst/u_ddr4_infrastructure/rst_input_sync_r_reg[3]/C
  -------------------------------------------------------------------    -------------------
    SLICE_X81Y181        FDRE (Prop_DFF2_SLICEL_C_Q)
                                                      0.081     2.773 r  ddr_inst/inst/u_ddr4_infrastructure/rst_input_sync_r_reg[3]/Q
                         net (fo=4, routed)           0.644     3.417    ddr_inst/inst/u_ddr4_infrastructure/rst_input_sync_r[3]
    SLICE_X93Y217        LUT5 (Prop_G6LUT_SLICEM_I0_O)
                                                      0.123     3.540 r  ddr_inst/inst/u_ddr4_infrastructure/counter_input_rst[6]_i_1/O
                         net (fo=4, routed)           0.266     3.807    ddr_inst/inst/u_ddr4_infrastructure/counter_input_rst[6]_i_1_n_0
    SLICE_X93Y217        FDRE                                         r  ddr_inst/inst/u_ddr4_infrastructure/counter_input_rst_reg[0]/R
  -------------------------------------------------------------------    -------------------

                         (clock c0_sys_clk_p rise edge)
                                                      4.998     4.998 r  
    G13                                               0.000     4.998 r  c0_sys_clk_p (IN)
                         net (fo=0)                   0.079     5.077    ddr_inst/inst/u_ddr4_mem_intfc/u_mig_ddr4_phy/inst/u_ddr4_phy_pll/diff_input_clk.u_ibufg_sys_clk/I
    HPIOBDIFFINBUF_X0Y108
                         DIFFINBUF (Prop_DIFFINBUF_HPIOBDIFFINBUF_DIFF_IN_P_O)
                                                      0.453     5.530 r  ddr_inst/inst/u_ddr4_mem_intfc/u_mig_ddr4_phy/inst/u_ddr4_phy_pll/diff_input_clk.u_ibufg_sys_clk/DIFFINBUF_INST/O
                         net (fo=1, routed)           0.040     5.570    ddr_inst/inst/u_ddr4_mem_intfc/u_mig_ddr4_phy/inst/u_ddr4_phy_pll/diff_input_clk.u_ibufg_sys_clk/OUT
    G13                  IBUFCTRL (Prop_IBUFCTRL_HPIOB_M_I_O)
                                                      0.000     5.570 r  ddr_inst/inst/u_ddr4_mem_intfc/u_mig_ddr4_phy/inst/u_ddr4_phy_pll/diff_input_clk.u_ibufg_sys_clk/IBUFCTRL_INST/O
                         net (fo=2, routed)           0.286     5.856    ddr_inst/inst/u_ddr4_infrastructure/sys_clk_in
    BUFGCE_X0Y117        BUFGCE (Prop_BUFCE_BUFGCE_I_O)
                                                      0.024     5.880 r  ddr_inst/inst/u_ddr4_infrastructure/u_bufg_inst/O
    X4Y3 (CLOCK_ROOT)    net (fo=17, routed)          1.406     7.285    ddr_inst/inst/u_ddr4_infrastructure/sys_clk_in_bufg
    SLICE_X93Y217        FDRE                                         r  ddr_inst/inst/u_ddr4_infrastructure/counter_input_rst_reg[0]/C
                         clock pessimism              0.277     7.562    
                         clock uncertainty           -0.035     7.527    
    SLICE_X93Y217        FDRE (Setup_BFF2_SLICEM_C_R)
                                                     -0.074     7.453    ddr_inst/inst/u_ddr4_infrastructure/counter_input_rst_reg[0]
  -------------------------------------------------------------------
                         required time                          7.453    
                         arrival time                          -3.807    
  -------------------------------------------------------------------
                         slack                                  3.646    





Min Delay Paths
--------------------------------------------------------------------------------------
Slack (MET) :             0.061ns  (arrival time - required time)
  Source:                 ddr_inst/inst/u_ddr4_infrastructure/counter_input_rst_reg[2]/C
                            (rising edge-triggered cell FDRE clocked by c0_sys_clk_p  {rise@0.000ns fall@2.499ns period=4.998ns})
  Destination:            ddr_inst/inst/u_ddr4_infrastructure/counter_input_rst_reg[3]/D
                            (rising edge-triggered cell FDRE clocked by c0_sys_clk_p  {rise@0.000ns fall@2.499ns period=4.998ns})
  Path Group:             c0_sys_clk_p
  Path Type:              Hold (Min at Fast Process Corner)
  Requirement:            0.000ns  (c0_sys_clk_p rise@0.000ns - c0_sys_clk_p rise@0.000ns)
  Data Path Delay:        0.114ns  (logic 0.076ns (66.657%)  route 0.038ns (33.343%))
  Logic Levels:           1  (LUT4=1)
  Clock Path Skew:        0.006ns (DCD - SCD - CPR)
    Destination Clock Delay (DCD):    1.763ns
    Source Clock Delay      (SCD):    1.472ns
    Clock Pessimism Removal (CPR):    0.285ns
  Clock Net Delay (Source):      0.885ns (routing 0.437ns, distribution 0.448ns)
  Clock Net Delay (Destination): 1.007ns (routing 0.489ns, distribution 0.518ns)

    Location             Delay type                Incr(ns)  Path(ns)    Netlist Resource(s)
  -------------------------------------------------------------------    -------------------
                         (clock c0_sys_clk_p rise edge)
                                                      0.000     0.000 r  
    G13                                               0.000     0.000 r  c0_sys_clk_p (IN)
                         net (fo=0)                   0.079     0.079    ddr_inst/inst/u_ddr4_mem_intfc/u_mig_ddr4_phy/inst/u_ddr4_phy_pll/diff_input_clk.u_ibufg_sys_clk/I
    HPIOBDIFFINBUF_X0Y108
                         DIFFINBUF (Prop_DIFFINBUF_HPIOBDIFFINBUF_DIFF_IN_P_O)
                                                      0.308     0.387 r  ddr_inst/inst/u_ddr4_mem_intfc/u_mig_ddr4_phy/inst/u_ddr4_phy_pll/diff_input_clk.u_ibufg_sys_clk/DIFFINBUF_INST/O
                         net (fo=1, routed)           0.040     0.427    ddr_inst/inst/u_ddr4_mem_intfc/u_mig_ddr4_phy/inst/u_ddr4_phy_pll/diff_input_clk.u_ibufg_sys_clk/OUT
    G13                  IBUFCTRL (Prop_IBUFCTRL_HPIOB_M_I_O)
                                                      0.000     0.427 r  ddr_inst/inst/u_ddr4_mem_intfc/u_mig_ddr4_phy/inst/u_ddr4_phy_pll/diff_input_clk.u_ibufg_sys_clk/IBUFCTRL_INST/O
                         net (fo=2, routed)           0.144     0.571    ddr_inst/inst/u_ddr4_infrastructure/sys_clk_in
    BUFGCE_X0Y117        BUFGCE (Prop_BUFCE_BUFGCE_I_O)
                                                      0.017     0.588 r  ddr_inst/inst/u_ddr4_infrastructure/u_bufg_inst/O
    X4Y3 (CLOCK_ROOT)    net (fo=17, routed)          0.885     1.472    ddr_inst/inst/u_ddr4_infrastructure/sys_clk_in_bufg
    SLICE_X93Y217        FDRE                                         r  ddr_inst/inst/u_ddr4_infrastructure/counter_input_rst_reg[2]/C
  -------------------------------------------------------------------    -------------------
    SLICE_X93Y217        FDRE (Prop_DFF_SLICEM_C_Q)
                                                      0.039     1.511 r  ddr_inst/inst/u_ddr4_infrastructure/counter_input_rst_reg[2]/Q
                         net (fo=4, routed)           0.029     1.540    ddr_inst/inst/u_ddr4_infrastructure/counter_input_rst[2]
    SLICE_X93Y217        LUT4 (Prop_D5LUT_SLICEM_I1_O)
                                                      0.037     1.577 r  ddr_inst/inst/u_ddr4_infrastructure/counter_input_rst[3]_i_1/O
                         net (fo=1, routed)           0.009     1.586    ddr_inst/inst/u_ddr4_infrastructure/counter_input_rst0[3]
    SLICE_X93Y217        FDRE                                         r  ddr_inst/inst/u_ddr4_infrastructure/counter_input_rst_reg[3]/D
  -------------------------------------------------------------------    -------------------

                         (clock c0_sys_clk_p rise edge)
                                                      0.000     0.000 r  
    G13                                               0.000     0.000 r  c0_sys_clk_p (IN)
                         net (fo=0)                   0.100     0.100    ddr_inst/inst/u_ddr4_mem_intfc/u_mig_ddr4_phy/inst/u_ddr4_phy_pll/diff_input_clk.u_ibufg_sys_clk/I
    HPIOBDIFFINBUF_X0Y108
                         DIFFINBUF (Prop_DIFFINBUF_HPIOBDIFFINBUF_DIFF_IN_P_O)
                                                      0.406     0.506 r  ddr_inst/inst/u_ddr4_mem_intfc/u_mig_ddr4_phy/inst/u_ddr4_phy_pll/diff_input_clk.u_ibufg_sys_clk/DIFFINBUF_INST/O
                         net (fo=1, routed)           0.050     0.556    ddr_inst/inst/u_ddr4_mem_intfc/u_mig_ddr4_phy/inst/u_ddr4_phy_pll/diff_input_clk.u_ibufg_sys_clk/OUT
    G13                  IBUFCTRL (Prop_IBUFCTRL_HPIOB_M_I_O)
                                                      0.000     0.556 r  ddr_inst/inst/u_ddr4_mem_intfc/u_mig_ddr4_phy/inst/u_ddr4_phy_pll/diff_input_clk.u_ibufg_sys_clk/IBUFCTRL_INST/O
                         net (fo=2, routed)           0.181     0.737    ddr_inst/inst/u_ddr4_infrastructure/sys_clk_in
    BUFGCE_X0Y117        BUFGCE (Prop_BUFCE_BUFGCE_I_O)
                                                      0.019     0.756 r  ddr_inst/inst/u_ddr4_infrastructure/u_bufg_inst/O
    X4Y3 (CLOCK_ROOT)    net (fo=17, routed)          1.007     1.763    ddr_inst/inst/u_ddr4_infrastructure/sys_clk_in_bufg
    SLICE_X93Y217        FDRE                                         r  ddr_inst/inst/u_ddr4_infrastructure/counter_input_rst_reg[3]/C
                         clock pessimism             -0.285     1.478    
    SLICE_X93Y217        FDRE (Hold_DFF2_SLICEM_C_D)
                                                      0.047     1.525    ddr_inst/inst/u_ddr4_infrastructure/counter_input_rst_reg[3]
  -------------------------------------------------------------------
                         required time                         -1.525    
                         arrival time                           1.586    
  -------------------------------------------------------------------
                         slack                                  0.061    





Pulse Width Checks
--------------------------------------------------------------------------------------
Clock Name:         c0_sys_clk_p
Waveform(ns):       { 0.000 2.499 }
Period(ns):         4.998
Sources:            { c0_sys_clk_p }

Check Type        Corner  Lib Pin            Reference Pin  Required(ns)  Actual(ns)  Slack(ns)  Location       Pin
Min Period        n/a     BUFGCE/I           n/a            1.290         4.998       3.708      BUFGCE_X0Y117  ddr_inst/inst/u_ddr4_infrastructure/u_bufg_inst/I
Max Period        n/a     MMCME4_ADV/CLKIN1  n/a            100.000       4.998       95.002     MMCM_X0Y4      ddr_inst/inst/u_ddr4_infrastructure/gen_mmcme4.u_mmcme_adv_inst/CLKIN1
Low Pulse Width   Slow    MMCME4_ADV/CLKIN1  n/a            1.749         2.499       0.750      MMCM_X0Y4      ddr_inst/inst/u_ddr4_infrastructure/gen_mmcme4.u_mmcme_adv_inst/CLKIN1
High Pulse Width  Slow    MMCME4_ADV/CLKIN1  n/a            1.749         2.499       0.750      MMCM_X0Y4      ddr_inst/inst/u_ddr4_infrastructure/gen_mmcme4.u_mmcme_adv_inst/CLKIN1



---------------------------------------------------------------------------------------------------
From Clock:  mmcm_clkout0
  To Clock:  mmcm_clkout0

Setup :            0  Failing Endpoints,  Worst Slack        0.170ns,  Total Violation        0.000ns
Hold  :            0  Failing Endpoints,  Worst Slack        0.011ns,  Total Violation        0.000ns
PW    :            0  Failing Endpoints,  Worst Slack        0.500ns,  Total Violation        0.000ns
---------------------------------------------------------------------------------------------------


Max Delay Paths
--------------------------------------------------------------------------------------
Slack (MET) :             0.170ns  (required time - arrival time)
  Source:                 ddr_inst/inst/u_ddr4_mem_intfc/u_io_write_data_sync/SYNC[4].sync_reg_reg[1]/C
                            (rising edge-triggered cell FDRE clocked by mmcm_clkout0  {rise@0.000ns fall@1.666ns period=3.332ns})
  Destination:            ddr_inst/inst/u_ddr4_mem_intfc/u_ddr_cal_top/u_ddr_cal/u_ddr_cal_addr_decode/cal_DQOut_pre_reg[4]/D
                            (rising edge-triggered cell FDRE clocked by mmcm_clkout0  {rise@0.000ns fall@1.666ns period=3.332ns})
  Path Group:             mmcm_clkout0
  Path Type:              Setup (Max at Slow Process Corner)
  Requirement:            3.332ns  (mmcm_clkout0 rise@3.332ns - mmcm_clkout0 rise@0.000ns)
  Data Path Delay:        2.907ns  (logic 0.081ns (2.786%)  route 2.826ns (97.214%))
  Logic Levels:           0  
  Clock Path Skew:        -0.228ns (DCD - SCD + CPR)
    Destination Clock Delay (DCD):    3.379ns = ( 6.711 - 3.332 ) 
    Source Clock Delay      (SCD):    3.123ns
    Clock Pessimism Removal (CPR):    -0.483ns
  Clock Uncertainty:      0.052ns  ((TSJ^2 + DJ^2)^1/2) / 2 + PE
    Total System Jitter     (TSJ):    0.071ns
    Discrete Jitter          (DJ):    0.077ns
    Phase Error              (PE):    0.000ns
  Clock Net Delay (Source):      1.894ns (routing 0.635ns, distribution 1.259ns)
  Clock Net Delay (Destination): 1.606ns (routing 0.578ns, distribution 1.028ns)

    Location             Delay type                Incr(ns)  Path(ns)    Netlist Resource(s)
  -------------------------------------------------------------------    -------------------
                         (clock mmcm_clkout0 rise edge)
                                                      0.000     0.000 r  
    G13                                               0.000     0.000 r  c0_sys_clk_p (IN)
                         net (fo=0)                   0.100     0.100    ddr_inst/inst/u_ddr4_mem_intfc/u_mig_ddr4_phy/inst/u_ddr4_phy_pll/diff_input_clk.u_ibufg_sys_clk/I
    HPIOBDIFFINBUF_X0Y108
                         DIFFINBUF (Prop_DIFFINBUF_HPIOBDIFFINBUF_DIFF_IN_P_O)
                                                      0.549     0.649 r  ddr_inst/inst/u_ddr4_mem_intfc/u_mig_ddr4_phy/inst/u_ddr4_phy_pll/diff_input_clk.u_ibufg_sys_clk/DIFFINBUF_INST/O
                         net (fo=1, routed)           0.050     0.699    ddr_inst/inst/u_ddr4_mem_intfc/u_mig_ddr4_phy/inst/u_ddr4_phy_pll/diff_input_clk.u_ibufg_sys_clk/OUT
    G13                  IBUFCTRL (Prop_IBUFCTRL_HPIOB_M_I_O)
                                                      0.000     0.699 r  ddr_inst/inst/u_ddr4_mem_intfc/u_mig_ddr4_phy/inst/u_ddr4_phy_pll/diff_input_clk.u_ibufg_sys_clk/IBUFCTRL_INST/O
                         net (fo=2, routed)           0.384     1.083    ddr_inst/inst/u_ddr4_infrastructure/mmcm_clk_in
    MMCM_X0Y4            MMCME4_ADV (Prop_MMCM_CLKIN1_CLKOUT0)
                                                     -0.127     0.956 r  ddr_inst/inst/u_ddr4_infrastructure/gen_mmcme4.u_mmcme_adv_inst/CLKOUT0
                         net (fo=1, routed)           0.245     1.201    ddr_inst/inst/u_ddr4_infrastructure/mmcm_clkout0
    BUFGCE_X0Y118        BUFGCE (Prop_BUFCE_BUFGCE_I_O)
                                                      0.028     1.229 r  ddr_inst/inst/u_ddr4_infrastructure/u_bufg_divClk/O
    X4Y5 (CLOCK_ROOT)    net (fo=50918, routed)       1.894     3.123    ddr_inst/inst/u_ddr4_mem_intfc/u_io_write_data_sync/SYNC[30].sync_reg_reg[1]_0
    SLICE_X81Y185        FDRE                                         r  ddr_inst/inst/u_ddr4_mem_intfc/u_io_write_data_sync/SYNC[4].sync_reg_reg[1]/C
  -------------------------------------------------------------------    -------------------
    SLICE_X81Y185        FDRE (Prop_AFF2_SLICEL_C_Q)
                                                      0.081     3.204 r  ddr_inst/inst/u_ddr4_mem_intfc/u_io_write_data_sync/SYNC[4].sync_reg_reg[1]/Q
                         net (fo=44, routed)          2.826     6.031    ddr_inst/inst/u_ddr4_mem_intfc/u_ddr_cal_top/u_ddr_cal/u_ddr_cal_addr_decode/io_write_data[4]
    SLICE_X93Y316        FDRE                                         r  ddr_inst/inst/u_ddr4_mem_intfc/u_ddr_cal_top/u_ddr_cal/u_ddr_cal_addr_decode/cal_DQOut_pre_reg[4]/D
  -------------------------------------------------------------------    -------------------

                         (clock mmcm_clkout0 rise edge)
                                                      3.332     3.332 r  
    G13                                               0.000     3.332 r  c0_sys_clk_p (IN)
                         net (fo=0)                   0.079     3.411    ddr_inst/inst/u_ddr4_mem_intfc/u_mig_ddr4_phy/inst/u_ddr4_phy_pll/diff_input_clk.u_ibufg_sys_clk/I
    HPIOBDIFFINBUF_X0Y108
                         DIFFINBUF (Prop_DIFFINBUF_HPIOBDIFFINBUF_DIFF_IN_P_O)
                                                      0.453     3.864 r  ddr_inst/inst/u_ddr4_mem_intfc/u_mig_ddr4_phy/inst/u_ddr4_phy_pll/diff_input_clk.u_ibufg_sys_clk/DIFFINBUF_INST/O
                         net (fo=1, routed)           0.040     3.904    ddr_inst/inst/u_ddr4_mem_intfc/u_mig_ddr4_phy/inst/u_ddr4_phy_pll/diff_input_clk.u_ibufg_sys_clk/OUT
    G13                  IBUFCTRL (Prop_IBUFCTRL_HPIOB_M_I_O)
                                                      0.000     3.904 r  ddr_inst/inst/u_ddr4_mem_intfc/u_mig_ddr4_phy/inst/u_ddr4_phy_pll/diff_input_clk.u_ibufg_sys_clk/IBUFCTRL_INST/O
                         net (fo=2, routed)           0.333     4.237    ddr_inst/inst/u_ddr4_infrastructure/mmcm_clk_in
    MMCM_X0Y4            MMCME4_ADV (Prop_MMCM_CLKIN1_CLKOUT0)
                                                      0.630     4.867 r  ddr_inst/inst/u_ddr4_infrastructure/gen_mmcme4.u_mmcme_adv_inst/CLKOUT0
                         net (fo=1, routed)           0.215     5.082    ddr_inst/inst/u_ddr4_infrastructure/mmcm_clkout0
    BUFGCE_X0Y118        BUFGCE (Prop_BUFCE_BUFGCE_I_O)
                                                      0.024     5.106 r  ddr_inst/inst/u_ddr4_infrastructure/u_bufg_divClk/O
    X4Y5 (CLOCK_ROOT)    net (fo=50918, routed)       1.606     6.711    ddr_inst/inst/u_ddr4_mem_intfc/u_ddr_cal_top/u_ddr_cal/u_ddr_cal_addr_decode/odt_shift_reg[0][17]
    SLICE_X93Y316        FDRE                                         r  ddr_inst/inst/u_ddr4_mem_intfc/u_ddr_cal_top/u_ddr_cal/u_ddr_cal_addr_decode/cal_DQOut_pre_reg[4]/C
                         clock pessimism             -0.483     6.228    
                         clock uncertainty           -0.052     6.176    
    SLICE_X93Y316        FDRE (Setup_CFF2_SLICEM_C_D)
                                                      0.025     6.201    ddr_inst/inst/u_ddr4_mem_intfc/u_ddr_cal_top/u_ddr_cal/u_ddr_cal_addr_decode/cal_DQOut_pre_reg[4]
  -------------------------------------------------------------------
                         required time                          6.201    
                         arrival time                          -6.031    
  -------------------------------------------------------------------
                         slack                                  0.170    





Min Delay Paths
--------------------------------------------------------------------------------------
Slack (MET) :             0.011ns  (arrival time - required time)
  Source:                 ddr_inst/inst/u_ddr4_mem_intfc/u_ddr_cal_top/mcal_clb2phy_fifo_rden_reg[48]/C
                            (rising edge-triggered cell FDSE clocked by mmcm_clkout0  {rise@0.000ns fall@1.666ns period=3.332ns})
  Destination:            ddr_inst/inst/u_ddr4_mem_intfc/u_mig_ddr4_phy/inst/generate_block1.u_ddr_xiphy/byte_num[10].xiphy_byte_wrapper.u_xiphy_byte_wrapper/I_BITSLICE_UPPER[3].GEN_RXTX_BITSLICE_EN.u_xiphy_bitslice_upper/xiphy_rxtx_bitslice/FIFO_RD_EN
                            (rising edge-triggered cell RXTX_BITSLICE clocked by mmcm_clkout0  {rise@0.000ns fall@1.666ns period=3.332ns})
  Path Group:             mmcm_clkout0
  Path Type:              Hold (Min at Fast Process Corner)
  Requirement:            0.000ns  (mmcm_clkout0 rise@0.000ns - mmcm_clkout0 rise@0.000ns)
  Data Path Delay:        0.188ns  (logic 0.040ns (21.277%)  route 0.148ns (78.723%))
  Logic Levels:           0  
  Clock Path Skew:        0.145ns (DCD - SCD - CPR)
    Destination Clock Delay (DCD):    1.936ns
    Source Clock Delay      (SCD):    2.029ns
    Clock Pessimism Removal (CPR):    -0.237ns
  Clock Net Delay (Source):      1.014ns (routing 0.349ns, distribution 0.665ns)
  Clock Net Delay (Destination): 1.268ns (routing 0.390ns, distribution 0.878ns)

    Location             Delay type                Incr(ns)  Path(ns)    Netlist Resource(s)
  -------------------------------------------------------------------    -------------------
                         (clock mmcm_clkout0 rise edge)
                                                      0.000     0.000 r  
    G13                                               0.000     0.000 r  c0_sys_clk_p (IN)
                         net (fo=0)                   0.079     0.079    ddr_inst/inst/u_ddr4_mem_intfc/u_mig_ddr4_phy/inst/u_ddr4_phy_pll/diff_input_clk.u_ibufg_sys_clk/I
    HPIOBDIFFINBUF_X0Y108
                         DIFFINBUF (Prop_DIFFINBUF_HPIOBDIFFINBUF_DIFF_IN_P_O)
                                                      0.308     0.387 r  ddr_inst/inst/u_ddr4_mem_intfc/u_mig_ddr4_phy/inst/u_ddr4_phy_pll/diff_input_clk.u_ibufg_sys_clk/DIFFINBUF_INST/O
                         net (fo=1, routed)           0.040     0.427    ddr_inst/inst/u_ddr4_mem_intfc/u_mig_ddr4_phy/inst/u_ddr4_phy_pll/diff_input_clk.u_ibufg_sys_clk/OUT
    G13                  IBUFCTRL (Prop_IBUFCTRL_HPIOB_M_I_O)
                                                      0.000     0.427 r  ddr_inst/inst/u_ddr4_mem_intfc/u_mig_ddr4_phy/inst/u_ddr4_phy_pll/diff_input_clk.u_ibufg_sys_clk/IBUFCTRL_INST/O
                         net (fo=2, routed)           0.196     0.623    ddr_inst/inst/u_ddr4_infrastructure/mmcm_clk_in
    MMCM_X0Y4            MMCME4_ADV (Prop_MMCM_CLKIN1_CLKOUT0)
                                                      0.230     0.853 r  ddr_inst/inst/u_ddr4_infrastructure/gen_mmcme4.u_mmcme_adv_inst/CLKOUT0
                         net (fo=1, routed)           0.146     0.999    ddr_inst/inst/u_ddr4_infrastructure/mmcm_clkout0
    BUFGCE_X0Y118        BUFGCE (Prop_BUFCE_BUFGCE_I_O)
                                                      0.017     1.016 r  ddr_inst/inst/u_ddr4_infrastructure/u_bufg_divClk/O
    X4Y5 (CLOCK_ROOT)    net (fo=50918, routed)       1.014     2.029    ddr_inst/inst/u_ddr4_mem_intfc/u_ddr_cal_top/dReg_reg[10]
    SLICE_X81Y342        FDSE                                         r  ddr_inst/inst/u_ddr4_mem_intfc/u_ddr_cal_top/mcal_clb2phy_fifo_rden_reg[48]/C
  -------------------------------------------------------------------    -------------------
    SLICE_X81Y342        FDSE (Prop_FFF2_SLICEL_C_Q)
                                                      0.040     2.069 r  ddr_inst/inst/u_ddr4_mem_intfc/u_ddr_cal_top/mcal_clb2phy_fifo_rden_reg[48]/Q
                         net (fo=1, routed)           0.148     2.217    ddr_inst/inst/u_ddr4_mem_intfc/u_mig_ddr4_phy/inst/generate_block1.u_ddr_xiphy/byte_num[10].xiphy_byte_wrapper.u_xiphy_byte_wrapper/I_BITSLICE_UPPER[3].GEN_RXTX_BITSLICE_EN.u_xiphy_bitslice_upper/ch0_mcal_clb2phy_fifo_rden[0]
    BITSLICE_RX_TX_X0Y295
                         RXTX_BITSLICE                                r  ddr_inst/inst/u_ddr4_mem_intfc/u_mig_ddr4_phy/inst/generate_block1.u_ddr_xiphy/byte_num[10].xiphy_byte_wrapper.u_xiphy_byte_wrapper/I_BITSLICE_UPPER[3].GEN_RXTX_BITSLICE_EN.u_xiphy_bitslice_upper/xiphy_rxtx_bitslice/FIFO_RD_EN
  -------------------------------------------------------------------    -------------------

                         (clock mmcm_clkout0 rise edge)
                                                      0.000     0.000 r  
    G13                                               0.000     0.000 r  c0_sys_clk_p (IN)
                         net (fo=0)                   0.100     0.100    ddr_inst/inst/u_ddr4_mem_intfc/u_mig_ddr4_phy/inst/u_ddr4_phy_pll/diff_input_clk.u_ibufg_sys_clk/I
    HPIOBDIFFINBUF_X0Y108
                         DIFFINBUF (Prop_DIFFINBUF_HPIOBDIFFINBUF_DIFF_IN_P_O)
                                                      0.406     0.506 r  ddr_inst/inst/u_ddr4_mem_intfc/u_mig_ddr4_phy/inst/u_ddr4_phy_pll/diff_input_clk.u_ibufg_sys_clk/DIFFINBUF_INST/O
                         net (fo=1, routed)           0.050     0.556    ddr_inst/inst/u_ddr4_mem_intfc/u_mig_ddr4_phy/inst/u_ddr4_phy_pll/diff_input_clk.u_ibufg_sys_clk/OUT
    G13                  IBUFCTRL (Prop_IBUFCTRL_HPIOB_M_I_O)
                                                      0.000     0.556 r  ddr_inst/inst/u_ddr4_mem_intfc/u_mig_ddr4_phy/inst/u_ddr4_phy_pll/diff_input_clk.u_ibufg_sys_clk/IBUFCTRL_INST/O
                         net (fo=2, routed)           0.222     0.778    ddr_inst/inst/u_ddr4_infrastructure/mmcm_clk_in
    MMCM_X0Y4            MMCME4_ADV (Prop_MMCM_CLKIN1_CLKOUT0)
                                                     -0.295     0.483 r  ddr_inst/inst/u_ddr4_infrastructure/gen_mmcme4.u_mmcme_adv_inst/CLKOUT0
                         net (fo=1, routed)           0.166     0.649    ddr_inst/inst/u_ddr4_infrastructure/mmcm_clkout0
    BUFGCE_X0Y118        BUFGCE (Prop_BUFCE_BUFGCE_I_O)
                                                      0.019     0.668 r  ddr_inst/inst/u_ddr4_infrastructure/u_bufg_divClk/O
    X4Y5 (CLOCK_ROOT)    net (fo=50918, routed)       1.268     1.936    ddr_inst/inst/u_ddr4_mem_intfc/u_mig_ddr4_phy/inst/generate_block1.u_ddr_xiphy/byte_num[10].xiphy_byte_wrapper.u_xiphy_byte_wrapper/I_BITSLICE_UPPER[3].GEN_RXTX_BITSLICE_EN.u_xiphy_bitslice_upper/div_clk
    BITSLICE_RX_TX_X0Y295
                         RXTX_BITSLICE                                r  ddr_inst/inst/u_ddr4_mem_intfc/u_mig_ddr4_phy/inst/generate_block1.u_ddr_xiphy/byte_num[10].xiphy_byte_wrapper.u_xiphy_byte_wrapper/I_BITSLICE_UPPER[3].GEN_RXTX_BITSLICE_EN.u_xiphy_bitslice_upper/xiphy_rxtx_bitslice/FIFO_RD_CLK
                         clock pessimism              0.237     2.174    
    BITSLICE_RX_TX_X0Y295
                         RXTX_BITSLICE (Hold_RXTX_BITSLICE_BITSLICE_RX_TX_FIFO_RD_CLK_FIFO_RD_EN)
                                                      0.032     2.206    ddr_inst/inst/u_ddr4_mem_intfc/u_mig_ddr4_phy/inst/generate_block1.u_ddr_xiphy/byte_num[10].xiphy_byte_wrapper.u_xiphy_byte_wrapper/I_BITSLICE_UPPER[3].GEN_RXTX_BITSLICE_EN.u_xiphy_bitslice_upper/xiphy_rxtx_bitslice
  -------------------------------------------------------------------
                         required time                         -2.206    
                         arrival time                           2.217    
  -------------------------------------------------------------------
                         slack                                  0.011    





Pulse Width Checks
--------------------------------------------------------------------------------------
Clock Name:         mmcm_clkout0
Waveform(ns):       { 0.000 1.666 }
Period(ns):         3.332
Sources:            { ddr_inst/inst/u_ddr4_infrastructure/gen_mmcme4.u_mmcme_adv_inst/CLKOUT0 }

Check Type        Corner  Lib Pin                    Reference Pin  Required(ns)  Actual(ns)  Slack(ns)  Location               Pin
Min Period        n/a     RXTX_BITSLICE/FIFO_RD_CLK  n/a            1.694         3.332       1.638      BITSLICE_RX_TX_X0Y156  ddr_inst/inst/u_ddr4_mem_intfc/u_mig_ddr4_phy/inst/generate_block1.u_ddr_xiphy/byte_num[0].xiphy_byte_wrapper.u_xiphy_byte_wrapper/I_BITSLICE_LOWER[0].GEN_RXTX_BITSLICE_EN.u_xiphy_bitslice_lower/xiphy_rxtx_bitslice/FIFO_RD_CLK
Max Period        n/a     PLLE4_ADV/CLKIN            n/a            14.286        3.332       10.954     PLL_X0Y7               ddr_inst/inst/u_ddr4_mem_intfc/u_mig_ddr4_phy/inst/u_ddr4_phy_pll/plle_loop[0].gen_plle4.PLLE4_BASE_INST_OTHER/CLKIN
Low Pulse Width   Slow    PLLE4_ADV/CLKIN            n/a            1.166         1.666       0.500      PLL_X0Y7               ddr_inst/inst/u_ddr4_mem_intfc/u_mig_ddr4_phy/inst/u_ddr4_phy_pll/plle_loop[0].gen_plle4.PLLE4_BASE_INST_OTHER/CLKIN
High Pulse Width  Slow    PLLE4_ADV/CLKIN            n/a            1.166         1.666       0.500      PLL_X0Y7               ddr_inst/inst/u_ddr4_mem_intfc/u_mig_ddr4_phy/inst/u_ddr4_phy_pll/plle_loop[0].gen_plle4.PLLE4_BASE_INST_OTHER/CLKIN



---------------------------------------------------------------------------------------------------
From Clock:  pll_clk[0]
  To Clock:  pll_clk[0]

Setup :           NA  Failing Endpoints,  Worst Slack           NA  ,  Total Violation           NA
Hold  :           NA  Failing Endpoints,  Worst Slack           NA  ,  Total Violation           NA
PW    :            0  Failing Endpoints,  Worst Slack        0.039ns,  Total Violation        0.000ns
---------------------------------------------------------------------------------------------------


Pulse Width Checks
--------------------------------------------------------------------------------------
Clock Name:         pll_clk[0]
Waveform(ns):       { 0.000 0.208 }
Period(ns):         0.417
Sources:            { ddr_inst/inst/u_ddr4_mem_intfc/u_mig_ddr4_phy/inst/u_ddr4_phy_pll/plle_loop[0].gen_plle4.PLLE4_BASE_INST_OTHER/CLKOUTPHY }

Check Type        Corner  Lib Pin                   Reference Pin             Required(ns)  Actual(ns)  Slack(ns)  Location                Pin
Min Period        n/a     BITSLICE_CONTROL/PLL_CLK  n/a                       0.375         0.417       0.042      BITSLICE_CONTROL_X0Y24  ddr_inst/inst/u_ddr4_mem_intfc/u_mig_ddr4_phy/inst/generate_block1.u_ddr_xiphy/byte_num[0].xiphy_byte_wrapper.u_xiphy_byte_wrapper/I_CONTROL[0].GEN_I_CONTROL.u_xiphy_control/xiphy_control/PLL_CLK
Low Pulse Width   Slow    BITSLICE_CONTROL/PLL_CLK  n/a                       0.169         0.208       0.039      BITSLICE_CONTROL_X0Y24  ddr_inst/inst/u_ddr4_mem_intfc/u_mig_ddr4_phy/inst/generate_block1.u_ddr_xiphy/byte_num[0].xiphy_byte_wrapper.u_xiphy_byte_wrapper/I_CONTROL[0].GEN_I_CONTROL.u_xiphy_control/xiphy_control/PLL_CLK
High Pulse Width  Slow    BITSLICE_CONTROL/PLL_CLK  n/a                       0.169         0.208       0.039      BITSLICE_CONTROL_X0Y24  ddr_inst/inst/u_ddr4_mem_intfc/u_mig_ddr4_phy/inst/generate_block1.u_ddr_xiphy/byte_num[0].xiphy_byte_wrapper.u_xiphy_byte_wrapper/I_CONTROL[0].GEN_I_CONTROL.u_xiphy_control/xiphy_control/PLL_CLK
Max Skew          Fast    BITSLICE_CONTROL/PLL_CLK  BITSLICE_CONTROL/RIU_CLK  -0.300        -1.391      1.091      BITSLICE_CONTROL_X0Y28  ddr_inst/inst/u_ddr4_mem_intfc/u_mig_ddr4_phy/inst/generate_block1.u_ddr_xiphy/byte_num[2].xiphy_byte_wrapper.u_xiphy_byte_wrapper/I_CONTROL[0].GEN_I_CONTROL.u_xiphy_control/xiphy_control/PLL_CLK



---------------------------------------------------------------------------------------------------
From Clock:  pll_clk[0]_DIV
  To Clock:  pll_clk[0]_DIV

Setup :           NA  Failing Endpoints,  Worst Slack           NA  ,  Total Violation           NA
Hold  :           NA  Failing Endpoints,  Worst Slack           NA  ,  Total Violation           NA
PW    :            0  Failing Endpoints,  Worst Slack        0.466ns,  Total Violation        0.000ns
---------------------------------------------------------------------------------------------------


Pulse Width Checks
--------------------------------------------------------------------------------------
Clock Name:         pll_clk[0]_DIV
Waveform(ns):       { 0.000 1.666 }
Period(ns):         3.332
Sources:            { ddr_inst/inst/u_ddr4_mem_intfc/u_mig_ddr4_phy/inst/generate_block1.u_ddr_xiphy/byte_num[0].xiphy_byte_wrapper.u_xiphy_byte_wrapper/I_CONTROL[0].GEN_I_CONTROL.u_xiphy_control/xiphy_control/RX_DIV4_CLK_Q ddr_inst/inst/u_ddr4_mem_intfc/u_mig_ddr4_phy/inst/generate_block1.u_ddr_xiphy/byte_num[0].xiphy_byte_wrapper.u_xiphy_byte_wrapper/I_CONTROL[0].GEN_I_CONTROL.u_xiphy_control/xiphy_control/TX_DIV4_CLK_Q ddr_inst/inst/u_ddr4_mem_intfc/u_mig_ddr4_phy/inst/generate_block1.u_ddr_xiphy/byte_num[0].xiphy_byte_wrapper.u_xiphy_byte_wrapper/I_CONTROL[1].GEN_I_CONTROL.u_xiphy_control/xiphy_control/RX_DIV4_CLK_Q ddr_inst/inst/u_ddr4_mem_intfc/u_mig_ddr4_phy/inst/generate_block1.u_ddr_xiphy/byte_num[0].xiphy_byte_wrapper.u_xiphy_byte_wrapper/I_CONTROL[1].GEN_I_CONTROL.u_xiphy_control/xiphy_control/TX_DIV4_CLK_Q ddr_inst/inst/u_ddr4_mem_intfc/u_mig_ddr4_phy/inst/generate_block1.u_ddr_xiphy/byte_num[1].xiphy_byte_wrapper.u_xiphy_byte_wrapper/I_CONTROL[0].GEN_I_CONTROL.u_xiphy_control/xiphy_control/RX_DIV4_CLK_Q ddr_inst/inst/u_ddr4_mem_intfc/u_mig_ddr4_phy/inst/generate_block1.u_ddr_xiphy/byte_num[1].xiphy_byte_wrapper.u_xiphy_byte_wrapper/I_CONTROL[0].GEN_I_CONTROL.u_xiphy_control/xiphy_control/TX_DIV4_CLK_Q ddr_inst/inst/u_ddr4_mem_intfc/u_mig_ddr4_phy/inst/generate_block1.u_ddr_xiphy/byte_num[1].xiphy_byte_wrapper.u_xiphy_byte_wrapper/I_CONTROL[1].GEN_I_CONTROL.u_xiphy_control/xiphy_control/RX_DIV4_CLK_Q ddr_inst/inst/u_ddr4_mem_intfc/u_mig_ddr4_phy/inst/generate_block1.u_ddr_xiphy/byte_num[1].xiphy_byte_wrapper.u_xiphy_byte_wrapper/I_CONTROL[1].GEN_I_CONTROL.u_xiphy_control/xiphy_control/TX_DIV4_CLK_Q ddr_inst/inst/u_ddr4_mem_intfc/u_mig_ddr4_phy/inst/generate_block1.u_ddr_xiphy/byte_num[2].xiphy_byte_wrapper.u_xiphy_byte_wrapper/I_CONTROL[0].GEN_I_CONTROL.u_xiphy_control/xiphy_control/RX_DIV4_CLK_Q ddr_inst/inst/u_ddr4_mem_intfc/u_mig_ddr4_phy/inst/generate_block1.u_ddr_xiphy/byte_num[2].xiphy_byte_wrapper.u_xiphy_byte_wrapper/I_CONTROL[0].GEN_I_CONTROL.u_xiphy_control/xiphy_control/TX_DIV4_CLK_Q ddr_inst/inst/u_ddr4_mem_intfc/u_mig_ddr4_phy/inst/generate_block1.u_ddr_xiphy/byte_num[2].xiphy_byte_wrapper.u_xiphy_byte_wrapper/I_CONTROL[1].GEN_I_CONTROL.u_xiphy_control/xiphy_control/RX_DIV4_CLK_Q ddr_inst/inst/u_ddr4_mem_intfc/u_mig_ddr4_phy/inst/generate_block1.u_ddr_xiphy/byte_num[2].xiphy_byte_wrapper.u_xiphy_byte_wrapper/I_CONTROL[1].GEN_I_CONTROL.u_xiphy_control/xiphy_control/TX_DIV4_CLK_Q ddr_inst/inst/u_ddr4_mem_intfc/u_mig_ddr4_phy/inst/generate_block1.u_ddr_xiphy/byte_num[3].xiphy_byte_wrapper.u_xiphy_byte_wrapper/I_CONTROL[0].GEN_I_CONTROL.u_xiphy_control/xiphy_control/RX_DIV4_CLK_Q ddr_inst/inst/u_ddr4_mem_intfc/u_mig_ddr4_phy/inst/generate_block1.u_ddr_xiphy/byte_num[3].xiphy_byte_wrapper.u_xiphy_byte_wrapper/I_CONTROL[0].GEN_I_CONTROL.u_xiphy_control/xiphy_control/TX_DIV4_CLK_Q ddr_inst/inst/u_ddr4_mem_intfc/u_mig_ddr4_phy/inst/generate_block1.u_ddr_xiphy/byte_num[3].xiphy_byte_wrapper.u_xiphy_byte_wrapper/I_CONTROL[1].GEN_I_CONTROL.u_xiphy_control/xiphy_control/RX_DIV4_CLK_Q ddr_inst/inst/u_ddr4_mem_intfc/u_mig_ddr4_phy/inst/generate_block1.u_ddr_xiphy/byte_num[3].xiphy_byte_wrapper.u_xiphy_byte_wrapper/I_CONTROL[1].GEN_I_CONTROL.u_xiphy_control/xiphy_control/TX_DIV4_CLK_Q }

Check Type        Corner  Lib Pin                           Reference Pin  Required(ns)  Actual(ns)  Slack(ns)  Location               Pin
Min Period        n/a     RXTX_BITSLICE/TX_BIT_CTRL_IN[26]  n/a            2.667         3.332       0.665      BITSLICE_RX_TX_X0Y156  ddr_inst/inst/u_ddr4_mem_intfc/u_mig_ddr4_phy/inst/generate_block1.u_ddr_xiphy/byte_num[0].xiphy_byte_wrapper.u_xiphy_byte_wrapper/I_BITSLICE_LOWER[0].GEN_RXTX_BITSLICE_EN.u_xiphy_bitslice_lower/xiphy_rxtx_bitslice/TX_BIT_CTRL_IN[26]
Low Pulse Width   Slow    RXTX_BITSLICE/TX_BIT_CTRL_IN[26]  n/a            1.200         1.666       0.466      BITSLICE_RX_TX_X0Y156  ddr_inst/inst/u_ddr4_mem_intfc/u_mig_ddr4_phy/inst/generate_block1.u_ddr_xiphy/byte_num[0].xiphy_byte_wrapper.u_xiphy_byte_wrapper/I_BITSLICE_LOWER[0].GEN_RXTX_BITSLICE_EN.u_xiphy_bitslice_lower/xiphy_rxtx_bitslice/TX_BIT_CTRL_IN[26]
High Pulse Width  Slow    RXTX_BITSLICE/TX_BIT_CTRL_IN[26]  n/a            1.200         1.666       0.466      BITSLICE_RX_TX_X0Y156  ddr_inst/inst/u_ddr4_mem_intfc/u_mig_ddr4_phy/inst/generate_block1.u_ddr_xiphy/byte_num[0].xiphy_byte_wrapper.u_xiphy_byte_wrapper/I_BITSLICE_LOWER[0].GEN_RXTX_BITSLICE_EN.u_xiphy_bitslice_lower/xiphy_rxtx_bitslice/TX_BIT_CTRL_IN[26]



---------------------------------------------------------------------------------------------------
From Clock:  pll_clk[1]
  To Clock:  pll_clk[1]

Setup :           NA  Failing Endpoints,  Worst Slack           NA  ,  Total Violation           NA
Hold  :           NA  Failing Endpoints,  Worst Slack           NA  ,  Total Violation           NA
PW    :            0  Failing Endpoints,  Worst Slack        0.039ns,  Total Violation        0.000ns
---------------------------------------------------------------------------------------------------


Pulse Width Checks
--------------------------------------------------------------------------------------
Clock Name:         pll_clk[1]
Waveform(ns):       { 0.000 0.208 }
Period(ns):         0.417
Sources:            { ddr_inst/inst/u_ddr4_mem_intfc/u_mig_ddr4_phy/inst/u_ddr4_phy_pll/plle_loop[1].gen_plle4.PLLE4_BASE_INST_OTHER/CLKOUTPHY }

Check Type        Corner  Lib Pin                   Reference Pin  Required(ns)  Actual(ns)  Slack(ns)  Location                Pin
Min Period        n/a     BITSLICE_CONTROL/PLL_CLK  n/a            0.375         0.417       0.042      BITSLICE_CONTROL_X0Y32  ddr_inst/inst/u_ddr4_mem_intfc/u_mig_ddr4_phy/inst/generate_block1.u_ddr_xiphy/byte_num[4].xiphy_byte_wrapper.u_xiphy_byte_wrapper/I_CONTROL[0].GEN_I_CONTROL.u_xiphy_control/xiphy_control/PLL_CLK
Low Pulse Width   Slow    BITSLICE_CONTROL/PLL_CLK  n/a            0.169         0.208       0.039      BITSLICE_CONTROL_X0Y32  ddr_inst/inst/u_ddr4_mem_intfc/u_mig_ddr4_phy/inst/generate_block1.u_ddr_xiphy/byte_num[4].xiphy_byte_wrapper.u_xiphy_byte_wrapper/I_CONTROL[0].GEN_I_CONTROL.u_xiphy_control/xiphy_control/PLL_CLK
High Pulse Width  Slow    BITSLICE_CONTROL/PLL_CLK  n/a            0.169         0.208       0.039      BITSLICE_CONTROL_X0Y32  ddr_inst/inst/u_ddr4_mem_intfc/u_mig_ddr4_phy/inst/generate_block1.u_ddr_xiphy/byte_num[4].xiphy_byte_wrapper.u_xiphy_byte_wrapper/I_CONTROL[0].GEN_I_CONTROL.u_xiphy_control/xiphy_control/PLL_CLK



---------------------------------------------------------------------------------------------------
From Clock:  pll_clk[1]_DIV
  To Clock:  pll_clk[1]_DIV

Setup :           NA  Failing Endpoints,  Worst Slack           NA  ,  Total Violation           NA
Hold  :           NA  Failing Endpoints,  Worst Slack           NA  ,  Total Violation           NA
PW    :            0  Failing Endpoints,  Worst Slack        0.466ns,  Total Violation        0.000ns
---------------------------------------------------------------------------------------------------


Pulse Width Checks
--------------------------------------------------------------------------------------
Clock Name:         pll_clk[1]_DIV
Waveform(ns):       { 0.000 1.666 }
Period(ns):         3.332
Sources:            { ddr_inst/inst/u_ddr4_mem_intfc/u_mig_ddr4_phy/inst/generate_block1.u_ddr_xiphy/byte_num[4].xiphy_byte_wrapper.u_xiphy_byte_wrapper/I_CONTROL[0].GEN_I_CONTROL.u_xiphy_control/xiphy_control/RX_DIV4_CLK_Q ddr_inst/inst/u_ddr4_mem_intfc/u_mig_ddr4_phy/inst/generate_block1.u_ddr_xiphy/byte_num[4].xiphy_byte_wrapper.u_xiphy_byte_wrapper/I_CONTROL[0].GEN_I_CONTROL.u_xiphy_control/xiphy_control/TX_DIV4_CLK_Q ddr_inst/inst/u_ddr4_mem_intfc/u_mig_ddr4_phy/inst/generate_block1.u_ddr_xiphy/byte_num[4].xiphy_byte_wrapper.u_xiphy_byte_wrapper/I_CONTROL[1].GEN_I_CONTROL.u_xiphy_control/xiphy_control/RX_DIV4_CLK_Q ddr_inst/inst/u_ddr4_mem_intfc/u_mig_ddr4_phy/inst/generate_block1.u_ddr_xiphy/byte_num[4].xiphy_byte_wrapper.u_xiphy_byte_wrapper/I_CONTROL[1].GEN_I_CONTROL.u_xiphy_control/xiphy_control/TX_DIV4_CLK_Q ddr_inst/inst/u_ddr4_mem_intfc/u_mig_ddr4_phy/inst/generate_block1.u_ddr_xiphy/byte_num[5].xiphy_byte_wrapper.u_xiphy_byte_wrapper/I_CONTROL[0].GEN_I_CONTROL.u_xiphy_control/xiphy_control/RX_DIV4_CLK_Q ddr_inst/inst/u_ddr4_mem_intfc/u_mig_ddr4_phy/inst/generate_block1.u_ddr_xiphy/byte_num[5].xiphy_byte_wrapper.u_xiphy_byte_wrapper/I_CONTROL[0].GEN_I_CONTROL.u_xiphy_control/xiphy_control/TX_DIV4_CLK_Q ddr_inst/inst/u_ddr4_mem_intfc/u_mig_ddr4_phy/inst/generate_block1.u_ddr_xiphy/byte_num[5].xiphy_byte_wrapper.u_xiphy_byte_wrapper/I_CONTROL[1].GEN_I_CONTROL.u_xiphy_control/xiphy_control/RX_DIV4_CLK_Q ddr_inst/inst/u_ddr4_mem_intfc/u_mig_ddr4_phy/inst/generate_block1.u_ddr_xiphy/byte_num[5].xiphy_byte_wrapper.u_xiphy_byte_wrapper/I_CONTROL[1].GEN_I_CONTROL.u_xiphy_control/xiphy_control/TX_DIV4_CLK_Q ddr_inst/inst/u_ddr4_mem_intfc/u_mig_ddr4_phy/inst/generate_block1.u_ddr_xiphy/byte_num[6].xiphy_byte_wrapper.u_xiphy_byte_wrapper/I_CONTROL[0].GEN_I_CONTROL.u_xiphy_control/xiphy_control/RX_DIV4_CLK_Q ddr_inst/inst/u_ddr4_mem_intfc/u_mig_ddr4_phy/inst/generate_block1.u_ddr_xiphy/byte_num[6].xiphy_byte_wrapper.u_xiphy_byte_wrapper/I_CONTROL[0].GEN_I_CONTROL.u_xiphy_control/xiphy_control/TX_DIV4_CLK_Q ddr_inst/inst/u_ddr4_mem_intfc/u_mig_ddr4_phy/inst/generate_block1.u_ddr_xiphy/byte_num[6].xiphy_byte_wrapper.u_xiphy_byte_wrapper/I_CONTROL[1].GEN_I_CONTROL.u_xiphy_control/xiphy_control/RX_DIV4_CLK_Q ddr_inst/inst/u_ddr4_mem_intfc/u_mig_ddr4_phy/inst/generate_block1.u_ddr_xiphy/byte_num[6].xiphy_byte_wrapper.u_xiphy_byte_wrapper/I_CONTROL[1].GEN_I_CONTROL.u_xiphy_control/xiphy_control/TX_DIV4_CLK_Q ddr_inst/inst/u_ddr4_mem_intfc/u_mig_ddr4_phy/inst/generate_block1.u_ddr_xiphy/byte_num[7].xiphy_byte_wrapper.u_xiphy_byte_wrapper/I_CONTROL[0].GEN_I_CONTROL.u_xiphy_control/xiphy_control/RX_DIV4_CLK_Q ddr_inst/inst/u_ddr4_mem_intfc/u_mig_ddr4_phy/inst/generate_block1.u_ddr_xiphy/byte_num[7].xiphy_byte_wrapper.u_xiphy_byte_wrapper/I_CONTROL[0].GEN_I_CONTROL.u_xiphy_control/xiphy_control/TX_DIV4_CLK_Q ddr_inst/inst/u_ddr4_mem_intfc/u_mig_ddr4_phy/inst/generate_block1.u_ddr_xiphy/byte_num[7].xiphy_byte_wrapper.u_xiphy_byte_wrapper/I_CONTROL[1].GEN_I_CONTROL.u_xiphy_control/xiphy_control/RX_DIV4_CLK_Q ddr_inst/inst/u_ddr4_mem_intfc/u_mig_ddr4_phy/inst/generate_block1.u_ddr_xiphy/byte_num[7].xiphy_byte_wrapper.u_xiphy_byte_wrapper/I_CONTROL[1].GEN_I_CONTROL.u_xiphy_control/xiphy_control/TX_DIV4_CLK_Q }

Check Type        Corner  Lib Pin                           Reference Pin  Required(ns)  Actual(ns)  Slack(ns)  Location               Pin
Min Period        n/a     RXTX_BITSLICE/TX_BIT_CTRL_IN[26]  n/a            2.667         3.332       0.665      BITSLICE_RX_TX_X0Y209  ddr_inst/inst/u_ddr4_mem_intfc/u_mig_ddr4_phy/inst/generate_block1.u_ddr_xiphy/byte_num[4].xiphy_byte_wrapper.u_xiphy_byte_wrapper/I_BITSLICE_LOWER[1].GEN_RXTX_BITSLICE_EN.u_xiphy_bitslice_lower/xiphy_rxtx_bitslice/TX_BIT_CTRL_IN[26]
Low Pulse Width   Slow    RXTX_BITSLICE/TX_BIT_CTRL_IN[26]  n/a            1.200         1.666       0.466      BITSLICE_RX_TX_X0Y209  ddr_inst/inst/u_ddr4_mem_intfc/u_mig_ddr4_phy/inst/generate_block1.u_ddr_xiphy/byte_num[4].xiphy_byte_wrapper.u_xiphy_byte_wrapper/I_BITSLICE_LOWER[1].GEN_RXTX_BITSLICE_EN.u_xiphy_bitslice_lower/xiphy_rxtx_bitslice/TX_BIT_CTRL_IN[26]
High Pulse Width  Slow    RXTX_BITSLICE/TX_BIT_CTRL_IN[26]  n/a            1.200         1.666       0.466      BITSLICE_RX_TX_X0Y209  ddr_inst/inst/u_ddr4_mem_intfc/u_mig_ddr4_phy/inst/generate_block1.u_ddr_xiphy/byte_num[4].xiphy_byte_wrapper.u_xiphy_byte_wrapper/I_BITSLICE_LOWER[1].GEN_RXTX_BITSLICE_EN.u_xiphy_bitslice_lower/xiphy_rxtx_bitslice/TX_BIT_CTRL_IN[26]



---------------------------------------------------------------------------------------------------
From Clock:  pll_clk[2]
  To Clock:  pll_clk[2]

Setup :           NA  Failing Endpoints,  Worst Slack           NA  ,  Total Violation           NA
Hold  :           NA  Failing Endpoints,  Worst Slack           NA  ,  Total Violation           NA
PW    :            0  Failing Endpoints,  Worst Slack        0.039ns,  Total Violation        0.000ns
---------------------------------------------------------------------------------------------------


Pulse Width Checks
--------------------------------------------------------------------------------------
Clock Name:         pll_clk[2]
Waveform(ns):       { 0.000 0.208 }
Period(ns):         0.417
Sources:            { ddr_inst/inst/u_ddr4_mem_intfc/u_mig_ddr4_phy/inst/u_ddr4_phy_pll/plle_loop[2].gen_plle4.PLLE4_BASE_INST_OTHER/CLKOUTPHY }

Check Type        Corner  Lib Pin                   Reference Pin             Required(ns)  Actual(ns)  Slack(ns)  Location                Pin
Min Period        n/a     BITSLICE_CONTROL/PLL_CLK  n/a                       0.375         0.417       0.042      BITSLICE_CONTROL_X0Y44  ddr_inst/inst/u_ddr4_mem_intfc/u_mig_ddr4_phy/inst/generate_block1.u_ddr_xiphy/byte_num[10].xiphy_byte_wrapper.u_xiphy_byte_wrapper/I_CONTROL[0].GEN_I_CONTROL.u_xiphy_control/xiphy_control/PLL_CLK
Low Pulse Width   Slow    BITSLICE_CONTROL/PLL_CLK  n/a                       0.169         0.208       0.039      BITSLICE_CONTROL_X0Y44  ddr_inst/inst/u_ddr4_mem_intfc/u_mig_ddr4_phy/inst/generate_block1.u_ddr_xiphy/byte_num[10].xiphy_byte_wrapper.u_xiphy_byte_wrapper/I_CONTROL[0].GEN_I_CONTROL.u_xiphy_control/xiphy_control/PLL_CLK
High Pulse Width  Slow    BITSLICE_CONTROL/PLL_CLK  n/a                       0.169         0.208       0.039      BITSLICE_CONTROL_X0Y44  ddr_inst/inst/u_ddr4_mem_intfc/u_mig_ddr4_phy/inst/generate_block1.u_ddr_xiphy/byte_num[10].xiphy_byte_wrapper.u_xiphy_byte_wrapper/I_CONTROL[0].GEN_I_CONTROL.u_xiphy_control/xiphy_control/PLL_CLK
Max Skew          Fast    BITSLICE_CONTROL/PLL_CLK  BITSLICE_CONTROL/RIU_CLK  -0.300        -1.403      1.103      BITSLICE_CONTROL_X0Y44  ddr_inst/inst/u_ddr4_mem_intfc/u_mig_ddr4_phy/inst/generate_block1.u_ddr_xiphy/byte_num[10].xiphy_byte_wrapper.u_xiphy_byte_wrapper/I_CONTROL[0].GEN_I_CONTROL.u_xiphy_control/xiphy_control/PLL_CLK



---------------------------------------------------------------------------------------------------
From Clock:  pll_clk[2]_DIV
  To Clock:  pll_clk[2]_DIV

Setup :           NA  Failing Endpoints,  Worst Slack           NA  ,  Total Violation           NA
Hold  :           NA  Failing Endpoints,  Worst Slack           NA  ,  Total Violation           NA
PW    :            0  Failing Endpoints,  Worst Slack        0.466ns,  Total Violation        0.000ns
---------------------------------------------------------------------------------------------------


Pulse Width Checks
--------------------------------------------------------------------------------------
Clock Name:         pll_clk[2]_DIV
Waveform(ns):       { 0.000 1.666 }
Period(ns):         3.332
Sources:            { ddr_inst/inst/u_ddr4_mem_intfc/u_mig_ddr4_phy/inst/generate_block1.u_ddr_xiphy/byte_num[10].xiphy_byte_wrapper.u_xiphy_byte_wrapper/I_CONTROL[0].GEN_I_CONTROL.u_xiphy_control/xiphy_control/RX_DIV4_CLK_Q ddr_inst/inst/u_ddr4_mem_intfc/u_mig_ddr4_phy/inst/generate_block1.u_ddr_xiphy/byte_num[10].xiphy_byte_wrapper.u_xiphy_byte_wrapper/I_CONTROL[0].GEN_I_CONTROL.u_xiphy_control/xiphy_control/TX_DIV4_CLK_Q ddr_inst/inst/u_ddr4_mem_intfc/u_mig_ddr4_phy/inst/generate_block1.u_ddr_xiphy/byte_num[10].xiphy_byte_wrapper.u_xiphy_byte_wrapper/I_CONTROL[1].GEN_I_CONTROL.u_xiphy_control/xiphy_control/RX_DIV4_CLK_Q ddr_inst/inst/u_ddr4_mem_intfc/u_mig_ddr4_phy/inst/generate_block1.u_ddr_xiphy/byte_num[10].xiphy_byte_wrapper.u_xiphy_byte_wrapper/I_CONTROL[1].GEN_I_CONTROL.u_xiphy_control/xiphy_control/TX_DIV4_CLK_Q ddr_inst/inst/u_ddr4_mem_intfc/u_mig_ddr4_phy/inst/generate_block1.u_ddr_xiphy/byte_num[11].xiphy_byte_wrapper.u_xiphy_byte_wrapper/I_CONTROL[0].GEN_I_CONTROL.u_xiphy_control/xiphy_control/RX_DIV4_CLK_Q ddr_inst/inst/u_ddr4_mem_intfc/u_mig_ddr4_phy/inst/generate_block1.u_ddr_xiphy/byte_num[11].xiphy_byte_wrapper.u_xiphy_byte_wrapper/I_CONTROL[0].GEN_I_CONTROL.u_xiphy_control/xiphy_control/TX_DIV4_CLK_Q ddr_inst/inst/u_ddr4_mem_intfc/u_mig_ddr4_phy/inst/generate_block1.u_ddr_xiphy/byte_num[11].xiphy_byte_wrapper.u_xiphy_byte_wrapper/I_CONTROL[1].GEN_I_CONTROL.u_xiphy_control/xiphy_control/RX_DIV4_CLK_Q ddr_inst/inst/u_ddr4_mem_intfc/u_mig_ddr4_phy/inst/generate_block1.u_ddr_xiphy/byte_num[11].xiphy_byte_wrapper.u_xiphy_byte_wrapper/I_CONTROL[1].GEN_I_CONTROL.u_xiphy_control/xiphy_control/TX_DIV4_CLK_Q ddr_inst/inst/u_ddr4_mem_intfc/u_mig_ddr4_phy/inst/generate_block1.u_ddr_xiphy/byte_num[8].xiphy_byte_wrapper.u_xiphy_byte_wrapper/I_CONTROL[0].GEN_I_CONTROL.u_xiphy_control/xiphy_control/RX_DIV4_CLK_Q ddr_inst/inst/u_ddr4_mem_intfc/u_mig_ddr4_phy/inst/generate_block1.u_ddr_xiphy/byte_num[8].xiphy_byte_wrapper.u_xiphy_byte_wrapper/I_CONTROL[0].GEN_I_CONTROL.u_xiphy_control/xiphy_control/TX_DIV4_CLK_Q ddr_inst/inst/u_ddr4_mem_intfc/u_mig_ddr4_phy/inst/generate_block1.u_ddr_xiphy/byte_num[8].xiphy_byte_wrapper.u_xiphy_byte_wrapper/I_CONTROL[1].GEN_I_CONTROL.u_xiphy_control/xiphy_control/RX_DIV4_CLK_Q ddr_inst/inst/u_ddr4_mem_intfc/u_mig_ddr4_phy/inst/generate_block1.u_ddr_xiphy/byte_num[8].xiphy_byte_wrapper.u_xiphy_byte_wrapper/I_CONTROL[1].GEN_I_CONTROL.u_xiphy_control/xiphy_control/TX_DIV4_CLK_Q ddr_inst/inst/u_ddr4_mem_intfc/u_mig_ddr4_phy/inst/generate_block1.u_ddr_xiphy/byte_num[9].xiphy_byte_wrapper.u_xiphy_byte_wrapper/I_CONTROL[0].GEN_I_CONTROL.u_xiphy_control/xiphy_control/RX_DIV4_CLK_Q ddr_inst/inst/u_ddr4_mem_intfc/u_mig_ddr4_phy/inst/generate_block1.u_ddr_xiphy/byte_num[9].xiphy_byte_wrapper.u_xiphy_byte_wrapper/I_CONTROL[0].GEN_I_CONTROL.u_xiphy_control/xiphy_control/TX_DIV4_CLK_Q ddr_inst/inst/u_ddr4_mem_intfc/u_mig_ddr4_phy/inst/generate_block1.u_ddr_xiphy/byte_num[9].xiphy_byte_wrapper.u_xiphy_byte_wrapper/I_CONTROL[1].GEN_I_CONTROL.u_xiphy_control/xiphy_control/RX_DIV4_CLK_Q ddr_inst/inst/u_ddr4_mem_intfc/u_mig_ddr4_phy/inst/generate_block1.u_ddr_xiphy/byte_num[9].xiphy_byte_wrapper.u_xiphy_byte_wrapper/I_CONTROL[1].GEN_I_CONTROL.u_xiphy_control/xiphy_control/TX_DIV4_CLK_Q }

Check Type        Corner  Lib Pin                           Reference Pin  Required(ns)  Actual(ns)  Slack(ns)  Location               Pin
Min Period        n/a     RXTX_BITSLICE/TX_BIT_CTRL_IN[26]  n/a            2.667         3.332       0.665      BITSLICE_RX_TX_X0Y286  ddr_inst/inst/u_ddr4_mem_intfc/u_mig_ddr4_phy/inst/generate_block1.u_ddr_xiphy/byte_num[10].xiphy_byte_wrapper.u_xiphy_byte_wrapper/I_BITSLICE_LOWER[0].GEN_RXTX_BITSLICE_EN.u_xiphy_bitslice_lower/xiphy_rxtx_bitslice/TX_BIT_CTRL_IN[26]
Low Pulse Width   Slow    RXTX_BITSLICE/TX_BIT_CTRL_IN[26]  n/a            1.200         1.666       0.466      BITSLICE_RX_TX_X0Y286  ddr_inst/inst/u_ddr4_mem_intfc/u_mig_ddr4_phy/inst/generate_block1.u_ddr_xiphy/byte_num[10].xiphy_byte_wrapper.u_xiphy_byte_wrapper/I_BITSLICE_LOWER[0].GEN_RXTX_BITSLICE_EN.u_xiphy_bitslice_lower/xiphy_rxtx_bitslice/TX_BIT_CTRL_IN[26]
High Pulse Width  Slow    RXTX_BITSLICE/TX_BIT_CTRL_IN[26]  n/a            1.200         1.666       0.466      BITSLICE_RX_TX_X0Y286  ddr_inst/inst/u_ddr4_mem_intfc/u_mig_ddr4_phy/inst/generate_block1.u_ddr_xiphy/byte_num[10].xiphy_byte_wrapper.u_xiphy_byte_wrapper/I_BITSLICE_LOWER[0].GEN_RXTX_BITSLICE_EN.u_xiphy_bitslice_lower/xiphy_rxtx_bitslice/TX_BIT_CTRL_IN[26]



---------------------------------------------------------------------------------------------------
From Clock:  mmcm_clkout5
  To Clock:  mmcm_clkout5

Setup :            0  Failing Endpoints,  Worst Slack        7.567ns,  Total Violation        0.000ns
Hold  :            0  Failing Endpoints,  Worst Slack        0.013ns,  Total Violation        0.000ns
PW    :            0  Failing Endpoints,  Worst Slack        6.122ns,  Total Violation        0.000ns
---------------------------------------------------------------------------------------------------


Max Delay Paths
--------------------------------------------------------------------------------------
Slack (MET) :             7.567ns  (required time - arrival time)
  Source:                 dbg_hub/inst/BSCANID.u_xsdbm_id/CORE_XSDB.UUT_MASTER/U_XSDB_ADDRESS_CONTROLLER/addr_reg[4]/C
                            (rising edge-triggered cell FDRE clocked by mmcm_clkout5  {rise@0.000ns fall@6.664ns period=13.328ns})
  Destination:            jtag_mem/inst/jtag_axi_engine_u/U_XSDB_SLAVE/reg_do_reg[9]/D
                            (rising edge-triggered cell FDRE clocked by mmcm_clkout5  {rise@0.000ns fall@6.664ns period=13.328ns})
  Path Group:             mmcm_clkout5
  Path Type:              Setup (Max at Slow Process Corner)
  Requirement:            13.328ns  (mmcm_clkout5 rise@13.328ns - mmcm_clkout5 rise@0.000ns)
  Data Path Delay:        5.744ns  (logic 0.391ns (6.807%)  route 5.353ns (93.193%))
  Logic Levels:           3  (LUT5=1 LUT6=2)
  Clock Path Skew:        0.018ns (DCD - SCD + CPR)
    Destination Clock Delay (DCD):    3.893ns = ( 17.221 - 13.328 ) 
    Source Clock Delay      (SCD):    3.484ns
    Clock Pessimism Removal (CPR):    -0.390ns
  Clock Uncertainty:      0.061ns  ((TSJ^2 + DJ^2)^1/2) / 2 + PE
    Total System Jitter     (TSJ):    0.071ns
    Discrete Jitter          (DJ):    0.100ns
    Phase Error              (PE):    0.000ns
  Clock Net Delay (Source):      2.265ns (routing 0.746ns, distribution 1.519ns)
  Clock Net Delay (Destination): 2.128ns (routing 0.681ns, distribution 1.447ns)

    Location             Delay type                Incr(ns)  Path(ns)    Netlist Resource(s)
  -------------------------------------------------------------------    -------------------
                         (clock mmcm_clkout5 rise edge)
                                                      0.000     0.000 r  
    G13                                               0.000     0.000 r  c0_sys_clk_p (IN)
                         net (fo=0)                   0.100     0.100    ddr_inst/inst/u_ddr4_mem_intfc/u_mig_ddr4_phy/inst/u_ddr4_phy_pll/diff_input_clk.u_ibufg_sys_clk/I
    HPIOBDIFFINBUF_X0Y108
                         DIFFINBUF (Prop_DIFFINBUF_HPIOBDIFFINBUF_DIFF_IN_P_O)
                                                      0.549     0.649 r  ddr_inst/inst/u_ddr4_mem_intfc/u_mig_ddr4_phy/inst/u_ddr4_phy_pll/diff_input_clk.u_ibufg_sys_clk/DIFFINBUF_INST/O
                         net (fo=1, routed)           0.050     0.699    ddr_inst/inst/u_ddr4_mem_intfc/u_mig_ddr4_phy/inst/u_ddr4_phy_pll/diff_input_clk.u_ibufg_sys_clk/OUT
    G13                  IBUFCTRL (Prop_IBUFCTRL_HPIOB_M_I_O)
                                                      0.000     0.699 r  ddr_inst/inst/u_ddr4_mem_intfc/u_mig_ddr4_phy/inst/u_ddr4_phy_pll/diff_input_clk.u_ibufg_sys_clk/IBUFCTRL_INST/O
                         net (fo=2, routed)           0.384     1.083    ddr_inst/inst/u_ddr4_infrastructure/mmcm_clk_in
    MMCM_X0Y4            MMCME4_ADV (Prop_MMCM_CLKIN1_CLKOUT5)
                                                     -0.127     0.956 r  ddr_inst/inst/u_ddr4_infrastructure/gen_mmcme4.u_mmcme_adv_inst/CLKOUT5
                         net (fo=1, routed)           0.235     1.191    ddr_inst/inst/u_ddr4_infrastructure/mmcm_clkout5
    BUFGCE_X0Y98         BUFGCE (Prop_BUFCE_BUFGCE_I_O)
                                                      0.028     1.219 r  ddr_inst/inst/u_ddr4_infrastructure/u_bufg_dbg_clk/O
    X2Y4 (CLOCK_ROOT)    net (fo=3638, routed)        2.265     3.484    dbg_hub/inst/BSCANID.u_xsdbm_id/CORE_XSDB.UUT_MASTER/U_XSDB_ADDRESS_CONTROLLER/clk
    SLICE_X78Y201        FDRE                                         r  dbg_hub/inst/BSCANID.u_xsdbm_id/CORE_XSDB.UUT_MASTER/U_XSDB_ADDRESS_CONTROLLER/addr_reg[4]/C
  -------------------------------------------------------------------    -------------------
    SLICE_X78Y201        FDRE (Prop_EFF_SLICEM_C_Q)
                                                      0.076     3.560 f  dbg_hub/inst/BSCANID.u_xsdbm_id/CORE_XSDB.UUT_MASTER/U_XSDB_ADDRESS_CONTROLLER/addr_reg[4]/Q
                         net (fo=71, routed)          3.451     7.011    jtag_mem/inst/jtag_axi_engine_u/U_XSDB_SLAVE/sl_iport_i[8]
    SLICE_X76Y290        LUT5 (Prop_D5LUT_SLICEM_I1_O)
                                                      0.066     7.077 f  jtag_mem/inst/jtag_axi_engine_u/U_XSDB_SLAVE/reg_do[15]_i_4/O
                         net (fo=12, routed)          1.683     8.760    jtag_mem/inst/jtag_axi_engine_u/U_XSDB_SLAVE/reg_do[15]_i_4_n_0
    SLICE_X93Y205        LUT6 (Prop_D6LUT_SLICEM_I5_O)
                                                      0.099     8.859 r  jtag_mem/inst/jtag_axi_engine_u/U_XSDB_SLAVE/reg_do[9]_i_2/O
                         net (fo=1, routed)           0.160     9.019    jtag_mem/inst/jtag_axi_engine_u/U_XSDB_SLAVE/reg_do[9]_i_2_n_0
    SLICE_X93Y204        LUT6 (Prop_G6LUT_SLICEM_I5_O)
                                                      0.150     9.169 r  jtag_mem/inst/jtag_axi_engine_u/U_XSDB_SLAVE/reg_do[9]_i_1/O
                         net (fo=1, routed)           0.059     9.228    jtag_mem/inst/jtag_axi_engine_u/U_XSDB_SLAVE/reg_do[9]
    SLICE_X93Y204        FDRE                                         r  jtag_mem/inst/jtag_axi_engine_u/U_XSDB_SLAVE/reg_do_reg[9]/D
  -------------------------------------------------------------------    -------------------

                         (clock mmcm_clkout5 rise edge)
                                                     13.328    13.328 r  
    G13                                               0.000    13.328 r  c0_sys_clk_p (IN)
                         net (fo=0)                   0.079    13.407    ddr_inst/inst/u_ddr4_mem_intfc/u_mig_ddr4_phy/inst/u_ddr4_phy_pll/diff_input_clk.u_ibufg_sys_clk/I
    HPIOBDIFFINBUF_X0Y108
                         DIFFINBUF (Prop_DIFFINBUF_HPIOBDIFFINBUF_DIFF_IN_P_O)
                                                      0.453    13.860 r  ddr_inst/inst/u_ddr4_mem_intfc/u_mig_ddr4_phy/inst/u_ddr4_phy_pll/diff_input_clk.u_ibufg_sys_clk/DIFFINBUF_INST/O
                         net (fo=1, routed)           0.040    13.900    ddr_inst/inst/u_ddr4_mem_intfc/u_mig_ddr4_phy/inst/u_ddr4_phy_pll/diff_input_clk.u_ibufg_sys_clk/OUT
    G13                  IBUFCTRL (Prop_IBUFCTRL_HPIOB_M_I_O)
                                                      0.000    13.900 r  ddr_inst/inst/u_ddr4_mem_intfc/u_mig_ddr4_phy/inst/u_ddr4_phy_pll/diff_input_clk.u_ibufg_sys_clk/IBUFCTRL_INST/O
                         net (fo=2, routed)           0.333    14.233    ddr_inst/inst/u_ddr4_infrastructure/mmcm_clk_in
    MMCM_X0Y4            MMCME4_ADV (Prop_MMCM_CLKIN1_CLKOUT5)
                                                      0.630    14.863 r  ddr_inst/inst/u_ddr4_infrastructure/gen_mmcme4.u_mmcme_adv_inst/CLKOUT5
                         net (fo=1, routed)           0.206    15.069    ddr_inst/inst/u_ddr4_infrastructure/mmcm_clkout5
    BUFGCE_X0Y98         BUFGCE (Prop_BUFCE_BUFGCE_I_O)
                                                      0.024    15.093 r  ddr_inst/inst/u_ddr4_infrastructure/u_bufg_dbg_clk/O
    X2Y4 (CLOCK_ROOT)    net (fo=3638, routed)        2.128    17.221    jtag_mem/inst/jtag_axi_engine_u/U_XSDB_SLAVE/sl_iport_i[1]
    SLICE_X93Y204        FDRE                                         r  jtag_mem/inst/jtag_axi_engine_u/U_XSDB_SLAVE/reg_do_reg[9]/C
                         clock pessimism             -0.390    16.830    
                         clock uncertainty           -0.061    16.769    
    SLICE_X93Y204        FDRE (Setup_GFF_SLICEM_C_D)
                                                      0.025    16.794    jtag_mem/inst/jtag_axi_engine_u/U_XSDB_SLAVE/reg_do_reg[9]
  -------------------------------------------------------------------
                         required time                         16.794    
                         arrival time                          -9.228    
  -------------------------------------------------------------------
                         slack                                  7.567    





Min Delay Paths
--------------------------------------------------------------------------------------
Slack (MET) :             0.013ns  (arrival time - required time)
  Source:                 jtag_mem/inst/jtag_axi_engine_u/tx_fifo_i/inst_fifo_gen/gconvfifo.rf/grf.rf/gntv_or_sync_fifo.gl0.wr/wpntr/gic0.gc0.count_reg[1]/C
                            (rising edge-triggered cell FDRE clocked by mmcm_clkout5  {rise@0.000ns fall@6.664ns period=13.328ns})
  Destination:            jtag_mem/inst/jtag_axi_engine_u/tx_fifo_i/inst_fifo_gen/gconvfifo.rf/grf.rf/gntv_or_sync_fifo.gl0.wr/wpntr/gic0.gc0.count_d1_reg[1]/D
                            (rising edge-triggered cell FDRE clocked by mmcm_clkout5  {rise@0.000ns fall@6.664ns period=13.328ns})
  Path Group:             mmcm_clkout5
  Path Type:              Hold (Min at Slow Process Corner)
  Requirement:            0.000ns  (mmcm_clkout5 rise@0.000ns - mmcm_clkout5 rise@0.000ns)
  Data Path Delay:        0.150ns  (logic 0.058ns (38.707%)  route 0.092ns (61.293%))
  Logic Levels:           0  
  Clock Path Skew:        0.077ns (DCD - SCD - CPR)
    Destination Clock Delay (DCD):    3.469ns
    Source Clock Delay      (SCD):    3.781ns
    Clock Pessimism Removal (CPR):    -0.388ns
  Clock Net Delay (Source):      2.016ns (routing 0.681ns, distribution 1.335ns)
  Clock Net Delay (Destination): 2.250ns (routing 0.746ns, distribution 1.504ns)

    Location             Delay type                Incr(ns)  Path(ns)    Netlist Resource(s)
  -------------------------------------------------------------------    -------------------
                         (clock mmcm_clkout5 rise edge)
                                                      0.000     0.000 r  
    G13                                               0.000     0.000 r  c0_sys_clk_p (IN)
                         net (fo=0)                   0.079     0.079    ddr_inst/inst/u_ddr4_mem_intfc/u_mig_ddr4_phy/inst/u_ddr4_phy_pll/diff_input_clk.u_ibufg_sys_clk/I
    HPIOBDIFFINBUF_X0Y108
                         DIFFINBUF (Prop_DIFFINBUF_HPIOBDIFFINBUF_DIFF_IN_P_O)
                                                      0.453     0.532 r  ddr_inst/inst/u_ddr4_mem_intfc/u_mig_ddr4_phy/inst/u_ddr4_phy_pll/diff_input_clk.u_ibufg_sys_clk/DIFFINBUF_INST/O
                         net (fo=1, routed)           0.040     0.572    ddr_inst/inst/u_ddr4_mem_intfc/u_mig_ddr4_phy/inst/u_ddr4_phy_pll/diff_input_clk.u_ibufg_sys_clk/OUT
    G13                  IBUFCTRL (Prop_IBUFCTRL_HPIOB_M_I_O)
                                                      0.000     0.572 r  ddr_inst/inst/u_ddr4_mem_intfc/u_mig_ddr4_phy/inst/u_ddr4_phy_pll/diff_input_clk.u_ibufg_sys_clk/IBUFCTRL_INST/O
                         net (fo=2, routed)           0.333     0.905    ddr_inst/inst/u_ddr4_infrastructure/mmcm_clk_in
    MMCM_X0Y4            MMCME4_ADV (Prop_MMCM_CLKIN1_CLKOUT5)
                                                      0.630     1.535 r  ddr_inst/inst/u_ddr4_infrastructure/gen_mmcme4.u_mmcme_adv_inst/CLKOUT5
                         net (fo=1, routed)           0.206     1.741    ddr_inst/inst/u_ddr4_infrastructure/mmcm_clkout5
    BUFGCE_X0Y98         BUFGCE (Prop_BUFCE_BUFGCE_I_O)
                                                      0.024     1.765 r  ddr_inst/inst/u_ddr4_infrastructure/u_bufg_dbg_clk/O
    X2Y4 (CLOCK_ROOT)    net (fo=3638, routed)        2.016     3.781    jtag_mem/inst/jtag_axi_engine_u/tx_fifo_i/inst_fifo_gen/gconvfifo.rf/grf.rf/gntv_or_sync_fifo.gl0.wr/wpntr/s_dclk_o
    SLICE_X63Y377        FDRE                                         r  jtag_mem/inst/jtag_axi_engine_u/tx_fifo_i/inst_fifo_gen/gconvfifo.rf/grf.rf/gntv_or_sync_fifo.gl0.wr/wpntr/gic0.gc0.count_reg[1]/C
  -------------------------------------------------------------------    -------------------
    SLICE_X63Y377        FDRE (Prop_DFF_SLICEM_C_Q)
                                                      0.058     3.839 r  jtag_mem/inst/jtag_axi_engine_u/tx_fifo_i/inst_fifo_gen/gconvfifo.rf/grf.rf/gntv_or_sync_fifo.gl0.wr/wpntr/gic0.gc0.count_reg[1]/Q
                         net (fo=8, routed)           0.092     3.930    jtag_mem/inst/jtag_axi_engine_u/tx_fifo_i/inst_fifo_gen/gconvfifo.rf/grf.rf/gntv_or_sync_fifo.gl0.wr/wpntr/gic0.gc0.count_reg[1]_0
    SLICE_X62Y377        FDRE                                         r  jtag_mem/inst/jtag_axi_engine_u/tx_fifo_i/inst_fifo_gen/gconvfifo.rf/grf.rf/gntv_or_sync_fifo.gl0.wr/wpntr/gic0.gc0.count_d1_reg[1]/D
  -------------------------------------------------------------------    -------------------

                         (clock mmcm_clkout5 rise edge)
                                                      0.000     0.000 r  
    G13                                               0.000     0.000 r  c0_sys_clk_p (IN)
                         net (fo=0)                   0.100     0.100    ddr_inst/inst/u_ddr4_mem_intfc/u_mig_ddr4_phy/inst/u_ddr4_phy_pll/diff_input_clk.u_ibufg_sys_clk/I
    HPIOBDIFFINBUF_X0Y108
                         DIFFINBUF (Prop_DIFFINBUF_HPIOBDIFFINBUF_DIFF_IN_P_O)
                                                      0.549     0.649 r  ddr_inst/inst/u_ddr4_mem_intfc/u_mig_ddr4_phy/inst/u_ddr4_phy_pll/diff_input_clk.u_ibufg_sys_clk/DIFFINBUF_INST/O
                         net (fo=1, routed)           0.050     0.699    ddr_inst/inst/u_ddr4_mem_intfc/u_mig_ddr4_phy/inst/u_ddr4_phy_pll/diff_input_clk.u_ibufg_sys_clk/OUT
    G13                  IBUFCTRL (Prop_IBUFCTRL_HPIOB_M_I_O)
                                                      0.000     0.699 r  ddr_inst/inst/u_ddr4_mem_intfc/u_mig_ddr4_phy/inst/u_ddr4_phy_pll/diff_input_clk.u_ibufg_sys_clk/IBUFCTRL_INST/O
                         net (fo=2, routed)           0.384     1.083    ddr_inst/inst/u_ddr4_infrastructure/mmcm_clk_in
    MMCM_X0Y4            MMCME4_ADV (Prop_MMCM_CLKIN1_CLKOUT5)
                                                     -0.127     0.956 r  ddr_inst/inst/u_ddr4_infrastructure/gen_mmcme4.u_mmcme_adv_inst/CLKOUT5
                         net (fo=1, routed)           0.235     1.191    ddr_inst/inst/u_ddr4_infrastructure/mmcm_clkout5
    BUFGCE_X0Y98         BUFGCE (Prop_BUFCE_BUFGCE_I_O)
                                                      0.028     1.219 r  ddr_inst/inst/u_ddr4_infrastructure/u_bufg_dbg_clk/O
    X2Y4 (CLOCK_ROOT)    net (fo=3638, routed)        2.250     3.469    jtag_mem/inst/jtag_axi_engine_u/tx_fifo_i/inst_fifo_gen/gconvfifo.rf/grf.rf/gntv_or_sync_fifo.gl0.wr/wpntr/s_dclk_o
    SLICE_X62Y377        FDRE                                         r  jtag_mem/inst/jtag_axi_engine_u/tx_fifo_i/inst_fifo_gen/gconvfifo.rf/grf.rf/gntv_or_sync_fifo.gl0.wr/wpntr/gic0.gc0.count_d1_reg[1]/C
                         clock pessimism              0.388     3.857    
    SLICE_X62Y377        FDRE (Hold_EFF_SLICEL_C_D)
                                                      0.060     3.917    jtag_mem/inst/jtag_axi_engine_u/tx_fifo_i/inst_fifo_gen/gconvfifo.rf/grf.rf/gntv_or_sync_fifo.gl0.wr/wpntr/gic0.gc0.count_d1_reg[1]
  -------------------------------------------------------------------
                         required time                         -3.917    
                         arrival time                           3.930    
  -------------------------------------------------------------------
                         slack                                  0.013    





Pulse Width Checks
--------------------------------------------------------------------------------------
Clock Name:         mmcm_clkout5
Waveform(ns):       { 0.000 6.664 }
Period(ns):         13.328
Sources:            { ddr_inst/inst/u_ddr4_infrastructure/gen_mmcme4.u_mmcme_adv_inst/CLKOUT5 }

Check Type        Corner  Lib Pin             Reference Pin  Required(ns)  Actual(ns)  Slack(ns)  Location      Pin
Min Period        n/a     RAMB36E2/CLKBWRCLK  n/a            1.355         13.328      11.973     RAMB36_X8Y15  jtag_lite/inst/jtag_axi_engine_u/rd_cmd_fifo_i/inst_fifo_gen/gconvfifo.rf/grf.rf/gntv_or_sync_fifo.mem/gbm.gbmg.gbmga.ngecc.bmg/inst_blk_mem_gen/gnbram.gnativebmg.native_blk_mem_gen/valid.cstr/ramloop[0].ram.r/prim_noinit.ram/DEVICE_8SERIES.NO_BMM_INFO.SDP.WIDE_PRIM36_NO_ECC.ram/CLKBWRCLK
Low Pulse Width   Slow    RAMB36E2/CLKBWRCLK  n/a            0.542         6.664       6.122      RAMB36_X8Y15  jtag_lite/inst/jtag_axi_engine_u/rd_cmd_fifo_i/inst_fifo_gen/gconvfifo.rf/grf.rf/gntv_or_sync_fifo.mem/gbm.gbmg.gbmga.ngecc.bmg/inst_blk_mem_gen/gnbram.gnativebmg.native_blk_mem_gen/valid.cstr/ramloop[0].ram.r/prim_noinit.ram/DEVICE_8SERIES.NO_BMM_INFO.SDP.WIDE_PRIM36_NO_ECC.ram/CLKBWRCLK
High Pulse Width  Slow    RAMB36E2/CLKBWRCLK  n/a            0.542         6.664       6.122      RAMB36_X8Y15  jtag_lite/inst/jtag_axi_engine_u/rd_cmd_fifo_i/inst_fifo_gen/gconvfifo.rf/grf.rf/gntv_or_sync_fifo.mem/gbm.gbmg.gbmga.ngecc.bmg/inst_blk_mem_gen/gnbram.gnativebmg.native_blk_mem_gen/valid.cstr/ramloop[0].ram.r/prim_noinit.ram/DEVICE_8SERIES.NO_BMM_INFO.SDP.WIDE_PRIM36_NO_ECC.ram/CLKBWRCLK



---------------------------------------------------------------------------------------------------
From Clock:  mmcm_clkout6
  To Clock:  mmcm_clkout6

Setup :            0  Failing Endpoints,  Worst Slack        1.071ns,  Total Violation        0.000ns
Hold  :            0  Failing Endpoints,  Worst Slack        0.012ns,  Total Violation        0.000ns
PW    :            0  Failing Endpoints,  Worst Slack        1.086ns,  Total Violation        0.000ns
---------------------------------------------------------------------------------------------------


Max Delay Paths
--------------------------------------------------------------------------------------
Slack (MET) :             1.071ns  (required time - arrival time)
  Source:                 ddr_inst/inst/u_ddr4_mem_intfc/u_mig_ddr4_phy/inst/clb2riu_wr_data_reg[8]/C
                            (rising edge-triggered cell FDRE clocked by mmcm_clkout6  {rise@0.000ns fall@3.332ns period=6.664ns})
  Destination:            ddr_inst/inst/u_ddr4_mem_intfc/u_mig_ddr4_phy/inst/generate_block1.u_ddr_xiphy/byte_num[11].xiphy_byte_wrapper.u_xiphy_byte_wrapper/I_CONTROL[0].GEN_I_CONTROL.u_xiphy_control/xiphy_control/RIU_WR_DATA[8]
                            (rising edge-triggered cell BITSLICE_CONTROL clocked by mmcm_clkout6  {rise@0.000ns fall@3.332ns period=6.664ns})
  Path Group:             mmcm_clkout6
  Path Type:              Setup (Max at Slow Process Corner)
  Requirement:            6.664ns  (mmcm_clkout6 rise@6.664ns - mmcm_clkout6 rise@0.000ns)
  Data Path Delay:        5.551ns  (logic 0.079ns (1.423%)  route 5.472ns (98.577%))
  Logic Levels:           0  
  Clock Path Skew:        -0.175ns (DCD - SCD + CPR)
    Destination Clock Delay (DCD):    3.459ns = ( 10.123 - 6.664 ) 
    Source Clock Delay      (SCD):    3.155ns
    Clock Pessimism Removal (CPR):    -0.478ns
  Clock Uncertainty:      0.056ns  ((TSJ^2 + DJ^2)^1/2) / 2 + PE
    Total System Jitter     (TSJ):    0.071ns
    Discrete Jitter          (DJ):    0.088ns
    Phase Error              (PE):    0.000ns
  Clock Net Delay (Source):      1.910ns (routing 0.632ns, distribution 1.278ns)
  Clock Net Delay (Destination): 1.674ns (routing 0.575ns, distribution 1.099ns)

    Location             Delay type                Incr(ns)  Path(ns)    Netlist Resource(s)
  -------------------------------------------------------------------    -------------------
                         (clock mmcm_clkout6 rise edge)
                                                      0.000     0.000 r  
    G13                                               0.000     0.000 r  c0_sys_clk_p (IN)
                         net (fo=0)                   0.100     0.100    ddr_inst/inst/u_ddr4_mem_intfc/u_mig_ddr4_phy/inst/u_ddr4_phy_pll/diff_input_clk.u_ibufg_sys_clk/I
    HPIOBDIFFINBUF_X0Y108
                         DIFFINBUF (Prop_DIFFINBUF_HPIOBDIFFINBUF_DIFF_IN_P_O)
                                                      0.549     0.649 r  ddr_inst/inst/u_ddr4_mem_intfc/u_mig_ddr4_phy/inst/u_ddr4_phy_pll/diff_input_clk.u_ibufg_sys_clk/DIFFINBUF_INST/O
                         net (fo=1, routed)           0.050     0.699    ddr_inst/inst/u_ddr4_mem_intfc/u_mig_ddr4_phy/inst/u_ddr4_phy_pll/diff_input_clk.u_ibufg_sys_clk/OUT
    G13                  IBUFCTRL (Prop_IBUFCTRL_HPIOB_M_I_O)
                                                      0.000     0.699 r  ddr_inst/inst/u_ddr4_mem_intfc/u_mig_ddr4_phy/inst/u_ddr4_phy_pll/diff_input_clk.u_ibufg_sys_clk/IBUFCTRL_INST/O
                         net (fo=2, routed)           0.384     1.083    ddr_inst/inst/u_ddr4_infrastructure/mmcm_clk_in
    MMCM_X0Y4            MMCME4_ADV (Prop_MMCM_CLKIN1_CLKOUT6)
                                                     -0.127     0.956 r  ddr_inst/inst/u_ddr4_infrastructure/gen_mmcme4.u_mmcme_adv_inst/CLKOUT6
                         net (fo=1, routed)           0.261     1.217    ddr_inst/inst/u_ddr4_infrastructure/mmcm_clkout6
    BUFGCE_X0Y116        BUFGCE (Prop_BUFCE_BUFGCE_I_O)
                                                      0.028     1.245 r  ddr_inst/inst/u_ddr4_infrastructure/u_bufg_riuClk/O
    X4Y5 (CLOCK_ROOT)    net (fo=1761, routed)        1.910     3.155    ddr_inst/inst/u_ddr4_mem_intfc/u_mig_ddr4_phy/inst/riu_clk
    SLICE_X83Y185        FDRE                                         r  ddr_inst/inst/u_ddr4_mem_intfc/u_mig_ddr4_phy/inst/clb2riu_wr_data_reg[8]/C
  -------------------------------------------------------------------    -------------------
    SLICE_X83Y185        FDRE (Prop_HFF_SLICEM_C_Q)
                                                      0.079     3.234 r  ddr_inst/inst/u_ddr4_mem_intfc/u_mig_ddr4_phy/inst/clb2riu_wr_data_reg[8]/Q
                         net (fo=24, routed)          5.472     8.706    ddr_inst/inst/u_ddr4_mem_intfc/u_mig_ddr4_phy/inst/generate_block1.u_ddr_xiphy/byte_num[11].xiphy_byte_wrapper.u_xiphy_byte_wrapper/I_CONTROL[0].GEN_I_CONTROL.u_xiphy_control/xiphy_control_2[8]
    BITSLICE_CONTROL_X0Y46
                         BITSLICE_CONTROL                             r  ddr_inst/inst/u_ddr4_mem_intfc/u_mig_ddr4_phy/inst/generate_block1.u_ddr_xiphy/byte_num[11].xiphy_byte_wrapper.u_xiphy_byte_wrapper/I_CONTROL[0].GEN_I_CONTROL.u_xiphy_control/xiphy_control/RIU_WR_DATA[8]
  -------------------------------------------------------------------    -------------------

                         (clock mmcm_clkout6 rise edge)
                                                      6.664     6.664 r  
    G13                                               0.000     6.664 r  c0_sys_clk_p (IN)
                         net (fo=0)                   0.079     6.743    ddr_inst/inst/u_ddr4_mem_intfc/u_mig_ddr4_phy/inst/u_ddr4_phy_pll/diff_input_clk.u_ibufg_sys_clk/I
    HPIOBDIFFINBUF_X0Y108
                         DIFFINBUF (Prop_DIFFINBUF_HPIOBDIFFINBUF_DIFF_IN_P_O)
                                                      0.453     7.196 r  ddr_inst/inst/u_ddr4_mem_intfc/u_mig_ddr4_phy/inst/u_ddr4_phy_pll/diff_input_clk.u_ibufg_sys_clk/DIFFINBUF_INST/O
                         net (fo=1, routed)           0.040     7.236    ddr_inst/inst/u_ddr4_mem_intfc/u_mig_ddr4_phy/inst/u_ddr4_phy_pll/diff_input_clk.u_ibufg_sys_clk/OUT
    G13                  IBUFCTRL (Prop_IBUFCTRL_HPIOB_M_I_O)
                                                      0.000     7.236 r  ddr_inst/inst/u_ddr4_mem_intfc/u_mig_ddr4_phy/inst/u_ddr4_phy_pll/diff_input_clk.u_ibufg_sys_clk/IBUFCTRL_INST/O
                         net (fo=2, routed)           0.333     7.569    ddr_inst/inst/u_ddr4_infrastructure/mmcm_clk_in
    MMCM_X0Y4            MMCME4_ADV (Prop_MMCM_CLKIN1_CLKOUT6)
                                                      0.630     8.199 r  ddr_inst/inst/u_ddr4_infrastructure/gen_mmcme4.u_mmcme_adv_inst/CLKOUT6
                         net (fo=1, routed)           0.226     8.425    ddr_inst/inst/u_ddr4_infrastructure/mmcm_clkout6
    BUFGCE_X0Y116        BUFGCE (Prop_BUFCE_BUFGCE_I_O)
                                                      0.024     8.449 r  ddr_inst/inst/u_ddr4_infrastructure/u_bufg_riuClk/O
    X4Y5 (CLOCK_ROOT)    net (fo=1761, routed)        1.674    10.123    ddr_inst/inst/u_ddr4_mem_intfc/u_mig_ddr4_phy/inst/generate_block1.u_ddr_xiphy/byte_num[11].xiphy_byte_wrapper.u_xiphy_byte_wrapper/I_CONTROL[0].GEN_I_CONTROL.u_xiphy_control/riu_clk
    BITSLICE_CONTROL_X0Y46
                         BITSLICE_CONTROL                             r  ddr_inst/inst/u_ddr4_mem_intfc/u_mig_ddr4_phy/inst/generate_block1.u_ddr_xiphy/byte_num[11].xiphy_byte_wrapper.u_xiphy_byte_wrapper/I_CONTROL[0].GEN_I_CONTROL.u_xiphy_control/xiphy_control/RIU_CLK
                         clock pessimism             -0.478     9.644    
                         clock uncertainty           -0.056     9.588    
    BITSLICE_CONTROL_X0Y46
                         BITSLICE_CONTROL (Setup_CONTROL_BITSLICE_CONTROL_RIU_CLK_RIU_WR_DATA[8])
                                                      0.189     9.777    ddr_inst/inst/u_ddr4_mem_intfc/u_mig_ddr4_phy/inst/generate_block1.u_ddr_xiphy/byte_num[11].xiphy_byte_wrapper.u_xiphy_byte_wrapper/I_CONTROL[0].GEN_I_CONTROL.u_xiphy_control/xiphy_control
  -------------------------------------------------------------------
                         required time                          9.777    
                         arrival time                          -8.706    
  -------------------------------------------------------------------
                         slack                                  1.071    





Min Delay Paths
--------------------------------------------------------------------------------------
Slack (MET) :             0.012ns  (arrival time - required time)
  Source:                 ddr_inst/inst/u_ddr4_mem_intfc/u_ddr_cal_riu/mcs0/inst/microblaze_I/U0/MicroBlaze_Core_I/Performance.Core/Decode_I/PC_Module_I/if_pc_reg[12]/C
                            (rising edge-triggered cell FDSE clocked by mmcm_clkout6  {rise@0.000ns fall@3.332ns period=6.664ns})
  Destination:            ddr_inst/inst/u_ddr4_mem_intfc/u_ddr_cal_riu/mcs0/inst/microblaze_I/U0/MicroBlaze_Core_I/Performance.Core/Decode_I/PC_Module_I/PC_Buffer_reg[3][12]_srl4/D
                            (rising edge-triggered cell SRL16E clocked by mmcm_clkout6  {rise@0.000ns fall@3.332ns period=6.664ns})
  Path Group:             mmcm_clkout6
  Path Type:              Hold (Min at Slow Process Corner)
  Requirement:            0.000ns  (mmcm_clkout6 rise@0.000ns - mmcm_clkout6 rise@0.000ns)
  Data Path Delay:        0.171ns  (logic 0.058ns (33.969%)  route 0.113ns (66.031%))
  Logic Levels:           0  
  Clock Path Skew:        0.107ns (DCD - SCD - CPR)
    Destination Clock Delay (DCD):    3.157ns
    Source Clock Delay      (SCD):    3.459ns
    Clock Pessimism Removal (CPR):    -0.409ns
  Clock Net Delay (Source):      1.675ns (routing 0.575ns, distribution 1.100ns)
  Clock Net Delay (Destination): 1.912ns (routing 0.632ns, distribution 1.280ns)

    Location             Delay type                Incr(ns)  Path(ns)    Netlist Resource(s)
  -------------------------------------------------------------------    -------------------
                         (clock mmcm_clkout6 rise edge)
                                                      0.000     0.000 r  
    G13                                               0.000     0.000 r  c0_sys_clk_p (IN)
                         net (fo=0)                   0.079     0.079    ddr_inst/inst/u_ddr4_mem_intfc/u_mig_ddr4_phy/inst/u_ddr4_phy_pll/diff_input_clk.u_ibufg_sys_clk/I
    HPIOBDIFFINBUF_X0Y108
                         DIFFINBUF (Prop_DIFFINBUF_HPIOBDIFFINBUF_DIFF_IN_P_O)
                                                      0.453     0.532 r  ddr_inst/inst/u_ddr4_mem_intfc/u_mig_ddr4_phy/inst/u_ddr4_phy_pll/diff_input_clk.u_ibufg_sys_clk/DIFFINBUF_INST/O
                         net (fo=1, routed)           0.040     0.572    ddr_inst/inst/u_ddr4_mem_intfc/u_mig_ddr4_phy/inst/u_ddr4_phy_pll/diff_input_clk.u_ibufg_sys_clk/OUT
    G13                  IBUFCTRL (Prop_IBUFCTRL_HPIOB_M_I_O)
                                                      0.000     0.572 r  ddr_inst/inst/u_ddr4_mem_intfc/u_mig_ddr4_phy/inst/u_ddr4_phy_pll/diff_input_clk.u_ibufg_sys_clk/IBUFCTRL_INST/O
                         net (fo=2, routed)           0.333     0.905    ddr_inst/inst/u_ddr4_infrastructure/mmcm_clk_in
    MMCM_X0Y4            MMCME4_ADV (Prop_MMCM_CLKIN1_CLKOUT6)
                                                      0.630     1.535 r  ddr_inst/inst/u_ddr4_infrastructure/gen_mmcme4.u_mmcme_adv_inst/CLKOUT6
                         net (fo=1, routed)           0.226     1.761    ddr_inst/inst/u_ddr4_infrastructure/mmcm_clkout6
    BUFGCE_X0Y116        BUFGCE (Prop_BUFCE_BUFGCE_I_O)
                                                      0.024     1.785 r  ddr_inst/inst/u_ddr4_infrastructure/u_bufg_riuClk/O
    X4Y5 (CLOCK_ROOT)    net (fo=1761, routed)        1.675     3.459    ddr_inst/inst/u_ddr4_mem_intfc/u_ddr_cal_riu/mcs0/inst/microblaze_I/U0/MicroBlaze_Core_I/Performance.Core/Decode_I/PC_Module_I/Clk
    SLICE_X82Y191        FDSE                                         r  ddr_inst/inst/u_ddr4_mem_intfc/u_ddr_cal_riu/mcs0/inst/microblaze_I/U0/MicroBlaze_Core_I/Performance.Core/Decode_I/PC_Module_I/if_pc_reg[12]/C
  -------------------------------------------------------------------    -------------------
    SLICE_X82Y191        FDSE (Prop_GFF_SLICEM_C_Q)
                                                      0.058     3.517 r  ddr_inst/inst/u_ddr4_mem_intfc/u_ddr_cal_riu/mcs0/inst/microblaze_I/U0/MicroBlaze_Core_I/Performance.Core/Decode_I/PC_Module_I/if_pc_reg[12]/Q
                         net (fo=4, routed)           0.113     3.630    ddr_inst/inst/u_ddr4_mem_intfc/u_ddr_cal_riu/mcs0/inst/microblaze_I/U0/MicroBlaze_Core_I/Performance.Core/Decode_I/PC_Module_I/S92_in
    SLICE_X83Y191        SRL16E                                       r  ddr_inst/inst/u_ddr4_mem_intfc/u_ddr_cal_riu/mcs0/inst/microblaze_I/U0/MicroBlaze_Core_I/Performance.Core/Decode_I/PC_Module_I/PC_Buffer_reg[3][12]_srl4/D
  -------------------------------------------------------------------    -------------------

                         (clock mmcm_clkout6 rise edge)
                                                      0.000     0.000 r  
    G13                                               0.000     0.000 r  c0_sys_clk_p (IN)
                         net (fo=0)                   0.100     0.100    ddr_inst/inst/u_ddr4_mem_intfc/u_mig_ddr4_phy/inst/u_ddr4_phy_pll/diff_input_clk.u_ibufg_sys_clk/I
    HPIOBDIFFINBUF_X0Y108
                         DIFFINBUF (Prop_DIFFINBUF_HPIOBDIFFINBUF_DIFF_IN_P_O)
                                                      0.549     0.649 r  ddr_inst/inst/u_ddr4_mem_intfc/u_mig_ddr4_phy/inst/u_ddr4_phy_pll/diff_input_clk.u_ibufg_sys_clk/DIFFINBUF_INST/O
                         net (fo=1, routed)           0.050     0.699    ddr_inst/inst/u_ddr4_mem_intfc/u_mig_ddr4_phy/inst/u_ddr4_phy_pll/diff_input_clk.u_ibufg_sys_clk/OUT
    G13                  IBUFCTRL (Prop_IBUFCTRL_HPIOB_M_I_O)
                                                      0.000     0.699 r  ddr_inst/inst/u_ddr4_mem_intfc/u_mig_ddr4_phy/inst/u_ddr4_phy_pll/diff_input_clk.u_ibufg_sys_clk/IBUFCTRL_INST/O
                         net (fo=2, routed)           0.384     1.083    ddr_inst/inst/u_ddr4_infrastructure/mmcm_clk_in
    MMCM_X0Y4            MMCME4_ADV (Prop_MMCM_CLKIN1_CLKOUT6)
                                                     -0.127     0.956 r  ddr_inst/inst/u_ddr4_infrastructure/gen_mmcme4.u_mmcme_adv_inst/CLKOUT6
                         net (fo=1, routed)           0.261     1.217    ddr_inst/inst/u_ddr4_infrastructure/mmcm_clkout6
    BUFGCE_X0Y116        BUFGCE (Prop_BUFCE_BUFGCE_I_O)
                                                      0.028     1.245 r  ddr_inst/inst/u_ddr4_infrastructure/u_bufg_riuClk/O
    X4Y5 (CLOCK_ROOT)    net (fo=1761, routed)        1.912     3.157    ddr_inst/inst/u_ddr4_mem_intfc/u_ddr_cal_riu/mcs0/inst/microblaze_I/U0/MicroBlaze_Core_I/Performance.Core/Decode_I/PC_Module_I/Clk
    SLICE_X83Y191        SRL16E                                       r  ddr_inst/inst/u_ddr4_mem_intfc/u_ddr_cal_riu/mcs0/inst/microblaze_I/U0/MicroBlaze_Core_I/Performance.Core/Decode_I/PC_Module_I/PC_Buffer_reg[3][12]_srl4/CLK
                         clock pessimism              0.409     3.566    
    SLICE_X83Y191        SRL16E (Hold_E5LUT_SLICEM_CLK_D)
                                                      0.052     3.618    ddr_inst/inst/u_ddr4_mem_intfc/u_ddr_cal_riu/mcs0/inst/microblaze_I/U0/MicroBlaze_Core_I/Performance.Core/Decode_I/PC_Module_I/PC_Buffer_reg[3][12]_srl4
  -------------------------------------------------------------------
                         required time                         -3.618    
                         arrival time                           3.630    
  -------------------------------------------------------------------
                         slack                                  0.012    





Pulse Width Checks
--------------------------------------------------------------------------------------
Clock Name:         mmcm_clkout6
Waveform(ns):       { 0.000 3.332 }
Period(ns):         6.664
Sources:            { ddr_inst/inst/u_ddr4_infrastructure/gen_mmcme4.u_mmcme_adv_inst/CLKOUT6 }

Check Type        Corner  Lib Pin                   Reference Pin             Required(ns)  Actual(ns)  Slack(ns)  Location                Pin
Min Period        n/a     BITSLICE_CONTROL/RIU_CLK  n/a                       3.846         6.664       2.818      BITSLICE_CONTROL_X0Y24  ddr_inst/inst/u_ddr4_mem_intfc/u_mig_ddr4_phy/inst/generate_block1.u_ddr_xiphy/byte_num[0].xiphy_byte_wrapper.u_xiphy_byte_wrapper/I_CONTROL[0].GEN_I_CONTROL.u_xiphy_control/xiphy_control/RIU_CLK
Low Pulse Width   Slow    BITSLICE_CONTROL/RIU_CLK  n/a                       1.731         3.332       1.601      BITSLICE_CONTROL_X0Y24  ddr_inst/inst/u_ddr4_mem_intfc/u_mig_ddr4_phy/inst/generate_block1.u_ddr_xiphy/byte_num[0].xiphy_byte_wrapper.u_xiphy_byte_wrapper/I_CONTROL[0].GEN_I_CONTROL.u_xiphy_control/xiphy_control/RIU_CLK
High Pulse Width  Slow    BITSLICE_CONTROL/RIU_CLK  n/a                       1.731         3.332       1.601      BITSLICE_CONTROL_X0Y24  ddr_inst/inst/u_ddr4_mem_intfc/u_mig_ddr4_phy/inst/generate_block1.u_ddr_xiphy/byte_num[0].xiphy_byte_wrapper.u_xiphy_byte_wrapper/I_CONTROL[0].GEN_I_CONTROL.u_xiphy_control/xiphy_control/RIU_CLK
Max Skew          Fast    BITSLICE_CONTROL/RIU_CLK  BITSLICE_CONTROL/PLL_CLK  1.984         0.898       1.086      BITSLICE_CONTROL_X0Y41  ddr_inst/inst/u_ddr4_mem_intfc/u_mig_ddr4_phy/inst/generate_block1.u_ddr_xiphy/byte_num[8].xiphy_byte_wrapper.u_xiphy_byte_wrapper/I_CONTROL[1].GEN_I_CONTROL.u_xiphy_control/xiphy_control/RIU_CLK



---------------------------------------------------------------------------------------------------
From Clock:  clk_100
  To Clock:  clk_100

Setup :           NA  Failing Endpoints,  Worst Slack           NA  ,  Total Violation           NA
Hold  :           NA  Failing Endpoints,  Worst Slack           NA  ,  Total Violation           NA
PW    :            0  Failing Endpoints,  Worst Slack        2.000ns,  Total Violation        0.000ns
---------------------------------------------------------------------------------------------------


Pulse Width Checks
--------------------------------------------------------------------------------------
Clock Name:         clk_100
Waveform(ns):       { 0.000 5.000 }
Period(ns):         10.000
Sources:            { clk_p }

Check Type        Corner  Lib Pin            Reference Pin  Required(ns)  Actual(ns)  Slack(ns)  Location   Pin
Min Period        n/a     MMCME4_ADV/CLKIN1  n/a            1.071         10.000      8.929      MMCM_X0Y0  clk_mmcm/CLKIN1
Max Period        n/a     MMCME4_ADV/CLKIN1  n/a            100.000       10.000      90.000     MMCM_X0Y0  clk_mmcm/CLKIN1
Low Pulse Width   Slow    MMCME4_ADV/CLKIN1  n/a            3.000         5.000       2.000      MMCM_X0Y0  clk_mmcm/CLKIN1
High Pulse Width  Slow    MMCME4_ADV/CLKIN1  n/a            3.000         5.000       2.000      MMCM_X0Y0  clk_mmcm/CLKIN1



---------------------------------------------------------------------------------------------------
From Clock:  clk_100_mmcm
  To Clock:  clk_100_mmcm

Setup :            0  Failing Endpoints,  Worst Slack        6.054ns,  Total Violation        0.000ns
Hold  :            0  Failing Endpoints,  Worst Slack        0.028ns,  Total Violation        0.000ns
PW    :            0  Failing Endpoints,  Worst Slack        4.458ns,  Total Violation        0.000ns
---------------------------------------------------------------------------------------------------


Max Delay Paths
--------------------------------------------------------------------------------------
Slack (MET) :             6.054ns  (required time - arrival time)
  Source:                 jtag_lite/inst/jtag_axi_engine_u/wr_cmd_fifo_i/inst_fifo_gen/gconvfifo.rf/grf.rf/gntv_or_sync_fifo.mem/gbm.gbmg.gbmga.ngecc.bmg/inst_blk_mem_gen/gnbram.gnativebmg.native_blk_mem_gen/valid.cstr/ramloop[0].ram.r/SAFETY_CKT_GEN.ENB_NO_REG.ENB_dly_D_reg/C
                            (rising edge-triggered cell FDRE clocked by clk_100_mmcm  {rise@0.000ns fall@5.000ns period=10.000ns})
  Destination:            jtag_lite/inst/jtag_axi_engine_u/rx_fifo_i/inst_fifo_gen/gconvfifo.rf/grf.rf/gntv_or_sync_fifo.mem/gbm.gbmg.gbmga.ngecc.bmg/inst_blk_mem_gen/gnbram.gnativebmg.native_blk_mem_gen/valid.cstr/ramloop[0].ram.r/prim_noinit.ram/DEVICE_8SERIES.NO_BMM_INFO.SDP.WIDE_PRIM18.ram/ENBWREN
                            (rising edge-triggered cell RAMB18E2 clocked by clk_100_mmcm  {rise@0.000ns fall@5.000ns period=10.000ns})
  Path Group:             clk_100_mmcm
  Path Type:              Setup (Max at Slow Process Corner)
  Requirement:            10.000ns  (clk_100_mmcm rise@10.000ns - clk_100_mmcm rise@0.000ns)
  Data Path Delay:        3.291ns  (logic 0.144ns (4.376%)  route 3.147ns (95.624%))
  Logic Levels:           1  (LUT3=1)
  Clock Path Skew:        -0.239ns (DCD - SCD + CPR)
    Destination Clock Delay (DCD):    4.420ns = ( 14.420 - 10.000 ) 
    Source Clock Delay      (SCD):    4.260ns
    Clock Pessimism Removal (CPR):    -0.399ns
  Clock Uncertainty:      0.074ns  ((TSJ^2 + DJ^2)^1/2) / 2 + PE
    Total System Jitter     (TSJ):    0.071ns
    Discrete Jitter          (DJ):    0.129ns
    Phase Error              (PE):    0.000ns
  Clock Net Delay (Source):      2.944ns (routing 1.399ns, distribution 1.545ns)
  Clock Net Delay (Destination): 2.576ns (routing 1.270ns, distribution 1.306ns)

    Location             Delay type                Incr(ns)  Path(ns)    Netlist Resource(s)
  -------------------------------------------------------------------    -------------------
                         (clock clk_100_mmcm rise edge)
                                                      0.000     0.000 r  
    AM15                                              0.000     0.000 r  clk_p (IN)
                         net (fo=0)                   0.100     0.100    clk_in_ibufds/I
    HPIOBDIFFINBUF_X0Y10 DIFFINBUF (Prop_DIFFINBUF_HPIOBDIFFINBUF_DIFF_IN_P_O)
                                                      0.617     0.717 r  clk_in_ibufds/DIFFINBUF_INST/O
                         net (fo=1, routed)           0.050     0.767    clk_in_ibufds/OUT
    AM15                 IBUFCTRL (Prop_IBUFCTRL_HPIOB_M_I_O)
                                                      0.000     0.767 r  clk_in_ibufds/IBUFCTRL_INST/O
                         net (fo=1, routed)           0.397     1.164    clk_in
    MMCM_X0Y0            MMCME4_ADV (Prop_MMCM_CLKIN1_CLKOUT1)
                                                     -0.127     1.037 r  clk_mmcm/CLKOUT1
                         net (fo=1, routed)           0.251     1.288    clk_100_mmcm
    BUFGCE_X0Y3          BUFGCE (Prop_BUFCE_BUFGCE_I_O)
                                                      0.028     1.316 r  clk_100_bufg/O
    X3Y4 (CLOCK_ROOT)    net (fo=1021, routed)        2.944     4.260    jtag_lite/inst/jtag_axi_engine_u/wr_cmd_fifo_i/inst_fifo_gen/gconvfifo.rf/grf.rf/gntv_or_sync_fifo.mem/gbm.gbmg.gbmga.ngecc.bmg/inst_blk_mem_gen/gnbram.gnativebmg.native_blk_mem_gen/valid.cstr/ramloop[0].ram.r/DEVICE_8SERIES.NO_BMM_INFO.SDP.WIDE_PRIM36_NO_ECC.ram
    SLICE_X86Y140        FDRE                                         r  jtag_lite/inst/jtag_axi_engine_u/wr_cmd_fifo_i/inst_fifo_gen/gconvfifo.rf/grf.rf/gntv_or_sync_fifo.mem/gbm.gbmg.gbmga.ngecc.bmg/inst_blk_mem_gen/gnbram.gnativebmg.native_blk_mem_gen/valid.cstr/ramloop[0].ram.r/SAFETY_CKT_GEN.ENB_NO_REG.ENB_dly_D_reg/C
  -------------------------------------------------------------------    -------------------
    SLICE_X86Y140        FDRE (Prop_GFF_SLICEM_C_Q)
                                                      0.078     4.338 r  jtag_lite/inst/jtag_axi_engine_u/wr_cmd_fifo_i/inst_fifo_gen/gconvfifo.rf/grf.rf/gntv_or_sync_fifo.mem/gbm.gbmg.gbmga.ngecc.bmg/inst_blk_mem_gen/gnbram.gnativebmg.native_blk_mem_gen/valid.cstr/ramloop[0].ram.r/SAFETY_CKT_GEN.ENB_NO_REG.ENB_dly_D_reg/Q
                         net (fo=3, routed)           2.811     7.149    jtag_lite/inst/jtag_axi_engine_u/wr_cmd_fifo_i/inst_fifo_gen/gconvfifo.rf/grf.rf/gntv_or_sync_fifo.mem/gbm.gbmg.gbmga.ngecc.bmg/inst_blk_mem_gen/gnbram.gnativebmg.native_blk_mem_gen/valid.cstr/ramloop[0].ram.r/prim_noinit.ram/ENB_dly_D
    SLICE_X74Y407        LUT3 (Prop_D5LUT_SLICEL_I0_O)
                                                      0.066     7.215 r  jtag_lite/inst/jtag_axi_engine_u/wr_cmd_fifo_i/inst_fifo_gen/gconvfifo.rf/grf.rf/gntv_or_sync_fifo.mem/gbm.gbmg.gbmga.ngecc.bmg/inst_blk_mem_gen/gnbram.gnativebmg.native_blk_mem_gen/valid.cstr/ramloop[0].ram.r/prim_noinit.ram/DEVICE_8SERIES.NO_BMM_INFO.SDP.WIDE_PRIM18.ram_i_2/O
                         net (fo=1, routed)           0.336     7.551    jtag_lite/inst/jtag_axi_engine_u/rx_fifo_i/inst_fifo_gen/gconvfifo.rf/grf.rf/gntv_or_sync_fifo.mem/gbm.gbmg.gbmga.ngecc.bmg/inst_blk_mem_gen/gnbram.gnativebmg.native_blk_mem_gen/valid.cstr/ramloop[0].ram.r/prim_noinit.ram/ENA_I
    RAMB18_X7Y162        RAMB18E2                                     r  jtag_lite/inst/jtag_axi_engine_u/rx_fifo_i/inst_fifo_gen/gconvfifo.rf/grf.rf/gntv_or_sync_fifo.mem/gbm.gbmg.gbmga.ngecc.bmg/inst_blk_mem_gen/gnbram.gnativebmg.native_blk_mem_gen/valid.cstr/ramloop[0].ram.r/prim_noinit.ram/DEVICE_8SERIES.NO_BMM_INFO.SDP.WIDE_PRIM18.ram/ENBWREN
  -------------------------------------------------------------------    -------------------

                         (clock clk_100_mmcm rise edge)
                                                     10.000    10.000 r  
    AM15                                              0.000    10.000 r  clk_p (IN)
                         net (fo=0)                   0.079    10.079    clk_in_ibufds/I
    HPIOBDIFFINBUF_X0Y10 DIFFINBUF (Prop_DIFFINBUF_HPIOBDIFFINBUF_DIFF_IN_P_O)
                                                      0.507    10.586 r  clk_in_ibufds/DIFFINBUF_INST/O
                         net (fo=1, routed)           0.040    10.626    clk_in_ibufds/OUT
    AM15                 IBUFCTRL (Prop_IBUFCTRL_HPIOB_M_I_O)
                                                      0.000    10.626 r  clk_in_ibufds/IBUFCTRL_INST/O
                         net (fo=1, routed)           0.344    10.970    clk_in
    MMCM_X0Y0            MMCME4_ADV (Prop_MMCM_CLKIN1_CLKOUT1)
                                                      0.630    11.600 r  clk_mmcm/CLKOUT1
                         net (fo=1, routed)           0.220    11.820    clk_100_mmcm
    BUFGCE_X0Y3          BUFGCE (Prop_BUFCE_BUFGCE_I_O)
                                                      0.024    11.844 r  clk_100_bufg/O
    X3Y4 (CLOCK_ROOT)    net (fo=1021, routed)        2.576    14.420    jtag_lite/inst/jtag_axi_engine_u/rx_fifo_i/inst_fifo_gen/gconvfifo.rf/grf.rf/gntv_or_sync_fifo.mem/gbm.gbmg.gbmga.ngecc.bmg/inst_blk_mem_gen/gnbram.gnativebmg.native_blk_mem_gen/valid.cstr/ramloop[0].ram.r/prim_noinit.ram/DEVICE_8SERIES.NO_BMM_INFO.SDP.WIDE_PRIM18.ram_0
    RAMB18_X7Y162        RAMB18E2                                     r  jtag_lite/inst/jtag_axi_engine_u/rx_fifo_i/inst_fifo_gen/gconvfifo.rf/grf.rf/gntv_or_sync_fifo.mem/gbm.gbmg.gbmga.ngecc.bmg/inst_blk_mem_gen/gnbram.gnativebmg.native_blk_mem_gen/valid.cstr/ramloop[0].ram.r/prim_noinit.ram/DEVICE_8SERIES.NO_BMM_INFO.SDP.WIDE_PRIM18.ram/CLKBWRCLK
                         clock pessimism             -0.399    14.021    
                         clock uncertainty           -0.074    13.947    
    RAMB18_X7Y162        RAMB18E2 (Setup_RAMB18E2_L_RAMB180_CLKBWRCLK_ENBWREN)
                                                     -0.342    13.605    jtag_lite/inst/jtag_axi_engine_u/rx_fifo_i/inst_fifo_gen/gconvfifo.rf/grf.rf/gntv_or_sync_fifo.mem/gbm.gbmg.gbmga.ngecc.bmg/inst_blk_mem_gen/gnbram.gnativebmg.native_blk_mem_gen/valid.cstr/ramloop[0].ram.r/prim_noinit.ram/DEVICE_8SERIES.NO_BMM_INFO.SDP.WIDE_PRIM18.ram
  -------------------------------------------------------------------
                         required time                         13.605    
                         arrival time                          -7.551    
  -------------------------------------------------------------------
                         slack                                  6.054    





Min Delay Paths
--------------------------------------------------------------------------------------
Slack (MET) :             0.028ns  (arrival time - required time)
  Source:                 jtag_lite/inst/jtag_axi_engine_u/tx_fifo_i/inst_fifo_gen/gconvfifo.rf/grf.rf/gntv_or_sync_fifo.mem/gdm.dm_gen.dm/gpr1.dout_i_reg[31]/C
                            (rising edge-triggered cell FDRE clocked by clk_100_mmcm  {rise@0.000ns fall@5.000ns period=10.000ns})
  Destination:            jtag_lite/inst/jtag_axi_engine_u/tx_fifo_i/inst_fifo_gen/gconvfifo.rf/grf.rf/gntv_or_sync_fifo.mem/goreg_dm.dout_i_reg[31]/D
                            (rising edge-triggered cell FDRE clocked by clk_100_mmcm  {rise@0.000ns fall@5.000ns period=10.000ns})
  Path Group:             clk_100_mmcm
  Path Type:              Hold (Min at Slow Process Corner)
  Requirement:            0.000ns  (clk_100_mmcm rise@0.000ns - clk_100_mmcm rise@0.000ns)
  Data Path Delay:        0.299ns  (logic 0.058ns (19.398%)  route 0.241ns (80.602%))
  Logic Levels:           0  
  Clock Path Skew:        0.209ns (DCD - SCD - CPR)
    Destination Clock Delay (DCD):    4.144ns
    Source Clock Delay      (SCD):    4.334ns
    Clock Pessimism Removal (CPR):    -0.399ns
  Clock Net Delay (Source):      2.490ns (routing 1.270ns, distribution 1.220ns)
  Clock Net Delay (Destination): 2.828ns (routing 1.399ns, distribution 1.429ns)

    Location             Delay type                Incr(ns)  Path(ns)    Netlist Resource(s)
  -------------------------------------------------------------------    -------------------
                         (clock clk_100_mmcm rise edge)
                                                      0.000     0.000 r  
    AM15                                              0.000     0.000 r  clk_p (IN)
                         net (fo=0)                   0.079     0.079    clk_in_ibufds/I
    HPIOBDIFFINBUF_X0Y10 DIFFINBUF (Prop_DIFFINBUF_HPIOBDIFFINBUF_DIFF_IN_P_O)
                                                      0.507     0.586 r  clk_in_ibufds/DIFFINBUF_INST/O
                         net (fo=1, routed)           0.040     0.626    clk_in_ibufds/OUT
    AM15                 IBUFCTRL (Prop_IBUFCTRL_HPIOB_M_I_O)
                                                      0.000     0.626 r  clk_in_ibufds/IBUFCTRL_INST/O
                         net (fo=1, routed)           0.344     0.970    clk_in
    MMCM_X0Y0            MMCME4_ADV (Prop_MMCM_CLKIN1_CLKOUT1)
                                                      0.630     1.600 r  clk_mmcm/CLKOUT1
                         net (fo=1, routed)           0.220     1.820    clk_100_mmcm
    BUFGCE_X0Y3          BUFGCE (Prop_BUFCE_BUFGCE_I_O)
                                                      0.024     1.844 r  clk_100_bufg/O
    X3Y4 (CLOCK_ROOT)    net (fo=1021, routed)        2.490     4.334    jtag_lite/inst/jtag_axi_engine_u/tx_fifo_i/inst_fifo_gen/gconvfifo.rf/grf.rf/gntv_or_sync_fifo.mem/gdm.dm_gen.dm/gpr1.dout_i_reg[0]_0
    SLICE_X77Y298        FDRE                                         r  jtag_lite/inst/jtag_axi_engine_u/tx_fifo_i/inst_fifo_gen/gconvfifo.rf/grf.rf/gntv_or_sync_fifo.mem/gdm.dm_gen.dm/gpr1.dout_i_reg[31]/C
  -------------------------------------------------------------------    -------------------
    SLICE_X77Y298        FDRE (Prop_AFF_SLICEL_C_Q)
                                                      0.058     4.392 r  jtag_lite/inst/jtag_axi_engine_u/tx_fifo_i/inst_fifo_gen/gconvfifo.rf/grf.rf/gntv_or_sync_fifo.mem/gdm.dm_gen.dm/gpr1.dout_i_reg[31]/Q
                         net (fo=1, routed)           0.241     4.633    jtag_lite/inst/jtag_axi_engine_u/tx_fifo_i/inst_fifo_gen/gconvfifo.rf/grf.rf/gntv_or_sync_fifo.mem/dout_i[31]
    SLICE_X77Y318        FDRE                                         r  jtag_lite/inst/jtag_axi_engine_u/tx_fifo_i/inst_fifo_gen/gconvfifo.rf/grf.rf/gntv_or_sync_fifo.mem/goreg_dm.dout_i_reg[31]/D
  -------------------------------------------------------------------    -------------------

                         (clock clk_100_mmcm rise edge)
                                                      0.000     0.000 r  
    AM15                                              0.000     0.000 r  clk_p (IN)
                         net (fo=0)                   0.100     0.100    clk_in_ibufds/I
    HPIOBDIFFINBUF_X0Y10 DIFFINBUF (Prop_DIFFINBUF_HPIOBDIFFINBUF_DIFF_IN_P_O)
                                                      0.617     0.717 r  clk_in_ibufds/DIFFINBUF_INST/O
                         net (fo=1, routed)           0.050     0.767    clk_in_ibufds/OUT
    AM15                 IBUFCTRL (Prop_IBUFCTRL_HPIOB_M_I_O)
                                                      0.000     0.767 r  clk_in_ibufds/IBUFCTRL_INST/O
                         net (fo=1, routed)           0.397     1.164    clk_in
    MMCM_X0Y0            MMCME4_ADV (Prop_MMCM_CLKIN1_CLKOUT1)
                                                     -0.127     1.037 r  clk_mmcm/CLKOUT1
                         net (fo=1, routed)           0.251     1.288    clk_100_mmcm
    BUFGCE_X0Y3          BUFGCE (Prop_BUFCE_BUFGCE_I_O)
                                                      0.028     1.316 r  clk_100_bufg/O
    X3Y4 (CLOCK_ROOT)    net (fo=1021, routed)        2.828     4.144    jtag_lite/inst/jtag_axi_engine_u/tx_fifo_i/inst_fifo_gen/gconvfifo.rf/grf.rf/gntv_or_sync_fifo.mem/gpr1.dout_i_reg[0]
    SLICE_X77Y318        FDRE                                         r  jtag_lite/inst/jtag_axi_engine_u/tx_fifo_i/inst_fifo_gen/gconvfifo.rf/grf.rf/gntv_or_sync_fifo.mem/goreg_dm.dout_i_reg[31]/C
                         clock pessimism              0.399     4.543    
    SLICE_X77Y318        FDRE (Hold_CFF2_SLICEL_C_D)
                                                      0.062     4.605    jtag_lite/inst/jtag_axi_engine_u/tx_fifo_i/inst_fifo_gen/gconvfifo.rf/grf.rf/gntv_or_sync_fifo.mem/goreg_dm.dout_i_reg[31]
  -------------------------------------------------------------------
                         required time                         -4.605    
                         arrival time                           4.633    
  -------------------------------------------------------------------
                         slack                                  0.028    





Pulse Width Checks
--------------------------------------------------------------------------------------
Clock Name:         clk_100_mmcm
Waveform(ns):       { 0.000 5.000 }
Period(ns):         10.000
Sources:            { clk_mmcm/CLKOUT1 }

Check Type        Corner  Lib Pin             Reference Pin  Required(ns)  Actual(ns)  Slack(ns)  Location      Pin
Min Period        n/a     RAMB36E2/CLKARDCLK  n/a            1.355         10.000      8.645      RAMB36_X8Y15  jtag_lite/inst/jtag_axi_engine_u/rd_cmd_fifo_i/inst_fifo_gen/gconvfifo.rf/grf.rf/gntv_or_sync_fifo.mem/gbm.gbmg.gbmga.ngecc.bmg/inst_blk_mem_gen/gnbram.gnativebmg.native_blk_mem_gen/valid.cstr/ramloop[0].ram.r/prim_noinit.ram/DEVICE_8SERIES.NO_BMM_INFO.SDP.WIDE_PRIM36_NO_ECC.ram/CLKARDCLK
Low Pulse Width   Slow    RAMB36E2/CLKARDCLK  n/a            0.542         5.000       4.458      RAMB36_X8Y15  jtag_lite/inst/jtag_axi_engine_u/rd_cmd_fifo_i/inst_fifo_gen/gconvfifo.rf/grf.rf/gntv_or_sync_fifo.mem/gbm.gbmg.gbmga.ngecc.bmg/inst_blk_mem_gen/gnbram.gnativebmg.native_blk_mem_gen/valid.cstr/ramloop[0].ram.r/prim_noinit.ram/DEVICE_8SERIES.NO_BMM_INFO.SDP.WIDE_PRIM36_NO_ECC.ram/CLKARDCLK
High Pulse Width  Slow    RAMB36E2/CLKARDCLK  n/a            0.542         5.000       4.458      RAMB36_X8Y15  jtag_lite/inst/jtag_axi_engine_u/rd_cmd_fifo_i/inst_fifo_gen/gconvfifo.rf/grf.rf/gntv_or_sync_fifo.mem/gbm.gbmg.gbmga.ngecc.bmg/inst_blk_mem_gen/gnbram.gnativebmg.native_blk_mem_gen/valid.cstr/ramloop[0].ram.r/prim_noinit.ram/DEVICE_8SERIES.NO_BMM_INFO.SDP.WIDE_PRIM36_NO_ECC.ram/CLKARDCLK



---------------------------------------------------------------------------------------------------
From Clock:  clk_125_mmcm
  To Clock:  clk_125_mmcm

Setup :            0  Failing Endpoints,  Worst Slack        6.106ns,  Total Violation        0.000ns
Hold  :            0  Failing Endpoints,  Worst Slack        0.037ns,  Total Violation        0.000ns
PW    :            0  Failing Endpoints,  Worst Slack        3.725ns,  Total Violation        0.000ns
---------------------------------------------------------------------------------------------------


Max Delay Paths
--------------------------------------------------------------------------------------
Slack (MET) :             6.106ns  (required time - arrival time)
  Source:                 cmac_inst/inst/master_watchdog_reg[19]/C
                            (rising edge-triggered cell FDRE clocked by clk_125_mmcm  {rise@0.000ns fall@4.000ns period=8.000ns})
  Destination:            cmac_inst/inst/master_watchdog_reg[24]/S
                            (rising edge-triggered cell FDSE clocked by clk_125_mmcm  {rise@0.000ns fall@4.000ns period=8.000ns})
  Path Group:             clk_125_mmcm
  Path Type:              Setup (Max at Slow Process Corner)
  Requirement:            8.000ns  (clk_125_mmcm rise@8.000ns - clk_125_mmcm rise@0.000ns)
  Data Path Delay:        1.689ns  (logic 0.415ns (24.567%)  route 1.274ns (75.433%))
  Logic Levels:           3  (LUT4=1 LUT5=1 LUT6=1)
  Clock Path Skew:        -0.059ns (DCD - SCD + CPR)
    Destination Clock Delay (DCD):    4.427ns = ( 12.427 - 8.000 ) 
    Source Clock Delay      (SCD):    4.228ns
    Clock Pessimism Removal (CPR):    -0.257ns
  Clock Uncertainty:      0.071ns  ((TSJ^2 + DJ^2)^1/2) / 2 + PE
    Total System Jitter     (TSJ):    0.071ns
    Discrete Jitter          (DJ):    0.124ns
    Phase Error              (PE):    0.000ns
  Clock Net Delay (Source):      2.916ns (routing 2.016ns, distribution 0.900ns)
  Clock Net Delay (Destination): 2.585ns (routing 1.833ns, distribution 0.752ns)

    Location             Delay type                Incr(ns)  Path(ns)    Netlist Resource(s)
  -------------------------------------------------------------------    -------------------
                         (clock clk_125_mmcm rise edge)
                                                      0.000     0.000 r  
    AM15                                              0.000     0.000 r  clk_p (IN)
                         net (fo=0)                   0.100     0.100    clk_in_ibufds/I
    HPIOBDIFFINBUF_X0Y10 DIFFINBUF (Prop_DIFFINBUF_HPIOBDIFFINBUF_DIFF_IN_P_O)
                                                      0.617     0.717 r  clk_in_ibufds/DIFFINBUF_INST/O
                         net (fo=1, routed)           0.050     0.767    clk_in_ibufds/OUT
    AM15                 IBUFCTRL (Prop_IBUFCTRL_HPIOB_M_I_O)
                                                      0.000     0.767 r  clk_in_ibufds/IBUFCTRL_INST/O
                         net (fo=1, routed)           0.397     1.164    clk_in
    MMCM_X0Y0            MMCME4_ADV (Prop_MMCM_CLKIN1_CLKOUT2)
                                                     -0.127     1.037 r  clk_mmcm/CLKOUT2
                         net (fo=1, routed)           0.248     1.285    clk_125_mmcm
    BUFGCE_X0Y5          BUFGCE (Prop_BUFCE_BUFGCE_I_O)
                                                      0.028     1.313 r  clk_125_bufg/O
    X0Y3 (CLOCK_ROOT)    net (fo=259, routed)         2.916     4.228    cmac_inst/inst/init_clk
    SLICE_X1Y252         FDRE                                         r  cmac_inst/inst/master_watchdog_reg[19]/C
  -------------------------------------------------------------------    -------------------
    SLICE_X1Y252         FDRE (Prop_DFF_SLICEM_C_Q)
                                                      0.078     4.306 f  cmac_inst/inst/master_watchdog_reg[19]/Q
                         net (fo=2, routed)           0.166     4.473    cmac_inst/inst/i_cmac_usplus_0_cmac_cdc_sync_tx_reset_done_init_clk/master_watchdog_reg[19]
    SLICE_X1Y253         LUT6 (Prop_G6LUT_SLICEM_I5_O)
                                                      0.150     4.623 r  cmac_inst/inst/i_cmac_usplus_0_cmac_cdc_sync_tx_reset_done_init_clk/master_watchdog_barking_i_4/O
                         net (fo=1, routed)           0.200     4.823    cmac_inst/inst/i_cmac_usplus_0_cmac_cdc_sync_tx_reset_done_init_clk/master_watchdog_barking_i_4_n_0
    SLICE_X0Y251         LUT5 (Prop_G6LUT_SLICEL_I2_O)
                                                      0.089     4.912 r  cmac_inst/inst/i_cmac_usplus_0_cmac_cdc_sync_tx_reset_done_init_clk/master_watchdog_barking_i_1/O
                         net (fo=2, routed)           0.445     5.356    cmac_inst/inst/i_cmac_usplus_0_cmac_cdc_sync_tx_reset_done_init_clk/master_watchdog_reg_2_sn_1
    SLICE_X1Y247         LUT4 (Prop_F6LUT_SLICEM_I0_O)
                                                      0.098     5.454 r  cmac_inst/inst/i_cmac_usplus_0_cmac_cdc_sync_tx_reset_done_init_clk/master_watchdog[0]_i_1/O
                         net (fo=27, routed)          0.463     5.918    cmac_inst/inst/master_watchdog0
    SLICE_X1Y253         FDSE                                         r  cmac_inst/inst/master_watchdog_reg[24]/S
  -------------------------------------------------------------------    -------------------

                         (clock clk_125_mmcm rise edge)
                                                      8.000     8.000 r  
    AM15                                              0.000     8.000 r  clk_p (IN)
                         net (fo=0)                   0.079     8.079    clk_in_ibufds/I
    HPIOBDIFFINBUF_X0Y10 DIFFINBUF (Prop_DIFFINBUF_HPIOBDIFFINBUF_DIFF_IN_P_O)
                                                      0.507     8.586 r  clk_in_ibufds/DIFFINBUF_INST/O
                         net (fo=1, routed)           0.040     8.626    clk_in_ibufds/OUT
    AM15                 IBUFCTRL (Prop_IBUFCTRL_HPIOB_M_I_O)
                                                      0.000     8.626 r  clk_in_ibufds/IBUFCTRL_INST/O
                         net (fo=1, routed)           0.344     8.970    clk_in
    MMCM_X0Y0            MMCME4_ADV (Prop_MMCM_CLKIN1_CLKOUT2)
                                                      0.630     9.600 r  clk_mmcm/CLKOUT2
                         net (fo=1, routed)           0.218     9.818    clk_125_mmcm
    BUFGCE_X0Y5          BUFGCE (Prop_BUFCE_BUFGCE_I_O)
                                                      0.024     9.842 r  clk_125_bufg/O
    X0Y3 (CLOCK_ROOT)    net (fo=259, routed)         2.585    12.427    cmac_inst/inst/init_clk
    SLICE_X1Y253         FDSE                                         r  cmac_inst/inst/master_watchdog_reg[24]/C
                         clock pessimism             -0.257    12.169    
                         clock uncertainty           -0.071    12.098    
    SLICE_X1Y253         FDSE (Setup_AFF_SLICEM_C_S)
                                                     -0.074    12.024    cmac_inst/inst/master_watchdog_reg[24]
  -------------------------------------------------------------------
                         required time                         12.024    
                         arrival time                          -5.918    
  -------------------------------------------------------------------
                         slack                                  6.106    





Min Delay Paths
--------------------------------------------------------------------------------------
Slack (MET) :             0.037ns  (arrival time - required time)
  Source:                 cmac_inst/inst/cmac_usplus_0_gt_i/inst/gen_gtwizard_gtye4_top.cmac_usplus_0_gt_gtwizard_gtye4_inst/gen_gtwizard_gtye4.gen_reset_controller_internal.gen_single_instance.gtwiz_reset_inst/bit_synchronizer_gtwiz_reset_userclk_rx_active_inst/i_in_sync3_reg/C
                            (rising edge-triggered cell FDRE clocked by clk_125_mmcm  {rise@0.000ns fall@4.000ns period=8.000ns})
  Destination:            cmac_inst/inst/cmac_usplus_0_gt_i/inst/gen_gtwizard_gtye4_top.cmac_usplus_0_gt_gtwizard_gtye4_inst/gen_gtwizard_gtye4.gen_reset_controller_internal.gen_single_instance.gtwiz_reset_inst/bit_synchronizer_gtwiz_reset_userclk_rx_active_inst/i_in_out_reg/D
                            (rising edge-triggered cell FDRE clocked by clk_125_mmcm  {rise@0.000ns fall@4.000ns period=8.000ns})
  Path Group:             clk_125_mmcm
  Path Type:              Hold (Min at Fast Process Corner)
  Requirement:            0.000ns  (clk_125_mmcm rise@0.000ns - clk_125_mmcm rise@0.000ns)
  Data Path Delay:        0.108ns  (logic 0.041ns (37.963%)  route 0.067ns (62.037%))
  Logic Levels:           0  
  Clock Path Skew:        0.024ns (DCD - SCD - CPR)
    Destination Clock Delay (DCD):    2.435ns
    Source Clock Delay      (SCD):    2.578ns
    Clock Pessimism Removal (CPR):    -0.168ns
  Clock Net Delay (Source):      1.580ns (routing 1.097ns, distribution 0.483ns)
  Clock Net Delay (Destination): 1.776ns (routing 1.215ns, distribution 0.561ns)

    Location             Delay type                Incr(ns)  Path(ns)    Netlist Resource(s)
  -------------------------------------------------------------------    -------------------
                         (clock clk_125_mmcm rise edge)
                                                      0.000     0.000 r  
    AM15                                              0.000     0.000 r  clk_p (IN)
                         net (fo=0)                   0.079     0.079    clk_in_ibufds/I
    HPIOBDIFFINBUF_X0Y10 DIFFINBUF (Prop_DIFFINBUF_HPIOBDIFFINBUF_DIFF_IN_P_O)
                                                      0.283     0.362 r  clk_in_ibufds/DIFFINBUF_INST/O
                         net (fo=1, routed)           0.040     0.402    clk_in_ibufds/OUT
    AM15                 IBUFCTRL (Prop_IBUFCTRL_HPIOB_M_I_O)
                                                      0.000     0.402 r  clk_in_ibufds/IBUFCTRL_INST/O
                         net (fo=1, routed)           0.203     0.605    clk_in
    MMCM_X0Y0            MMCME4_ADV (Prop_MMCM_CLKIN1_CLKOUT2)
                                                      0.230     0.835 r  clk_mmcm/CLKOUT2
                         net (fo=1, routed)           0.147     0.982    clk_125_mmcm
    BUFGCE_X0Y5          BUFGCE (Prop_BUFCE_BUFGCE_I_O)
                                                      0.017     0.999 r  clk_125_bufg/O
    X0Y3 (CLOCK_ROOT)    net (fo=259, routed)         1.580     2.578    cmac_inst/inst/cmac_usplus_0_gt_i/inst/gen_gtwizard_gtye4_top.cmac_usplus_0_gt_gtwizard_gtye4_inst/gen_gtwizard_gtye4.gen_reset_controller_internal.gen_single_instance.gtwiz_reset_inst/bit_synchronizer_gtwiz_reset_userclk_rx_active_inst/gtwiz_reset_clk_freerun_in[0]
    SLICE_X1Y257         FDRE                                         r  cmac_inst/inst/cmac_usplus_0_gt_i/inst/gen_gtwizard_gtye4_top.cmac_usplus_0_gt_gtwizard_gtye4_inst/gen_gtwizard_gtye4.gen_reset_controller_internal.gen_single_instance.gtwiz_reset_inst/bit_synchronizer_gtwiz_reset_userclk_rx_active_inst/i_in_sync3_reg/C
  -------------------------------------------------------------------    -------------------
    SLICE_X1Y257         FDRE (Prop_DFF2_SLICEM_C_Q)
                                                      0.041     2.619 r  cmac_inst/inst/cmac_usplus_0_gt_i/inst/gen_gtwizard_gtye4_top.cmac_usplus_0_gt_gtwizard_gtye4_inst/gen_gtwizard_gtye4.gen_reset_controller_internal.gen_single_instance.gtwiz_reset_inst/bit_synchronizer_gtwiz_reset_userclk_rx_active_inst/i_in_sync3_reg/Q
                         net (fo=1, routed)           0.067     2.686    cmac_inst/inst/cmac_usplus_0_gt_i/inst/gen_gtwizard_gtye4_top.cmac_usplus_0_gt_gtwizard_gtye4_inst/gen_gtwizard_gtye4.gen_reset_controller_internal.gen_single_instance.gtwiz_reset_inst/bit_synchronizer_gtwiz_reset_userclk_rx_active_inst/i_in_sync3
    SLICE_X1Y256         FDRE                                         r  cmac_inst/inst/cmac_usplus_0_gt_i/inst/gen_gtwizard_gtye4_top.cmac_usplus_0_gt_gtwizard_gtye4_inst/gen_gtwizard_gtye4.gen_reset_controller_internal.gen_single_instance.gtwiz_reset_inst/bit_synchronizer_gtwiz_reset_userclk_rx_active_inst/i_in_out_reg/D
  -------------------------------------------------------------------    -------------------

                         (clock clk_125_mmcm rise edge)
                                                      0.000     0.000 r  
    AM15                                              0.000     0.000 r  clk_p (IN)
                         net (fo=0)                   0.100     0.100    clk_in_ibufds/I
    HPIOBDIFFINBUF_X0Y10 DIFFINBUF (Prop_DIFFINBUF_HPIOBDIFFINBUF_DIFF_IN_P_O)
                                                      0.388     0.488 r  clk_in_ibufds/DIFFINBUF_INST/O
                         net (fo=1, routed)           0.050     0.538    clk_in_ibufds/OUT
    AM15                 IBUFCTRL (Prop_IBUFCTRL_HPIOB_M_I_O)
                                                      0.000     0.538 r  clk_in_ibufds/IBUFCTRL_INST/O
                         net (fo=1, routed)           0.230     0.768    clk_in
    MMCM_X0Y0            MMCME4_ADV (Prop_MMCM_CLKIN1_CLKOUT2)
                                                     -0.295     0.473 r  clk_mmcm/CLKOUT2
                         net (fo=1, routed)           0.167     0.640    clk_125_mmcm
    BUFGCE_X0Y5          BUFGCE (Prop_BUFCE_BUFGCE_I_O)
                                                      0.019     0.659 r  clk_125_bufg/O
    X0Y3 (CLOCK_ROOT)    net (fo=259, routed)         1.776     2.435    cmac_inst/inst/cmac_usplus_0_gt_i/inst/gen_gtwizard_gtye4_top.cmac_usplus_0_gt_gtwizard_gtye4_inst/gen_gtwizard_gtye4.gen_reset_controller_internal.gen_single_instance.gtwiz_reset_inst/bit_synchronizer_gtwiz_reset_userclk_rx_active_inst/gtwiz_reset_clk_freerun_in[0]
    SLICE_X1Y256         FDRE                                         r  cmac_inst/inst/cmac_usplus_0_gt_i/inst/gen_gtwizard_gtye4_top.cmac_usplus_0_gt_gtwizard_gtye4_inst/gen_gtwizard_gtye4.gen_reset_controller_internal.gen_single_instance.gtwiz_reset_inst/bit_synchronizer_gtwiz_reset_userclk_rx_active_inst/i_in_out_reg/C
                         clock pessimism              0.168     2.603    
    SLICE_X1Y256         FDRE (Hold_FFF2_SLICEM_C_D)
                                                      0.047     2.650    cmac_inst/inst/cmac_usplus_0_gt_i/inst/gen_gtwizard_gtye4_top.cmac_usplus_0_gt_gtwizard_gtye4_inst/gen_gtwizard_gtye4.gen_reset_controller_internal.gen_single_instance.gtwiz_reset_inst/bit_synchronizer_gtwiz_reset_userclk_rx_active_inst/i_in_out_reg
  -------------------------------------------------------------------
                         required time                         -2.650    
                         arrival time                           2.686    
  -------------------------------------------------------------------
                         slack                                  0.037    





Pulse Width Checks
--------------------------------------------------------------------------------------
Clock Name:         clk_125_mmcm
Waveform(ns):       { 0.000 4.000 }
Period(ns):         8.000
Sources:            { clk_mmcm/CLKOUT2 }

Check Type        Corner  Lib Pin   Reference Pin  Required(ns)  Actual(ns)  Slack(ns)  Location      Pin
Min Period        n/a     BUFGCE/I  n/a            1.290         8.000       6.710      BUFGCE_X0Y5   clk_125_bufg/I
Low Pulse Width   Slow    FDRE/C    n/a            0.275         4.000       3.725      SLICE_X2Y252  cmac_inst/inst/master_watchdog_barking_reg/C
High Pulse Width  Slow    FDRE/C    n/a            0.275         4.000       3.725      SLICE_X2Y252  cmac_inst/inst/master_watchdog_barking_reg/C



---------------------------------------------------------------------------------------------------
From Clock:  clk_200_mmcm
  To Clock:  clk_200_mmcm

Setup :            0  Failing Endpoints,  Worst Slack        0.345ns,  Total Violation        0.000ns
Hold  :            0  Failing Endpoints,  Worst Slack        0.010ns,  Total Violation        0.000ns
PW    :            0  Failing Endpoints,  Worst Slack        1.800ns,  Total Violation        0.000ns
---------------------------------------------------------------------------------------------------


Max Delay Paths
--------------------------------------------------------------------------------------
Slack (MET) :             0.345ns  (required time - arrival time)
  Source:                 stream_inst/rx_cdc_fifo/gnuram_async_fifo.xpm_fifo_base_inst/xpm_fifo_rst_inst/gen_rst_ic.fifo_rd_rst_ic_reg/C
                            (rising edge-triggered cell FDRE clocked by clk_200_mmcm  {rise@0.000ns fall@2.500ns period=5.000ns})
  Destination:            stream_inst/rx_cdc_fifo/gnuram_async_fifo.xpm_fifo_base_inst/gen_sdpram.xpm_memory_base_inst/gen_rd_b.gen_doutb_pipe.gen_stage.doutb_pipe_reg[0][222]/R
                            (rising edge-triggered cell FDRE clocked by clk_200_mmcm  {rise@0.000ns fall@2.500ns period=5.000ns})
  Path Group:             clk_200_mmcm
  Path Type:              Setup (Max at Slow Process Corner)
  Requirement:            5.000ns  (clk_200_mmcm rise@5.000ns - clk_200_mmcm rise@0.000ns)
  Data Path Delay:        4.376ns  (logic 0.080ns (1.828%)  route 4.296ns (98.172%))
  Logic Levels:           0  
  Clock Path Skew:        -0.138ns (DCD - SCD + CPR)
    Destination Clock Delay (DCD):    4.434ns = ( 9.434 - 5.000 ) 
    Source Clock Delay      (SCD):    4.176ns
    Clock Pessimism Removal (CPR):    -0.396ns
  Clock Uncertainty:      0.067ns  ((TSJ^2 + DJ^2)^1/2) / 2 + PE
    Total System Jitter     (TSJ):    0.071ns
    Discrete Jitter          (DJ):    0.113ns
    Phase Error              (PE):    0.000ns
  Clock Net Delay (Source):      2.866ns (routing 1.356ns, distribution 1.510ns)
  Clock Net Delay (Destination): 2.595ns (routing 1.231ns, distribution 1.364ns)

    Location             Delay type                Incr(ns)  Path(ns)    Netlist Resource(s)
  -------------------------------------------------------------------    -------------------
                         (clock clk_200_mmcm rise edge)
                                                      0.000     0.000 r  
    AM15                                              0.000     0.000 r  clk_p (IN)
                         net (fo=0)                   0.100     0.100    clk_in_ibufds/I
    HPIOBDIFFINBUF_X0Y10 DIFFINBUF (Prop_DIFFINBUF_HPIOBDIFFINBUF_DIFF_IN_P_O)
                                                      0.617     0.717 r  clk_in_ibufds/DIFFINBUF_INST/O
                         net (fo=1, routed)           0.050     0.767    clk_in_ibufds/OUT
    AM15                 IBUFCTRL (Prop_IBUFCTRL_HPIOB_M_I_O)
                                                      0.000     0.767 r  clk_in_ibufds/IBUFCTRL_INST/O
                         net (fo=1, routed)           0.397     1.164    clk_in
    MMCM_X0Y0            MMCME4_ADV (Prop_MMCM_CLKIN1_CLKOUT0)
                                                     -0.127     1.037 r  clk_mmcm/CLKOUT0
                         net (fo=1, routed)           0.245     1.282    clk_200_mmcm
    BUFGCE_X0Y9          BUFGCE (Prop_BUFCE_BUFGCE_I_O)
                                                      0.028     1.310 r  clk_200_bufg/O
    X2Y3 (CLOCK_ROOT)    net (fo=57585, routed)       2.866     4.176    stream_inst/rx_cdc_fifo/gnuram_async_fifo.xpm_fifo_base_inst/xpm_fifo_rst_inst/rd_clk
    SLICE_X71Y282        FDRE                                         r  stream_inst/rx_cdc_fifo/gnuram_async_fifo.xpm_fifo_base_inst/xpm_fifo_rst_inst/gen_rst_ic.fifo_rd_rst_ic_reg/C
  -------------------------------------------------------------------    -------------------
    SLICE_X71Y282        FDRE (Prop_HFF2_SLICEL_C_Q)
                                                      0.080     4.256 r  stream_inst/rx_cdc_fifo/gnuram_async_fifo.xpm_fifo_base_inst/xpm_fifo_rst_inst/gen_rst_ic.fifo_rd_rst_ic_reg/Q
                         net (fo=542, routed)         4.296     8.552    stream_inst/rx_cdc_fifo/gnuram_async_fifo.xpm_fifo_base_inst/gen_sdpram.xpm_memory_base_inst/rstb
    SLICE_X24Y355        FDRE                                         r  stream_inst/rx_cdc_fifo/gnuram_async_fifo.xpm_fifo_base_inst/gen_sdpram.xpm_memory_base_inst/gen_rd_b.gen_doutb_pipe.gen_stage.doutb_pipe_reg[0][222]/R
  -------------------------------------------------------------------    -------------------

                         (clock clk_200_mmcm rise edge)
                                                      5.000     5.000 r  
    AM15                                              0.000     5.000 r  clk_p (IN)
                         net (fo=0)                   0.079     5.079    clk_in_ibufds/I
    HPIOBDIFFINBUF_X0Y10 DIFFINBUF (Prop_DIFFINBUF_HPIOBDIFFINBUF_DIFF_IN_P_O)
                                                      0.507     5.586 r  clk_in_ibufds/DIFFINBUF_INST/O
                         net (fo=1, routed)           0.040     5.626    clk_in_ibufds/OUT
    AM15                 IBUFCTRL (Prop_IBUFCTRL_HPIOB_M_I_O)
                                                      0.000     5.626 r  clk_in_ibufds/IBUFCTRL_INST/O
                         net (fo=1, routed)           0.344     5.970    clk_in
    MMCM_X0Y0            MMCME4_ADV (Prop_MMCM_CLKIN1_CLKOUT0)
                                                      0.630     6.600 r  clk_mmcm/CLKOUT0
                         net (fo=1, routed)           0.215     6.815    clk_200_mmcm
    BUFGCE_X0Y9          BUFGCE (Prop_BUFCE_BUFGCE_I_O)
                                                      0.024     6.839 r  clk_200_bufg/O
    X2Y3 (CLOCK_ROOT)    net (fo=57585, routed)       2.595     9.434    stream_inst/rx_cdc_fifo/gnuram_async_fifo.xpm_fifo_base_inst/gen_sdpram.xpm_memory_base_inst/clkb
    SLICE_X24Y355        FDRE                                         r  stream_inst/rx_cdc_fifo/gnuram_async_fifo.xpm_fifo_base_inst/gen_sdpram.xpm_memory_base_inst/gen_rd_b.gen_doutb_pipe.gen_stage.doutb_pipe_reg[0][222]/C
                         clock pessimism             -0.396     9.037    
                         clock uncertainty           -0.067     8.971    
    SLICE_X24Y355        FDRE (Setup_AFF_SLICEM_C_R)
                                                     -0.074     8.897    stream_inst/rx_cdc_fifo/gnuram_async_fifo.xpm_fifo_base_inst/gen_sdpram.xpm_memory_base_inst/gen_rd_b.gen_doutb_pipe.gen_stage.doutb_pipe_reg[0][222]
  -------------------------------------------------------------------
                         required time                          8.897    
                         arrival time                          -8.552    
  -------------------------------------------------------------------
                         slack                                  0.345    





Min Delay Paths
--------------------------------------------------------------------------------------
Slack (MET) :             0.010ns  (arrival time - required time)
  Source:                 ernic_inst/inst/inst_qp_mgr/inst_qp_mgr_cache/qp_stat_wqe_cnt_ff_reg[10]/C
                            (rising edge-triggered cell FDRE clocked by clk_200_mmcm  {rise@0.000ns fall@2.500ns period=5.000ns})
  Destination:            ernic_inst/inst/inst_qp_mgr/inst_rnic_config/inst_stat_wqe_regs/xpm_memory_base_inst/gen_wr_a.gen_word_narrow.mem_reg_bram_0/DINADIN[10]
                            (rising edge-triggered cell RAMB18E2 clocked by clk_200_mmcm  {rise@0.000ns fall@2.500ns period=5.000ns})
  Path Group:             clk_200_mmcm
  Path Type:              Hold (Min at Fast Process Corner)
  Requirement:            0.000ns  (clk_200_mmcm rise@0.000ns - clk_200_mmcm rise@0.000ns)
  Data Path Delay:        0.096ns  (logic 0.040ns (41.805%)  route 0.056ns (58.195%))
  Logic Levels:           0  
  Clock Path Skew:        0.091ns (DCD - SCD - CPR)
    Destination Clock Delay (DCD):    2.515ns
    Source Clock Delay      (SCD):    2.591ns
    Clock Pessimism Removal (CPR):    -0.167ns
  Clock Net Delay (Source):      1.593ns (routing 0.741ns, distribution 0.852ns)
  Clock Net Delay (Destination): 1.857ns (routing 0.826ns, distribution 1.031ns)

    Location             Delay type                Incr(ns)  Path(ns)    Netlist Resource(s)
  -------------------------------------------------------------------    -------------------
                         (clock clk_200_mmcm rise edge)
                                                      0.000     0.000 r  
    AM15                                              0.000     0.000 r  clk_p (IN)
                         net (fo=0)                   0.079     0.079    clk_in_ibufds/I
    HPIOBDIFFINBUF_X0Y10 DIFFINBUF (Prop_DIFFINBUF_HPIOBDIFFINBUF_DIFF_IN_P_O)
                                                      0.283     0.362 r  clk_in_ibufds/DIFFINBUF_INST/O
                         net (fo=1, routed)           0.040     0.402    clk_in_ibufds/OUT
    AM15                 IBUFCTRL (Prop_IBUFCTRL_HPIOB_M_I_O)
                                                      0.000     0.402 r  clk_in_ibufds/IBUFCTRL_INST/O
                         net (fo=1, routed)           0.203     0.605    clk_in
    MMCM_X0Y0            MMCME4_ADV (Prop_MMCM_CLKIN1_CLKOUT0)
                                                      0.230     0.835 r  clk_mmcm/CLKOUT0
                         net (fo=1, routed)           0.146     0.981    clk_200_mmcm
    BUFGCE_X0Y9          BUFGCE (Prop_BUFCE_BUFGCE_I_O)
                                                      0.017     0.998 r  clk_200_bufg/O
    X2Y3 (CLOCK_ROOT)    net (fo=57585, routed)       1.593     2.591    ernic_inst/inst/inst_qp_mgr/inst_qp_mgr_cache/m_axi_aclk
    SLICE_X74Y395        FDRE                                         r  ernic_inst/inst/inst_qp_mgr/inst_qp_mgr_cache/qp_stat_wqe_cnt_ff_reg[10]/C
  -------------------------------------------------------------------    -------------------
    SLICE_X74Y395        FDRE (Prop_BFF2_SLICEL_C_Q)
                                                      0.040     2.631 r  ernic_inst/inst/inst_qp_mgr/inst_qp_mgr_cache/qp_stat_wqe_cnt_ff_reg[10]/Q
                         net (fo=3, routed)           0.056     2.686    ernic_inst/inst/inst_qp_mgr/inst_rnic_config/inst_stat_wqe_regs/xpm_memory_base_inst/dinb[10]
    RAMB18_X7Y158        RAMB18E2                                     r  ernic_inst/inst/inst_qp_mgr/inst_rnic_config/inst_stat_wqe_regs/xpm_memory_base_inst/gen_wr_a.gen_word_narrow.mem_reg_bram_0/DINADIN[10]
  -------------------------------------------------------------------    -------------------

                         (clock clk_200_mmcm rise edge)
                                                      0.000     0.000 r  
    AM15                                              0.000     0.000 r  clk_p (IN)
                         net (fo=0)                   0.100     0.100    clk_in_ibufds/I
    HPIOBDIFFINBUF_X0Y10 DIFFINBUF (Prop_DIFFINBUF_HPIOBDIFFINBUF_DIFF_IN_P_O)
                                                      0.388     0.488 r  clk_in_ibufds/DIFFINBUF_INST/O
                         net (fo=1, routed)           0.050     0.538    clk_in_ibufds/OUT
    AM15                 IBUFCTRL (Prop_IBUFCTRL_HPIOB_M_I_O)
                                                      0.000     0.538 r  clk_in_ibufds/IBUFCTRL_INST/O
                         net (fo=1, routed)           0.230     0.768    clk_in
    MMCM_X0Y0            MMCME4_ADV (Prop_MMCM_CLKIN1_CLKOUT0)
                                                     -0.295     0.473 r  clk_mmcm/CLKOUT0
                         net (fo=1, routed)           0.166     0.639    clk_200_mmcm
    BUFGCE_X0Y9          BUFGCE (Prop_BUFCE_BUFGCE_I_O)
                                                      0.019     0.658 r  clk_200_bufg/O
    X2Y3 (CLOCK_ROOT)    net (fo=57585, routed)       1.857     2.515    ernic_inst/inst/inst_qp_mgr/inst_rnic_config/inst_stat_wqe_regs/xpm_memory_base_inst/clka
    RAMB18_X7Y158        RAMB18E2                                     r  ernic_inst/inst/inst_qp_mgr/inst_rnic_config/inst_stat_wqe_regs/xpm_memory_base_inst/gen_wr_a.gen_word_narrow.mem_reg_bram_0/CLKARDCLK
                         clock pessimism              0.167     2.682    
    RAMB18_X7Y158        RAMB18E2 (Hold_RAMB18E2_L_RAMB180_CLKARDCLK_DINADIN[10])
                                                     -0.005     2.677    ernic_inst/inst/inst_qp_mgr/inst_rnic_config/inst_stat_wqe_regs/xpm_memory_base_inst/gen_wr_a.gen_word_narrow.mem_reg_bram_0
  -------------------------------------------------------------------
                         required time                         -2.677    
                         arrival time                           2.686    
  -------------------------------------------------------------------
                         slack                                  0.010    





Pulse Width Checks
--------------------------------------------------------------------------------------
Clock Name:         clk_200_mmcm
Waveform(ns):       { 0.000 2.500 }
Period(ns):         5.000
Sources:            { clk_mmcm/CLKOUT0 }

Check Type        Corner  Lib Pin      Reference Pin  Required(ns)  Actual(ns)  Slack(ns)  Location       Pin
Min Period        n/a     URAM288/CLK  n/a            2.000         5.000       3.000      URAM288_X0Y44  ernic_inst/inst/inst_resp_handler/inst_xpm_max_psn_q/xpm_memory_base_inst/gen_wr_a.gen_word_narrow.mem_reg_uram_0/CLK
Low Pulse Width   Slow    URAM288/CLK  n/a            0.700         2.500       1.800      URAM288_X0Y44  ernic_inst/inst/inst_resp_handler/inst_xpm_max_psn_q/xpm_memory_base_inst/gen_wr_a.gen_word_narrow.mem_reg_uram_0/CLK
High Pulse Width  Slow    URAM288/CLK  n/a            0.700         2.500       1.800      URAM288_X0Y44  ernic_inst/inst/inst_resp_handler/inst_xpm_max_psn_q/xpm_memory_base_inst/gen_wr_a.gen_word_narrow.mem_reg_uram_0/CLK



---------------------------------------------------------------------------------------------------
From Clock:  clk_pl_0
  To Clock:  clk_pl_0

Setup :            0  Failing Endpoints,  Worst Slack        2.157ns,  Total Violation        0.000ns
Hold  :            0  Failing Endpoints,  Worst Slack        0.010ns,  Total Violation        0.000ns
PW    :            0  Failing Endpoints,  Worst Slack        3.400ns,  Total Violation        0.000ns
---------------------------------------------------------------------------------------------------


Max Delay Paths
--------------------------------------------------------------------------------------
Slack (MET) :             2.157ns  (required time - arrival time)
  Source:                 rf_bd/mts_i/ctrl_interconnect/xbar/inst/gen_samd.crossbar_samd/gen_master_slots[5].reg_slice_mi/r.r_pipe/s_ready_i_reg/C
                            (rising edge-triggered cell FDRE clocked by clk_pl_0  {rise@0.000ns fall@5.000ns period=10.000ns})
  Destination:            rf_bd/mts_i/ctrl_interconnect/m05_couplers/auto_cc/inst/gen_clock_conv.gen_async_conv.asyncfifo_axi/inst_fifo_gen/gaxi_full_lite.gread_ch.grdch2.axi_rdch/grf.rf/gntv_or_sync_fifo.mem/gdm.dm_gen.dm/gpr1.dout_i_reg[100]/CE
                            (rising edge-triggered cell FDRE clocked by clk_pl_0  {rise@0.000ns fall@5.000ns period=10.000ns})
  Path Group:             clk_pl_0
  Path Type:              Setup (Max at Slow Process Corner)
  Requirement:            10.000ns  (clk_pl_0 rise@10.000ns - clk_pl_0 rise@0.000ns)
  Data Path Delay:        7.481ns  (logic 0.178ns (2.379%)  route 7.303ns (97.621%))
  Logic Levels:           1  (LUT4=1)
  Clock Path Skew:        -0.172ns (DCD - SCD + CPR)
    Destination Clock Delay (DCD):    2.049ns = ( 12.049 - 10.000 ) 
    Source Clock Delay      (SCD):    2.411ns
    Clock Pessimism Removal (CPR):    0.190ns
  Clock Uncertainty:      0.130ns  ((TSJ^2 + DJ^2)^1/2) / 2 + PE
    Total System Jitter     (TSJ):    0.071ns
    Discrete Jitter          (DJ):    0.250ns
    Phase Error              (PE):    0.000ns
  Clock Net Delay (Source):      2.185ns (routing 0.662ns, distribution 1.523ns)
  Clock Net Delay (Destination): 1.867ns (routing 0.599ns, distribution 1.268ns)

    Location             Delay type                Incr(ns)  Path(ns)    Netlist Resource(s)
  -------------------------------------------------------------------    -------------------
                         (clock clk_pl_0 rise edge)
                                                      0.000     0.000 r  
    PS8_X0Y0             PS8                          0.000     0.000 r  rf_bd/mts_i/zynq_ultra_ps_e_0/inst/PS8_i/PLCLK[0]
                         net (fo=1, routed)           0.198     0.198    rf_bd/mts_i/zynq_ultra_ps_e_0/inst/pl_clk_unbuffered[0]
    BUFG_PS_X0Y48        BUFG_PS (Prop_BUFG_PS_I_O)
                                                      0.028     0.226 r  rf_bd/mts_i/zynq_ultra_ps_e_0/inst/buffer_pl_clk_0.PL_CLK_0_BUFG/O
    X2Y3 (CLOCK_ROOT)    net (fo=32915, routed)       2.185     2.411    rf_bd/mts_i/ctrl_interconnect/xbar/inst/gen_samd.crossbar_samd/gen_master_slots[5].reg_slice_mi/r.r_pipe/aclk
    SLICE_X22Y248        FDRE                                         r  rf_bd/mts_i/ctrl_interconnect/xbar/inst/gen_samd.crossbar_samd/gen_master_slots[5].reg_slice_mi/r.r_pipe/s_ready_i_reg/C
  -------------------------------------------------------------------    -------------------
    SLICE_X22Y248        FDRE (Prop_EFF_SLICEL_C_Q)
                                                      0.079     2.490 r  rf_bd/mts_i/ctrl_interconnect/xbar/inst/gen_samd.crossbar_samd/gen_master_slots[5].reg_slice_mi/r.r_pipe/s_ready_i_reg/Q
                         net (fo=1041, routed)        2.764     5.254    rf_bd/mts_i/ctrl_interconnect/m05_couplers/auto_cc/inst/gen_clock_conv.gen_async_conv.asyncfifo_axi/inst_fifo_gen/gaxi_full_lite.gread_ch.grdch2.axi_rdch/grf.rf/gntv_or_sync_fifo.gl0.rd/gr1.gr1_int.rfwft/s_axi_rready
    SLICE_X29Y319        LUT4 (Prop_E6LUT_SLICEL_I1_O)
                                                      0.099     5.353 r  rf_bd/mts_i/ctrl_interconnect/m05_couplers/auto_cc/inst/gen_clock_conv.gen_async_conv.asyncfifo_axi/inst_fifo_gen/gaxi_full_lite.gread_ch.grdch2.axi_rdch/grf.rf/gntv_or_sync_fifo.gl0.rd/gr1.gr1_int.rfwft/gc0.count_d1[3]_i_1__0/O
                         net (fo=523, routed)         4.539     9.892    rf_bd/mts_i/ctrl_interconnect/m05_couplers/auto_cc/inst/gen_clock_conv.gen_async_conv.asyncfifo_axi/inst_fifo_gen/gaxi_full_lite.gread_ch.grdch2.axi_rdch/grf.rf/gntv_or_sync_fifo.mem/gdm.dm_gen.dm/gpr1.dout_i_reg[0]_0[0]
    SLICE_X58Y286        FDRE                                         r  rf_bd/mts_i/ctrl_interconnect/m05_couplers/auto_cc/inst/gen_clock_conv.gen_async_conv.asyncfifo_axi/inst_fifo_gen/gaxi_full_lite.gread_ch.grdch2.axi_rdch/grf.rf/gntv_or_sync_fifo.mem/gdm.dm_gen.dm/gpr1.dout_i_reg[100]/CE
  -------------------------------------------------------------------    -------------------

                         (clock clk_pl_0 rise edge)
                                                     10.000    10.000 r  
    PS8_X0Y0             PS8                          0.000    10.000 r  rf_bd/mts_i/zynq_ultra_ps_e_0/inst/PS8_i/PLCLK[0]
                         net (fo=1, routed)           0.157    10.157    rf_bd/mts_i/zynq_ultra_ps_e_0/inst/pl_clk_unbuffered[0]
    BUFG_PS_X0Y48        BUFG_PS (Prop_BUFG_PS_I_O)
                                                      0.025    10.182 r  rf_bd/mts_i/zynq_ultra_ps_e_0/inst/buffer_pl_clk_0.PL_CLK_0_BUFG/O
    X2Y3 (CLOCK_ROOT)    net (fo=32915, routed)       1.867    12.049    rf_bd/mts_i/ctrl_interconnect/m05_couplers/auto_cc/inst/gen_clock_conv.gen_async_conv.asyncfifo_axi/inst_fifo_gen/gaxi_full_lite.gread_ch.grdch2.axi_rdch/grf.rf/gntv_or_sync_fifo.mem/gdm.dm_gen.dm/s_aclk
    SLICE_X58Y286        FDRE                                         r  rf_bd/mts_i/ctrl_interconnect/m05_couplers/auto_cc/inst/gen_clock_conv.gen_async_conv.asyncfifo_axi/inst_fifo_gen/gaxi_full_lite.gread_ch.grdch2.axi_rdch/grf.rf/gntv_or_sync_fifo.mem/gdm.dm_gen.dm/gpr1.dout_i_reg[100]/C
                         clock pessimism              0.190    12.239    
                         clock uncertainty           -0.130    12.109    
    SLICE_X58Y286        FDRE (Setup_DFF_SLICEL_C_CE)
                                                     -0.060    12.049    rf_bd/mts_i/ctrl_interconnect/m05_couplers/auto_cc/inst/gen_clock_conv.gen_async_conv.asyncfifo_axi/inst_fifo_gen/gaxi_full_lite.gread_ch.grdch2.axi_rdch/grf.rf/gntv_or_sync_fifo.mem/gdm.dm_gen.dm/gpr1.dout_i_reg[100]
  -------------------------------------------------------------------
                         required time                         12.049    
                         arrival time                          -9.892    
  -------------------------------------------------------------------
                         slack                                  2.157    





Min Delay Paths
--------------------------------------------------------------------------------------
Slack (MET) :             0.010ns  (arrival time - required time)
  Source:                 rf_bd/mts_i/ctrl_interconnect/m06_couplers/auto_cc/inst/gen_clock_conv.gen_async_conv.asyncfifo_axi/inst_fifo_gen/gaxi_full_lite.gread_ch.grdch2.axi_rdch/grf.rf/gntv_or_sync_fifo.mem/goreg_dm.dout_i_reg[310]/C
                            (rising edge-triggered cell FDRE clocked by clk_pl_0  {rise@0.000ns fall@5.000ns period=10.000ns})
  Destination:            rf_bd/mts_i/ctrl_interconnect/xbar/inst/gen_samd.crossbar_samd/gen_master_slots[6].reg_slice_mi/r.r_pipe/skid_buffer_reg[307]/D
                            (rising edge-triggered cell FDRE clocked by clk_pl_0  {rise@0.000ns fall@5.000ns period=10.000ns})
  Path Group:             clk_pl_0
  Path Type:              Hold (Min at Slow Process Corner)
  Requirement:            0.000ns  (clk_pl_0 rise@0.000ns - clk_pl_0 rise@0.000ns)
  Data Path Delay:        0.185ns  (logic 0.059ns (31.895%)  route 0.126ns (68.105%))
  Logic Levels:           0  
  Clock Path Skew:        0.113ns (DCD - SCD - CPR)
    Destination Clock Delay (DCD):    2.359ns
    Source Clock Delay      (SCD):    2.056ns
    Clock Pessimism Removal (CPR):    0.190ns
  Clock Net Delay (Source):      1.874ns (routing 0.599ns, distribution 1.275ns)
  Clock Net Delay (Destination): 2.133ns (routing 0.662ns, distribution 1.471ns)

    Location             Delay type                Incr(ns)  Path(ns)    Netlist Resource(s)
  -------------------------------------------------------------------    -------------------
                         (clock clk_pl_0 rise edge)
                                                      0.000     0.000 r  
    PS8_X0Y0             PS8                          0.000     0.000 r  rf_bd/mts_i/zynq_ultra_ps_e_0/inst/PS8_i/PLCLK[0]
                         net (fo=1, routed)           0.157     0.157    rf_bd/mts_i/zynq_ultra_ps_e_0/inst/pl_clk_unbuffered[0]
    BUFG_PS_X0Y48        BUFG_PS (Prop_BUFG_PS_I_O)
                                                      0.025     0.182 r  rf_bd/mts_i/zynq_ultra_ps_e_0/inst/buffer_pl_clk_0.PL_CLK_0_BUFG/O
    X2Y3 (CLOCK_ROOT)    net (fo=32915, routed)       1.874     2.056    rf_bd/mts_i/ctrl_interconnect/m06_couplers/auto_cc/inst/gen_clock_conv.gen_async_conv.asyncfifo_axi/inst_fifo_gen/gaxi_full_lite.gread_ch.grdch2.axi_rdch/grf.rf/gntv_or_sync_fifo.mem/s_aclk
    SLICE_X47Y300        FDRE                                         r  rf_bd/mts_i/ctrl_interconnect/m06_couplers/auto_cc/inst/gen_clock_conv.gen_async_conv.asyncfifo_axi/inst_fifo_gen/gaxi_full_lite.gread_ch.grdch2.axi_rdch/grf.rf/gntv_or_sync_fifo.mem/goreg_dm.dout_i_reg[310]/C
  -------------------------------------------------------------------    -------------------
    SLICE_X47Y300        FDRE (Prop_CFF2_SLICEL_C_Q)
                                                      0.059     2.115 r  rf_bd/mts_i/ctrl_interconnect/m06_couplers/auto_cc/inst/gen_clock_conv.gen_async_conv.asyncfifo_axi/inst_fifo_gen/gaxi_full_lite.gread_ch.grdch2.axi_rdch/grf.rf/gntv_or_sync_fifo.mem/goreg_dm.dout_i_reg[310]/Q
                         net (fo=2, routed)           0.126     2.241    rf_bd/mts_i/ctrl_interconnect/xbar/inst/gen_samd.crossbar_samd/gen_master_slots[6].reg_slice_mi/r.r_pipe/m_axi_rdata[307]
    SLICE_X49Y300        FDRE                                         r  rf_bd/mts_i/ctrl_interconnect/xbar/inst/gen_samd.crossbar_samd/gen_master_slots[6].reg_slice_mi/r.r_pipe/skid_buffer_reg[307]/D
  -------------------------------------------------------------------    -------------------

                         (clock clk_pl_0 rise edge)
                                                      0.000     0.000 r  
    PS8_X0Y0             PS8                          0.000     0.000 r  rf_bd/mts_i/zynq_ultra_ps_e_0/inst/PS8_i/PLCLK[0]
                         net (fo=1, routed)           0.198     0.198    rf_bd/mts_i/zynq_ultra_ps_e_0/inst/pl_clk_unbuffered[0]
    BUFG_PS_X0Y48        BUFG_PS (Prop_BUFG_PS_I_O)
                                                      0.028     0.226 r  rf_bd/mts_i/zynq_ultra_ps_e_0/inst/buffer_pl_clk_0.PL_CLK_0_BUFG/O
    X2Y3 (CLOCK_ROOT)    net (fo=32915, routed)       2.133     2.359    rf_bd/mts_i/ctrl_interconnect/xbar/inst/gen_samd.crossbar_samd/gen_master_slots[6].reg_slice_mi/r.r_pipe/aclk
    SLICE_X49Y300        FDRE                                         r  rf_bd/mts_i/ctrl_interconnect/xbar/inst/gen_samd.crossbar_samd/gen_master_slots[6].reg_slice_mi/r.r_pipe/skid_buffer_reg[307]/C
                         clock pessimism             -0.190     2.169    
    SLICE_X49Y300        FDRE (Hold_GFF2_SLICEL_C_D)
                                                      0.062     2.231    rf_bd/mts_i/ctrl_interconnect/xbar/inst/gen_samd.crossbar_samd/gen_master_slots[6].reg_slice_mi/r.r_pipe/skid_buffer_reg[307]
  -------------------------------------------------------------------
                         required time                         -2.231    
                         arrival time                           2.241    
  -------------------------------------------------------------------
                         slack                                  0.010    





Pulse Width Checks
--------------------------------------------------------------------------------------
Clock Name:         clk_pl_0
Waveform(ns):       { 0.000 5.000 }
Period(ns):         10.000
Sources:            { rf_bd/mts_i/zynq_ultra_ps_e_0/inst/PS8_i/PLCLK[0] }

Check Type        Corner  Lib Pin     Reference Pin  Required(ns)  Actual(ns)  Slack(ns)  Location    Pin
Min Period        n/a     RFADC/DCLK  n/a            4.000         10.000      6.000      RFADC_X0Y0  rf_bd/mts_i/usp_rf_data_converter_0/inst/mts_usp_rf_data_converter_0_0_rf_wrapper_i/rx0_u_adc/DCLK
Low Pulse Width   Slow    RFADC/DCLK  n/a            1.600         5.000       3.400      RFADC_X0Y0  rf_bd/mts_i/usp_rf_data_converter_0/inst/mts_usp_rf_data_converter_0_0_rf_wrapper_i/rx0_u_adc/DCLK
High Pulse Width  Slow    RFADC/DCLK  n/a            1.600         5.000       3.400      RFADC_X0Y0  rf_bd/mts_i/usp_rf_data_converter_0/inst/mts_usp_rf_data_converter_0_0_rf_wrapper_i/rx0_u_adc/DCLK



---------------------------------------------------------------------------------------------------
From Clock:  dbg_hub/inst/BSCANID.u_xsdbm_id/SWITCH_N_EXT_BSCAN.bscan_inst/SERIES7_BSCAN.bscan_inst/INTERNAL_TCK
  To Clock:  dbg_hub/inst/BSCANID.u_xsdbm_id/SWITCH_N_EXT_BSCAN.bscan_inst/SERIES7_BSCAN.bscan_inst/INTERNAL_TCK

Setup :            0  Failing Endpoints,  Worst Slack       14.435ns,  Total Violation        0.000ns
Hold  :            0  Failing Endpoints,  Worst Slack        0.021ns,  Total Violation        0.000ns
PW    :            0  Failing Endpoints,  Worst Slack       24.468ns,  Total Violation        0.000ns
---------------------------------------------------------------------------------------------------


Max Delay Paths
--------------------------------------------------------------------------------------
Slack (MET) :             14.435ns  (required time - arrival time)
  Source:                 dbg_hub/inst/BSCANID.u_xsdbm_id/CORE_XSDB.U_ICON/iTDO_reg/C
                            (rising edge-triggered cell FDRE clocked by dbg_hub/inst/BSCANID.u_xsdbm_id/SWITCH_N_EXT_BSCAN.bscan_inst/SERIES7_BSCAN.bscan_inst/INTERNAL_TCK  {rise@0.000ns fall@25.000ns period=50.000ns})
  Destination:            dbg_hub/inst/BSCANID.u_xsdbm_id/SWITCH_N_EXT_BSCAN.bscan_inst/SERIES7_BSCAN.bscan_inst/TDO
                            (falling edge-triggered cell BSCANE2 clocked by dbg_hub/inst/BSCANID.u_xsdbm_id/SWITCH_N_EXT_BSCAN.bscan_inst/SERIES7_BSCAN.bscan_inst/INTERNAL_TCK  {rise@0.000ns fall@25.000ns period=50.000ns})
  Path Group:             dbg_hub/inst/BSCANID.u_xsdbm_id/SWITCH_N_EXT_BSCAN.bscan_inst/SERIES7_BSCAN.bscan_inst/INTERNAL_TCK
  Path Type:              Setup (Max at Slow Process Corner)
  Requirement:            25.000ns  (dbg_hub/inst/BSCANID.u_xsdbm_id/SWITCH_N_EXT_BSCAN.bscan_inst/SERIES7_BSCAN.bscan_inst/INTERNAL_TCK fall@25.000ns - dbg_hub/inst/BSCANID.u_xsdbm_id/SWITCH_N_EXT_BSCAN.bscan_inst/SERIES7_BSCAN.bscan_inst/INTERNAL_TCK rise@0.000ns)
  Data Path Delay:        3.255ns  (logic 0.292ns (8.971%)  route 2.963ns (91.029%))
  Logic Levels:           2  (LUT3=1 LUT6=1)
  Clock Path Skew:        -7.074ns (DCD - SCD + CPR)
    Destination Clock Delay (DCD):    0.000ns = ( 25.000 - 25.000 ) 
    Source Clock Delay      (SCD):    7.074ns
    Clock Pessimism Removal (CPR):    0.000ns
  Clock Uncertainty:      0.235ns  ((TSJ^2 + TIJ^2)^1/2 + DJ) / 2 + PE + DCD
    Total System Jitter     (TSJ):    0.071ns
    Total Input Jitter      (TIJ):    0.000ns
    Discrete Jitter          (DJ):    0.000ns
    Phase Error              (PE):    0.000ns
    Duty Cycle Distortion   (DCD):    0.200ns
  Clock Net Delay (Source):      1.320ns (routing 0.171ns, distribution 1.149ns)

    Location             Delay type                Incr(ns)  Path(ns)    Netlist Resource(s)
  -------------------------------------------------------------------    -------------------
                         (clock dbg_hub/inst/BSCANID.u_xsdbm_id/SWITCH_N_EXT_BSCAN.bscan_inst/SERIES7_BSCAN.bscan_inst/INTERNAL_TCK rise edge)
                                                      0.000     0.000 r  
    CONFIG_SITE_X0Y0     BSCANE2                      0.000     0.000 r  dbg_hub/inst/BSCANID.u_xsdbm_id/SWITCH_N_EXT_BSCAN.bscan_inst/SERIES7_BSCAN.bscan_inst/INTERNAL_TCK
    CONFIG_SITE_X0Y0     BSCANE2 (Prop_BSCAN1_CONFIG_SITE_INTERNAL_TCK_TCK)
                                                      4.300     4.300 r  dbg_hub/inst/BSCANID.u_xsdbm_id/SWITCH_N_EXT_BSCAN.bscan_inst/SERIES7_BSCAN.bscan_inst/TCK
                         net (fo=1, routed)           1.426     5.726    dbg_hub/inst/BSCANID.u_xsdbm_id/tck_bs
    BUFGCE_X0Y58         BUFGCE (Prop_BUFCE_BUFGCE_I_O)
                                                      0.028     5.754 r  dbg_hub/inst/BSCANID.u_xsdbm_id/SWITCH_N_EXT_BSCAN.u_bufg_icon_tck/O
    X4Y2 (CLOCK_ROOT)    net (fo=490, routed)         1.320     7.074    dbg_hub/inst/BSCANID.u_xsdbm_id/CORE_XSDB.U_ICON/m_bscan_tck[0]
    SLICE_X78Y193        FDRE                                         r  dbg_hub/inst/BSCANID.u_xsdbm_id/CORE_XSDB.U_ICON/iTDO_reg/C
  -------------------------------------------------------------------    -------------------
    SLICE_X78Y193        FDRE (Prop_HFF2_SLICEM_C_Q)
                                                      0.078     7.152 r  dbg_hub/inst/BSCANID.u_xsdbm_id/CORE_XSDB.U_ICON/iTDO_reg/Q
                         net (fo=1, routed)           1.595     8.747    dbg_hub/inst/BSCANID.u_xsdbm_id/TDO
    SLICE_X105Y106       LUT3 (Prop_B6LUT_SLICEL_I2_O)
                                                      0.124     8.871 r  dbg_hub/inst/BSCANID.u_xsdbm_id/SWITCH_N_EXT_BSCAN.bscan_switch_i_1/O
                         net (fo=2, routed)           0.275     9.146    dbg_hub/inst/BSCANID.u_xsdbm_id/SWITCH_N_EXT_BSCAN.bscan_switch/m_bscan_tdo[0]
    SLICE_X105Y104       LUT6 (Prop_H6LUT_SLICEL_I5_O)
                                                      0.090     9.236 r  dbg_hub/inst/BSCANID.u_xsdbm_id/SWITCH_N_EXT_BSCAN.bscan_switch/s_bscan_tdo_INST_0/O
                         net (fo=1, routed)           1.093    10.329    dbg_hub/inst/BSCANID.u_xsdbm_id/SWITCH_N_EXT_BSCAN.bscan_inst/TDO
    CONFIG_SITE_X0Y0     BSCANE2                                      r  dbg_hub/inst/BSCANID.u_xsdbm_id/SWITCH_N_EXT_BSCAN.bscan_inst/SERIES7_BSCAN.bscan_inst/TDO
  -------------------------------------------------------------------    -------------------

                         (clock dbg_hub/inst/BSCANID.u_xsdbm_id/SWITCH_N_EXT_BSCAN.bscan_inst/SERIES7_BSCAN.bscan_inst/INTERNAL_TCK fall edge)
                                                     25.000    25.000 f  
    CONFIG_SITE_X0Y0     BSCANE2                      0.000    25.000 f  dbg_hub/inst/BSCANID.u_xsdbm_id/SWITCH_N_EXT_BSCAN.bscan_inst/SERIES7_BSCAN.bscan_inst/INTERNAL_TCK
                         clock pessimism              0.000    25.000    
                         clock uncertainty           -0.235    24.765    
    CONFIG_SITE_X0Y0     BSCANE2 (Setup_BSCAN1_CONFIG_SITE_INTERNAL_TCK_TDO)
                                                      0.000    24.765    dbg_hub/inst/BSCANID.u_xsdbm_id/SWITCH_N_EXT_BSCAN.bscan_inst/SERIES7_BSCAN.bscan_inst
  -------------------------------------------------------------------
                         required time                         24.765    
                         arrival time                         -10.329    
  -------------------------------------------------------------------
                         slack                                 14.435    





Min Delay Paths
--------------------------------------------------------------------------------------
Slack (MET) :             0.021ns  (arrival time - required time)
  Source:                 dbg_hub/inst/BSCANID.u_xsdbm_id/CORE_XSDB.UUT_MASTER/U_ICON_INTERFACE/U_CMD7_STAT/icn_cmd_en_temp_reg/C
                            (rising edge-triggered cell FDRE clocked by dbg_hub/inst/BSCANID.u_xsdbm_id/SWITCH_N_EXT_BSCAN.bscan_inst/SERIES7_BSCAN.bscan_inst/INTERNAL_TCK  {rise@0.000ns fall@25.000ns period=50.000ns})
  Destination:            dbg_hub/inst/BSCANID.u_xsdbm_id/CORE_XSDB.UUT_MASTER/U_ICON_INTERFACE/U_CMD7_STAT/shift_en_reg/D
                            (rising edge-triggered cell FDRE clocked by dbg_hub/inst/BSCANID.u_xsdbm_id/SWITCH_N_EXT_BSCAN.bscan_inst/SERIES7_BSCAN.bscan_inst/INTERNAL_TCK  {rise@0.000ns fall@25.000ns period=50.000ns})
  Path Group:             dbg_hub/inst/BSCANID.u_xsdbm_id/SWITCH_N_EXT_BSCAN.bscan_inst/SERIES7_BSCAN.bscan_inst/INTERNAL_TCK
  Path Type:              Hold (Min at Slow Process Corner)
  Requirement:            0.000ns  (dbg_hub/inst/BSCANID.u_xsdbm_id/SWITCH_N_EXT_BSCAN.bscan_inst/SERIES7_BSCAN.bscan_inst/INTERNAL_TCK rise@0.000ns - dbg_hub/inst/BSCANID.u_xsdbm_id/SWITCH_N_EXT_BSCAN.bscan_inst/SERIES7_BSCAN.bscan_inst/INTERNAL_TCK rise@0.000ns)
  Data Path Delay:        0.162ns  (logic 0.060ns (37.081%)  route 0.102ns (62.919%))
  Logic Levels:           0  
  Clock Path Skew:        0.078ns (DCD - SCD - CPR)
    Destination Clock Delay (DCD):    7.062ns
    Source Clock Delay      (SCD):    2.608ns
    Clock Pessimism Removal (CPR):    4.376ns
  Clock Net Delay (Source):      1.151ns (routing 0.155ns, distribution 0.996ns)
  Clock Net Delay (Destination): 1.308ns (routing 0.171ns, distribution 1.137ns)

    Location             Delay type                Incr(ns)  Path(ns)    Netlist Resource(s)
  -------------------------------------------------------------------    -------------------
                         (clock dbg_hub/inst/BSCANID.u_xsdbm_id/SWITCH_N_EXT_BSCAN.bscan_inst/SERIES7_BSCAN.bscan_inst/INTERNAL_TCK rise edge)
                                                      0.000     0.000 r  
    CONFIG_SITE_X0Y0     BSCANE2                      0.000     0.000 r  dbg_hub/inst/BSCANID.u_xsdbm_id/SWITCH_N_EXT_BSCAN.bscan_inst/SERIES7_BSCAN.bscan_inst/INTERNAL_TCK
    CONFIG_SITE_X0Y0     BSCANE2 (Prop_BSCAN1_CONFIG_SITE_INTERNAL_TCK_TCK)
                                                      0.465     0.465 r  dbg_hub/inst/BSCANID.u_xsdbm_id/SWITCH_N_EXT_BSCAN.bscan_inst/SERIES7_BSCAN.bscan_inst/TCK
                         net (fo=1, routed)           0.968     1.433    dbg_hub/inst/BSCANID.u_xsdbm_id/tck_bs
    BUFGCE_X0Y58         BUFGCE (Prop_BUFCE_BUFGCE_I_O)
                                                      0.024     1.457 r  dbg_hub/inst/BSCANID.u_xsdbm_id/SWITCH_N_EXT_BSCAN.u_bufg_icon_tck/O
    X4Y2 (CLOCK_ROOT)    net (fo=490, routed)         1.151     2.608    dbg_hub/inst/BSCANID.u_xsdbm_id/CORE_XSDB.UUT_MASTER/U_ICON_INTERFACE/U_CMD7_STAT/m_bscan_tck[0]
    SLICE_X79Y195        FDRE                                         r  dbg_hub/inst/BSCANID.u_xsdbm_id/CORE_XSDB.UUT_MASTER/U_ICON_INTERFACE/U_CMD7_STAT/icn_cmd_en_temp_reg/C
  -------------------------------------------------------------------    -------------------
    SLICE_X79Y195        FDRE (Prop_FFF2_SLICEM_C_Q)
                                                      0.060     2.668 r  dbg_hub/inst/BSCANID.u_xsdbm_id/CORE_XSDB.UUT_MASTER/U_ICON_INTERFACE/U_CMD7_STAT/icn_cmd_en_temp_reg/Q
                         net (fo=5, routed)           0.102     2.769    dbg_hub/inst/BSCANID.u_xsdbm_id/CORE_XSDB.UUT_MASTER/U_ICON_INTERFACE/U_CMD7_STAT/icn_cmd_en_temp
    SLICE_X78Y195        FDRE                                         r  dbg_hub/inst/BSCANID.u_xsdbm_id/CORE_XSDB.UUT_MASTER/U_ICON_INTERFACE/U_CMD7_STAT/shift_en_reg/D
  -------------------------------------------------------------------    -------------------

                         (clock dbg_hub/inst/BSCANID.u_xsdbm_id/SWITCH_N_EXT_BSCAN.bscan_inst/SERIES7_BSCAN.bscan_inst/INTERNAL_TCK rise edge)
                                                      0.000     0.000 r  
    CONFIG_SITE_X0Y0     BSCANE2                      0.000     0.000 r  dbg_hub/inst/BSCANID.u_xsdbm_id/SWITCH_N_EXT_BSCAN.bscan_inst/SERIES7_BSCAN.bscan_inst/INTERNAL_TCK
    CONFIG_SITE_X0Y0     BSCANE2 (Prop_BSCAN1_CONFIG_SITE_INTERNAL_TCK_TCK)
                                                      4.300     4.300 r  dbg_hub/inst/BSCANID.u_xsdbm_id/SWITCH_N_EXT_BSCAN.bscan_inst/SERIES7_BSCAN.bscan_inst/TCK
                         net (fo=1, routed)           1.426     5.726    dbg_hub/inst/BSCANID.u_xsdbm_id/tck_bs
    BUFGCE_X0Y58         BUFGCE (Prop_BUFCE_BUFGCE_I_O)
                                                      0.028     5.754 r  dbg_hub/inst/BSCANID.u_xsdbm_id/SWITCH_N_EXT_BSCAN.u_bufg_icon_tck/O
    X4Y2 (CLOCK_ROOT)    net (fo=490, routed)         1.308     7.062    dbg_hub/inst/BSCANID.u_xsdbm_id/CORE_XSDB.UUT_MASTER/U_ICON_INTERFACE/U_CMD7_STAT/m_bscan_tck[0]
    SLICE_X78Y195        FDRE                                         r  dbg_hub/inst/BSCANID.u_xsdbm_id/CORE_XSDB.UUT_MASTER/U_ICON_INTERFACE/U_CMD7_STAT/shift_en_reg/C
                         clock pessimism             -4.376     2.686    
    SLICE_X78Y195        FDRE (Hold_CFF2_SLICEM_C_D)
                                                      0.062     2.748    dbg_hub/inst/BSCANID.u_xsdbm_id/CORE_XSDB.UUT_MASTER/U_ICON_INTERFACE/U_CMD7_STAT/shift_en_reg
  -------------------------------------------------------------------
                         required time                         -2.748    
                         arrival time                           2.769    
  -------------------------------------------------------------------
                         slack                                  0.021    





Pulse Width Checks
--------------------------------------------------------------------------------------
Clock Name:         dbg_hub/inst/BSCANID.u_xsdbm_id/SWITCH_N_EXT_BSCAN.bscan_inst/SERIES7_BSCAN.bscan_inst/INTERNAL_TCK
Waveform(ns):       { 0.000 25.000 }
Period(ns):         50.000
Sources:            { dbg_hub/inst/BSCANID.u_xsdbm_id/SWITCH_N_EXT_BSCAN.bscan_inst/SERIES7_BSCAN.bscan_inst/INTERNAL_TCK }

Check Type        Corner  Lib Pin     Reference Pin  Required(ns)  Actual(ns)  Slack(ns)  Location       Pin
Min Period        n/a     BUFGCE/I    n/a            1.290         50.000      48.710     BUFGCE_X0Y58   dbg_hub/inst/BSCANID.u_xsdbm_id/SWITCH_N_EXT_BSCAN.u_bufg_icon_tck/I
Low Pulse Width   Slow    RAMD32/CLK  n/a            0.532         25.000      24.468     SLICE_X78Y200  dbg_hub/inst/BSCANID.u_xsdbm_id/CORE_XSDB.UUT_MASTER/U_ICON_INTERFACE/U_CMD6_WR/U_WR_FIFO/SUBCORE_FIFO.xsdbm_v3_0_0_wrfifo_inst/inst_fifo_gen/gconvfifo.rf/grf.rf/gntv_or_sync_fifo.mem/gdm.dm_gen.dm/RAM_reg_0_15_0_13/RAMA/CLK
High Pulse Width  Slow    RAMD32/CLK  n/a            0.532         25.000      24.468     SLICE_X78Y200  dbg_hub/inst/BSCANID.u_xsdbm_id/CORE_XSDB.UUT_MASTER/U_ICON_INTERFACE/U_CMD6_WR/U_WR_FIFO/SUBCORE_FIFO.xsdbm_v3_0_0_wrfifo_inst/inst_fifo_gen/gconvfifo.rf/grf.rf/gntv_or_sync_fifo.mem/gdm.dm_gen.dm/RAM_reg_0_15_0_13/RAMA/CLK



---------------------------------------------------------------------------------------------------
From Clock:  GTYE4_CHANNEL_TXOUTCLKPCS[0]
  To Clock:  GTYE4_CHANNEL_TXOUTCLKPCS[0]

Setup :            0  Failing Endpoints,  Worst Slack        1.938ns,  Total Violation        0.000ns
Hold  :            0  Failing Endpoints,  Worst Slack        0.121ns,  Total Violation        0.000ns
PW    :            0  Failing Endpoints,  Worst Slack        1.277ns,  Total Violation        0.000ns
---------------------------------------------------------------------------------------------------


Max Delay Paths
--------------------------------------------------------------------------------------
Slack (MET) :             1.938ns  (required time - arrival time)
  Source:                 cmac_inst/inst/cmac_usplus_0_gt_i/inst/gen_gtwizard_gtye4_top.cmac_usplus_0_gt_gtwizard_gtye4_inst/gen_gtwizard_gtye4.gen_pwrgood_delay_inst[0].delay_powergood_inst/gen_powergood_delay.wait_cnt_reg[7]/C
                            (rising edge-triggered cell FDRE clocked by GTYE4_CHANNEL_TXOUTCLKPCS[0]  {rise@0.000ns fall@1.552ns period=3.103ns})
  Destination:            cmac_inst/inst/cmac_usplus_0_gt_i/inst/gen_gtwizard_gtye4_top.cmac_usplus_0_gt_gtwizard_gtye4_inst/gen_gtwizard_gtye4.gen_pwrgood_delay_inst[0].delay_powergood_inst/gen_powergood_delay.int_pwr_on_fsm_reg/D
                            (rising edge-triggered cell FDCE clocked by GTYE4_CHANNEL_TXOUTCLKPCS[0]  {rise@0.000ns fall@1.552ns period=3.103ns})
  Path Group:             GTYE4_CHANNEL_TXOUTCLKPCS[0]
  Path Type:              Setup (Max at Slow Process Corner)
  Requirement:            3.103ns  (GTYE4_CHANNEL_TXOUTCLKPCS[0] rise@3.103ns - GTYE4_CHANNEL_TXOUTCLKPCS[0] rise@0.000ns)
  Data Path Delay:        1.051ns  (logic 0.227ns (21.598%)  route 0.824ns (78.402%))
  Logic Levels:           1  (LUT2=1)
  Clock Path Skew:        -0.093ns (DCD - SCD + CPR)
    Destination Clock Delay (DCD):    0.530ns = ( 3.633 - 3.103 ) 
    Source Clock Delay      (SCD):    0.681ns
    Clock Pessimism Removal (CPR):    0.059ns
  Clock Uncertainty:      0.046ns  ((TSJ^2 + DJ^2)^1/2) / 2 + PE
    Total System Jitter     (TSJ):    0.071ns
    Discrete Jitter          (DJ):    0.060ns
    Phase Error              (PE):    0.000ns

    Location             Delay type                Incr(ns)  Path(ns)    Netlist Resource(s)
  -------------------------------------------------------------------    -------------------
                         (clock GTYE4_CHANNEL_TXOUTCLKPCS[0] rise edge)
                                                      0.000     0.000 r  
    GTYE4_CHANNEL_X0Y4   GTYE4_CHANNEL                0.000     0.000 r  cmac_inst/inst/cmac_usplus_0_gt_i/inst/gen_gtwizard_gtye4_top.cmac_usplus_0_gt_gtwizard_gtye4_inst/gen_gtwizard_gtye4.gen_channel_container[1].gen_enabled_channel.gtye4_channel_wrapper_inst/channel_inst/gtye4_channel_gen.gen_gtye4_channel_inst[0].GTYE4_CHANNEL_PRIM_INST/TXOUTCLKPCS
                         net (fo=15, routed)          0.681     0.681    cmac_inst/inst/cmac_usplus_0_gt_i/inst/gen_gtwizard_gtye4_top.cmac_usplus_0_gt_gtwizard_gtye4_inst/gen_gtwizard_gtye4.gen_pwrgood_delay_inst[0].delay_powergood_inst/GTYE4_CHANNEL_TXOUTCLKPCS[0]
    SLICE_X0Y261         FDRE                                         r  cmac_inst/inst/cmac_usplus_0_gt_i/inst/gen_gtwizard_gtye4_top.cmac_usplus_0_gt_gtwizard_gtye4_inst/gen_gtwizard_gtye4.gen_pwrgood_delay_inst[0].delay_powergood_inst/gen_powergood_delay.wait_cnt_reg[7]/C
  -------------------------------------------------------------------    -------------------
    SLICE_X0Y261         FDRE (Prop_GFF2_SLICEL_C_Q)
                                                      0.081     0.762 r  cmac_inst/inst/cmac_usplus_0_gt_i/inst/gen_gtwizard_gtye4_top.cmac_usplus_0_gt_gtwizard_gtye4_inst/gen_gtwizard_gtye4.gen_pwrgood_delay_inst[0].delay_powergood_inst/gen_powergood_delay.wait_cnt_reg[7]/Q
                         net (fo=1, routed)           0.218     0.980    cmac_inst/inst/cmac_usplus_0_gt_i/inst/gen_gtwizard_gtye4_top.cmac_usplus_0_gt_gtwizard_gtye4_inst/gen_gtwizard_gtye4.gen_pwrgood_delay_inst[0].delay_powergood_inst/gen_powergood_delay.wait_cnt[7]
    SLICE_X0Y260         LUT2 (Prop_D6LUT_SLICEL_I1_O)
                                                      0.146     1.126 r  cmac_inst/inst/cmac_usplus_0_gt_i/inst/gen_gtwizard_gtye4_top.cmac_usplus_0_gt_gtwizard_gtye4_inst/gen_gtwizard_gtye4.gen_pwrgood_delay_inst[0].delay_powergood_inst/gen_powergood_delay.int_pwr_on_fsm_i_1/O
                         net (fo=1, routed)           0.606     1.732    cmac_inst/inst/cmac_usplus_0_gt_i/inst/gen_gtwizard_gtye4_top.cmac_usplus_0_gt_gtwizard_gtye4_inst/gen_gtwizard_gtye4.gen_pwrgood_delay_inst[0].delay_powergood_inst/gen_powergood_delay.int_pwr_on_fsm_i_1_n_0
    SLICE_X1Y260         FDCE                                         r  cmac_inst/inst/cmac_usplus_0_gt_i/inst/gen_gtwizard_gtye4_top.cmac_usplus_0_gt_gtwizard_gtye4_inst/gen_gtwizard_gtye4.gen_pwrgood_delay_inst[0].delay_powergood_inst/gen_powergood_delay.int_pwr_on_fsm_reg/D
  -------------------------------------------------------------------    -------------------

                         (clock GTYE4_CHANNEL_TXOUTCLKPCS[0] rise edge)
                                                      3.103     3.103 r  
    GTYE4_CHANNEL_X0Y4   GTYE4_CHANNEL                0.000     3.103 r  cmac_inst/inst/cmac_usplus_0_gt_i/inst/gen_gtwizard_gtye4_top.cmac_usplus_0_gt_gtwizard_gtye4_inst/gen_gtwizard_gtye4.gen_channel_container[1].gen_enabled_channel.gtye4_channel_wrapper_inst/channel_inst/gtye4_channel_gen.gen_gtye4_channel_inst[0].GTYE4_CHANNEL_PRIM_INST/TXOUTCLKPCS
                         net (fo=15, routed)          0.530     3.633    cmac_inst/inst/cmac_usplus_0_gt_i/inst/gen_gtwizard_gtye4_top.cmac_usplus_0_gt_gtwizard_gtye4_inst/gen_gtwizard_gtye4.gen_pwrgood_delay_inst[0].delay_powergood_inst/GTYE4_CHANNEL_TXOUTCLKPCS[0]
    SLICE_X1Y260         FDCE                                         r  cmac_inst/inst/cmac_usplus_0_gt_i/inst/gen_gtwizard_gtye4_top.cmac_usplus_0_gt_gtwizard_gtye4_inst/gen_gtwizard_gtye4.gen_pwrgood_delay_inst[0].delay_powergood_inst/gen_powergood_delay.int_pwr_on_fsm_reg/C
                         clock pessimism              0.059     3.692    
                         clock uncertainty           -0.046     3.645    
    SLICE_X1Y260         FDCE (Setup_AFF2_SLICEM_C_D)
                                                      0.025     3.670    cmac_inst/inst/cmac_usplus_0_gt_i/inst/gen_gtwizard_gtye4_top.cmac_usplus_0_gt_gtwizard_gtye4_inst/gen_gtwizard_gtye4.gen_pwrgood_delay_inst[0].delay_powergood_inst/gen_powergood_delay.int_pwr_on_fsm_reg
  -------------------------------------------------------------------
                         required time                          3.670    
                         arrival time                          -1.732    
  -------------------------------------------------------------------
                         slack                                  1.938    





Min Delay Paths
--------------------------------------------------------------------------------------
Slack (MET) :             0.121ns  (arrival time - required time)
  Source:                 cmac_inst/inst/cmac_usplus_0_gt_i/inst/gen_gtwizard_gtye4_top.cmac_usplus_0_gt_gtwizard_gtye4_inst/gen_gtwizard_gtye4.gen_pwrgood_delay_inst[0].delay_powergood_inst/gen_powergood_delay.intclk_rrst_n_r_reg[4]/C
                            (rising edge-triggered cell FDCE clocked by GTYE4_CHANNEL_TXOUTCLKPCS[0]  {rise@0.000ns fall@1.552ns period=3.103ns})
  Destination:            cmac_inst/inst/cmac_usplus_0_gt_i/inst/gen_gtwizard_gtye4_top.cmac_usplus_0_gt_gtwizard_gtye4_inst/gen_gtwizard_gtye4.gen_pwrgood_delay_inst[0].delay_powergood_inst/gen_powergood_delay.wait_cnt_reg[0]/D
                            (rising edge-triggered cell FDRE clocked by GTYE4_CHANNEL_TXOUTCLKPCS[0]  {rise@0.000ns fall@1.552ns period=3.103ns})
  Path Group:             GTYE4_CHANNEL_TXOUTCLKPCS[0]
  Path Type:              Hold (Min at Slow Process Corner)
  Requirement:            0.000ns  (GTYE4_CHANNEL_TXOUTCLKPCS[0] rise@0.000ns - GTYE4_CHANNEL_TXOUTCLKPCS[0] rise@0.000ns)
  Data Path Delay:        0.329ns  (logic 0.060ns (18.215%)  route 0.269ns (81.785%))
  Logic Levels:           0  
  Clock Path Skew:        0.146ns (DCD - SCD - CPR)
    Destination Clock Delay (DCD):    0.611ns
    Source Clock Delay      (SCD):    0.405ns
    Clock Pessimism Removal (CPR):    0.059ns

    Location             Delay type                Incr(ns)  Path(ns)    Netlist Resource(s)
  -------------------------------------------------------------------    -------------------
                         (clock GTYE4_CHANNEL_TXOUTCLKPCS[0] rise edge)
                                                      0.000     0.000 r  
    GTYE4_CHANNEL_X0Y4   GTYE4_CHANNEL                0.000     0.000 r  cmac_inst/inst/cmac_usplus_0_gt_i/inst/gen_gtwizard_gtye4_top.cmac_usplus_0_gt_gtwizard_gtye4_inst/gen_gtwizard_gtye4.gen_channel_container[1].gen_enabled_channel.gtye4_channel_wrapper_inst/channel_inst/gtye4_channel_gen.gen_gtye4_channel_inst[0].GTYE4_CHANNEL_PRIM_INST/TXOUTCLKPCS
                         net (fo=15, routed)          0.405     0.405    cmac_inst/inst/cmac_usplus_0_gt_i/inst/gen_gtwizard_gtye4_top.cmac_usplus_0_gt_gtwizard_gtye4_inst/gen_gtwizard_gtye4.gen_pwrgood_delay_inst[0].delay_powergood_inst/GTYE4_CHANNEL_TXOUTCLKPCS[0]
    SLICE_X0Y259         FDCE                                         r  cmac_inst/inst/cmac_usplus_0_gt_i/inst/gen_gtwizard_gtye4_top.cmac_usplus_0_gt_gtwizard_gtye4_inst/gen_gtwizard_gtye4.gen_pwrgood_delay_inst[0].delay_powergood_inst/gen_powergood_delay.intclk_rrst_n_r_reg[4]/C
  -------------------------------------------------------------------    -------------------
    SLICE_X0Y259         FDCE (Prop_EFF2_SLICEL_C_Q)
                                                      0.060     0.465 r  cmac_inst/inst/cmac_usplus_0_gt_i/inst/gen_gtwizard_gtye4_top.cmac_usplus_0_gt_gtwizard_gtye4_inst/gen_gtwizard_gtye4.gen_pwrgood_delay_inst[0].delay_powergood_inst/gen_powergood_delay.intclk_rrst_n_r_reg[4]/Q
                         net (fo=9, routed)           0.269     0.735    cmac_inst/inst/cmac_usplus_0_gt_i/inst/gen_gtwizard_gtye4_top.cmac_usplus_0_gt_gtwizard_gtye4_inst/gen_gtwizard_gtye4.gen_pwrgood_delay_inst[0].delay_powergood_inst/gen_powergood_delay.intclk_rrst_n_r[4]
    SLICE_X0Y260         FDRE                                         r  cmac_inst/inst/cmac_usplus_0_gt_i/inst/gen_gtwizard_gtye4_top.cmac_usplus_0_gt_gtwizard_gtye4_inst/gen_gtwizard_gtye4.gen_pwrgood_delay_inst[0].delay_powergood_inst/gen_powergood_delay.wait_cnt_reg[0]/D
  -------------------------------------------------------------------    -------------------

                         (clock GTYE4_CHANNEL_TXOUTCLKPCS[0] rise edge)
                                                      0.000     0.000 r  
    GTYE4_CHANNEL_X0Y4   GTYE4_CHANNEL                0.000     0.000 r  cmac_inst/inst/cmac_usplus_0_gt_i/inst/gen_gtwizard_gtye4_top.cmac_usplus_0_gt_gtwizard_gtye4_inst/gen_gtwizard_gtye4.gen_channel_container[1].gen_enabled_channel.gtye4_channel_wrapper_inst/channel_inst/gtye4_channel_gen.gen_gtye4_channel_inst[0].GTYE4_CHANNEL_PRIM_INST/TXOUTCLKPCS
                         net (fo=15, routed)          0.611     0.611    cmac_inst/inst/cmac_usplus_0_gt_i/inst/gen_gtwizard_gtye4_top.cmac_usplus_0_gt_gtwizard_gtye4_inst/gen_gtwizard_gtye4.gen_pwrgood_delay_inst[0].delay_powergood_inst/GTYE4_CHANNEL_TXOUTCLKPCS[0]
    SLICE_X0Y260         FDRE                                         r  cmac_inst/inst/cmac_usplus_0_gt_i/inst/gen_gtwizard_gtye4_top.cmac_usplus_0_gt_gtwizard_gtye4_inst/gen_gtwizard_gtye4.gen_pwrgood_delay_inst[0].delay_powergood_inst/gen_powergood_delay.wait_cnt_reg[0]/C
                         clock pessimism             -0.059     0.552    
    SLICE_X0Y260         FDRE (Hold_AFF2_SLICEL_C_D)
                                                      0.062     0.614    cmac_inst/inst/cmac_usplus_0_gt_i/inst/gen_gtwizard_gtye4_top.cmac_usplus_0_gt_gtwizard_gtye4_inst/gen_gtwizard_gtye4.gen_pwrgood_delay_inst[0].delay_powergood_inst/gen_powergood_delay.wait_cnt_reg[0]
  -------------------------------------------------------------------
                         required time                         -0.614    
                         arrival time                           0.735    
  -------------------------------------------------------------------
                         slack                                  0.121    





Pulse Width Checks
--------------------------------------------------------------------------------------
Clock Name:         GTYE4_CHANNEL_TXOUTCLKPCS[0]
Waveform(ns):       { 0.000 1.552 }
Period(ns):         3.103
Sources:            { cmac_inst/inst/cmac_usplus_0_gt_i/inst/gen_gtwizard_gtye4_top.cmac_usplus_0_gt_gtwizard_gtye4_inst/gen_gtwizard_gtye4.gen_channel_container[1].gen_enabled_channel.gtye4_channel_wrapper_inst/channel_inst/gtye4_channel_gen.gen_gtye4_channel_inst[0].GTYE4_CHANNEL_PRIM_INST/TXOUTCLKPCS }

Check Type        Corner  Lib Pin  Reference Pin  Required(ns)  Actual(ns)  Slack(ns)  Location      Pin
Min Period        n/a     FDCE/C   n/a            0.550         3.103       2.553      SLICE_X1Y260  cmac_inst/inst/cmac_usplus_0_gt_i/inst/gen_gtwizard_gtye4_top.cmac_usplus_0_gt_gtwizard_gtye4_inst/gen_gtwizard_gtye4.gen_pwrgood_delay_inst[0].delay_powergood_inst/gen_powergood_delay.int_pwr_on_fsm_reg/C
Low Pulse Width   Slow    FDCE/C   n/a            0.275         1.552       1.277      SLICE_X1Y260  cmac_inst/inst/cmac_usplus_0_gt_i/inst/gen_gtwizard_gtye4_top.cmac_usplus_0_gt_gtwizard_gtye4_inst/gen_gtwizard_gtye4.gen_pwrgood_delay_inst[0].delay_powergood_inst/gen_powergood_delay.int_pwr_on_fsm_reg/C
High Pulse Width  Slow    FDCE/C   n/a            0.275         1.552       1.277      SLICE_X1Y260  cmac_inst/inst/cmac_usplus_0_gt_i/inst/gen_gtwizard_gtye4_top.cmac_usplus_0_gt_gtwizard_gtye4_inst/gen_gtwizard_gtye4.gen_pwrgood_delay_inst[0].delay_powergood_inst/gen_powergood_delay.int_pwr_on_fsm_reg/C



---------------------------------------------------------------------------------------------------
From Clock:  GTYE4_CHANNEL_TXOUTCLKPCS[1]
  To Clock:  GTYE4_CHANNEL_TXOUTCLKPCS[1]

Setup :            0  Failing Endpoints,  Worst Slack        1.959ns,  Total Violation        0.000ns
Hold  :            0  Failing Endpoints,  Worst Slack        0.123ns,  Total Violation        0.000ns
PW    :            0  Failing Endpoints,  Worst Slack        1.277ns,  Total Violation        0.000ns
---------------------------------------------------------------------------------------------------


Max Delay Paths
--------------------------------------------------------------------------------------
Slack (MET) :             1.959ns  (required time - arrival time)
  Source:                 cmac_inst/inst/cmac_usplus_0_gt_i/inst/gen_gtwizard_gtye4_top.cmac_usplus_0_gt_gtwizard_gtye4_inst/gen_gtwizard_gtye4.gen_pwrgood_delay_inst[1].delay_powergood_inst/gen_powergood_delay.int_pwr_on_fsm_reg/C
                            (rising edge-triggered cell FDCE clocked by GTYE4_CHANNEL_TXOUTCLKPCS[1]  {rise@0.000ns fall@1.552ns period=3.103ns})
  Destination:            cmac_inst/inst/cmac_usplus_0_gt_i/inst/gen_gtwizard_gtye4_top.cmac_usplus_0_gt_gtwizard_gtye4_inst/gen_gtwizard_gtye4.gen_pwrgood_delay_inst[1].delay_powergood_inst/gen_powergood_delay.wait_cnt_reg[5]/CE
                            (rising edge-triggered cell FDRE clocked by GTYE4_CHANNEL_TXOUTCLKPCS[1]  {rise@0.000ns fall@1.552ns period=3.103ns})
  Path Group:             GTYE4_CHANNEL_TXOUTCLKPCS[1]
  Path Type:              Setup (Max at Slow Process Corner)
  Requirement:            3.103ns  (GTYE4_CHANNEL_TXOUTCLKPCS[1] rise@3.103ns - GTYE4_CHANNEL_TXOUTCLKPCS[1] rise@0.000ns)
  Data Path Delay:        0.794ns  (logic 0.203ns (25.568%)  route 0.591ns (74.432%))
  Logic Levels:           1  (LUT1=1)
  Clock Path Skew:        -0.244ns (DCD - SCD + CPR)
    Destination Clock Delay (DCD):    0.337ns = ( 3.440 - 3.103 ) 
    Source Clock Delay      (SCD):    0.636ns
    Clock Pessimism Removal (CPR):    0.056ns
  Clock Uncertainty:      0.046ns  ((TSJ^2 + DJ^2)^1/2) / 2 + PE
    Total System Jitter     (TSJ):    0.071ns
    Discrete Jitter          (DJ):    0.060ns
    Phase Error              (PE):    0.000ns

    Location             Delay type                Incr(ns)  Path(ns)    Netlist Resource(s)
  -------------------------------------------------------------------    -------------------
                         (clock GTYE4_CHANNEL_TXOUTCLKPCS[1] rise edge)
                                                      0.000     0.000 r  
    GTYE4_CHANNEL_X0Y5   GTYE4_CHANNEL                0.000     0.000 r  cmac_inst/inst/cmac_usplus_0_gt_i/inst/gen_gtwizard_gtye4_top.cmac_usplus_0_gt_gtwizard_gtye4_inst/gen_gtwizard_gtye4.gen_channel_container[1].gen_enabled_channel.gtye4_channel_wrapper_inst/channel_inst/gtye4_channel_gen.gen_gtye4_channel_inst[1].GTYE4_CHANNEL_PRIM_INST/TXOUTCLKPCS
                         net (fo=15, routed)          0.636     0.636    cmac_inst/inst/cmac_usplus_0_gt_i/inst/gen_gtwizard_gtye4_top.cmac_usplus_0_gt_gtwizard_gtye4_inst/gen_gtwizard_gtye4.gen_pwrgood_delay_inst[1].delay_powergood_inst/GTYE4_CHANNEL_TXOUTCLKPCS[0]
    SLICE_X1Y264         FDCE                                         r  cmac_inst/inst/cmac_usplus_0_gt_i/inst/gen_gtwizard_gtye4_top.cmac_usplus_0_gt_gtwizard_gtye4_inst/gen_gtwizard_gtye4.gen_pwrgood_delay_inst[1].delay_powergood_inst/gen_powergood_delay.int_pwr_on_fsm_reg/C
  -------------------------------------------------------------------    -------------------
    SLICE_X1Y264         FDCE (Prop_AFF2_SLICEM_C_Q)
                                                      0.080     0.716 f  cmac_inst/inst/cmac_usplus_0_gt_i/inst/gen_gtwizard_gtye4_top.cmac_usplus_0_gt_gtwizard_gtye4_inst/gen_gtwizard_gtye4.gen_pwrgood_delay_inst[1].delay_powergood_inst/gen_powergood_delay.int_pwr_on_fsm_reg/Q
                         net (fo=4, routed)           0.354     1.071    cmac_inst/inst/cmac_usplus_0_gt_i/inst/gen_gtwizard_gtye4_top.cmac_usplus_0_gt_gtwizard_gtye4_inst/gen_gtwizard_gtye4.gen_pwrgood_delay_inst[1].delay_powergood_inst/gen_powergood_delay.int_pwr_on_fsm
    SLICE_X0Y264         LUT1 (Prop_F6LUT_SLICEL_I0_O)
                                                      0.123     1.194 r  cmac_inst/inst/cmac_usplus_0_gt_i/inst/gen_gtwizard_gtye4_top.cmac_usplus_0_gt_gtwizard_gtye4_inst/gen_gtwizard_gtye4.gen_pwrgood_delay_inst[1].delay_powergood_inst/gen_powergood_delay.intclk_rrst_n_r[4]_i_1__0/O
                         net (fo=12, routed)          0.237     1.430    cmac_inst/inst/cmac_usplus_0_gt_i/inst/gen_gtwizard_gtye4_top.cmac_usplus_0_gt_gtwizard_gtye4_inst/gen_gtwizard_gtye4.gen_pwrgood_delay_inst[1].delay_powergood_inst/gen_powergood_delay.intclk_rrst_n_r[4]_i_1__0_n_0
    SLICE_X0Y266         FDRE                                         r  cmac_inst/inst/cmac_usplus_0_gt_i/inst/gen_gtwizard_gtye4_top.cmac_usplus_0_gt_gtwizard_gtye4_inst/gen_gtwizard_gtye4.gen_pwrgood_delay_inst[1].delay_powergood_inst/gen_powergood_delay.wait_cnt_reg[5]/CE
  -------------------------------------------------------------------    -------------------

                         (clock GTYE4_CHANNEL_TXOUTCLKPCS[1] rise edge)
                                                      3.103     3.103 r  
    GTYE4_CHANNEL_X0Y5   GTYE4_CHANNEL                0.000     3.103 r  cmac_inst/inst/cmac_usplus_0_gt_i/inst/gen_gtwizard_gtye4_top.cmac_usplus_0_gt_gtwizard_gtye4_inst/gen_gtwizard_gtye4.gen_channel_container[1].gen_enabled_channel.gtye4_channel_wrapper_inst/channel_inst/gtye4_channel_gen.gen_gtye4_channel_inst[1].GTYE4_CHANNEL_PRIM_INST/TXOUTCLKPCS
                         net (fo=15, routed)          0.337     3.440    cmac_inst/inst/cmac_usplus_0_gt_i/inst/gen_gtwizard_gtye4_top.cmac_usplus_0_gt_gtwizard_gtye4_inst/gen_gtwizard_gtye4.gen_pwrgood_delay_inst[1].delay_powergood_inst/GTYE4_CHANNEL_TXOUTCLKPCS[0]
    SLICE_X0Y266         FDRE                                         r  cmac_inst/inst/cmac_usplus_0_gt_i/inst/gen_gtwizard_gtye4_top.cmac_usplus_0_gt_gtwizard_gtye4_inst/gen_gtwizard_gtye4.gen_pwrgood_delay_inst[1].delay_powergood_inst/gen_powergood_delay.wait_cnt_reg[5]/C
                         clock pessimism              0.056     3.496    
                         clock uncertainty           -0.046     3.450    
    SLICE_X0Y266         FDRE (Setup_EFF2_SLICEL_C_CE)
                                                     -0.060     3.390    cmac_inst/inst/cmac_usplus_0_gt_i/inst/gen_gtwizard_gtye4_top.cmac_usplus_0_gt_gtwizard_gtye4_inst/gen_gtwizard_gtye4.gen_pwrgood_delay_inst[1].delay_powergood_inst/gen_powergood_delay.wait_cnt_reg[5]
  -------------------------------------------------------------------
                         required time                          3.390    
                         arrival time                          -1.430    
  -------------------------------------------------------------------
                         slack                                  1.959    





Min Delay Paths
--------------------------------------------------------------------------------------
Slack (MET) :             0.123ns  (arrival time - required time)
  Source:                 cmac_inst/inst/cmac_usplus_0_gt_i/inst/gen_gtwizard_gtye4_top.cmac_usplus_0_gt_gtwizard_gtye4_inst/gen_gtwizard_gtye4.gen_pwrgood_delay_inst[1].delay_powergood_inst/gen_powergood_delay.intclk_rrst_n_r_reg[4]/C
                            (rising edge-triggered cell FDCE clocked by GTYE4_CHANNEL_TXOUTCLKPCS[1]  {rise@0.000ns fall@1.552ns period=3.103ns})
  Destination:            cmac_inst/inst/cmac_usplus_0_gt_i/inst/gen_gtwizard_gtye4_top.cmac_usplus_0_gt_gtwizard_gtye4_inst/gen_gtwizard_gtye4.gen_pwrgood_delay_inst[1].delay_powergood_inst/gen_powergood_delay.wait_cnt_reg[5]/R
                            (rising edge-triggered cell FDRE clocked by GTYE4_CHANNEL_TXOUTCLKPCS[1]  {rise@0.000ns fall@1.552ns period=3.103ns})
  Path Group:             GTYE4_CHANNEL_TXOUTCLKPCS[1]
  Path Type:              Hold (Min at Slow Process Corner)
  Requirement:            0.000ns  (GTYE4_CHANNEL_TXOUTCLKPCS[1] rise@0.000ns - GTYE4_CHANNEL_TXOUTCLKPCS[1] rise@0.000ns)
  Data Path Delay:        0.227ns  (logic 0.060ns (26.477%)  route 0.167ns (73.523%))
  Logic Levels:           0  
  Clock Path Skew:        0.119ns (DCD - SCD - CPR)
    Destination Clock Delay (DCD):    0.523ns
    Source Clock Delay      (SCD):    0.348ns
    Clock Pessimism Removal (CPR):    0.056ns

    Location             Delay type                Incr(ns)  Path(ns)    Netlist Resource(s)
  -------------------------------------------------------------------    -------------------
                         (clock GTYE4_CHANNEL_TXOUTCLKPCS[1] rise edge)
                                                      0.000     0.000 r  
    GTYE4_CHANNEL_X0Y5   GTYE4_CHANNEL                0.000     0.000 r  cmac_inst/inst/cmac_usplus_0_gt_i/inst/gen_gtwizard_gtye4_top.cmac_usplus_0_gt_gtwizard_gtye4_inst/gen_gtwizard_gtye4.gen_channel_container[1].gen_enabled_channel.gtye4_channel_wrapper_inst/channel_inst/gtye4_channel_gen.gen_gtye4_channel_inst[1].GTYE4_CHANNEL_PRIM_INST/TXOUTCLKPCS
                         net (fo=15, routed)          0.348     0.348    cmac_inst/inst/cmac_usplus_0_gt_i/inst/gen_gtwizard_gtye4_top.cmac_usplus_0_gt_gtwizard_gtye4_inst/gen_gtwizard_gtye4.gen_pwrgood_delay_inst[1].delay_powergood_inst/GTYE4_CHANNEL_TXOUTCLKPCS[0]
    SLICE_X0Y264         FDCE                                         r  cmac_inst/inst/cmac_usplus_0_gt_i/inst/gen_gtwizard_gtye4_top.cmac_usplus_0_gt_gtwizard_gtye4_inst/gen_gtwizard_gtye4.gen_pwrgood_delay_inst[1].delay_powergood_inst/gen_powergood_delay.intclk_rrst_n_r_reg[4]/C
  -------------------------------------------------------------------    -------------------
    SLICE_X0Y264         FDCE (Prop_EFF2_SLICEL_C_Q)
                                                      0.060     0.408 f  cmac_inst/inst/cmac_usplus_0_gt_i/inst/gen_gtwizard_gtye4_top.cmac_usplus_0_gt_gtwizard_gtye4_inst/gen_gtwizard_gtye4.gen_pwrgood_delay_inst[1].delay_powergood_inst/gen_powergood_delay.intclk_rrst_n_r_reg[4]/Q
                         net (fo=9, routed)           0.167     0.575    cmac_inst/inst/cmac_usplus_0_gt_i/inst/gen_gtwizard_gtye4_top.cmac_usplus_0_gt_gtwizard_gtye4_inst/gen_gtwizard_gtye4.gen_pwrgood_delay_inst[1].delay_powergood_inst/gen_powergood_delay.intclk_rrst_n_r[4]
    SLICE_X0Y266         FDRE                                         r  cmac_inst/inst/cmac_usplus_0_gt_i/inst/gen_gtwizard_gtye4_top.cmac_usplus_0_gt_gtwizard_gtye4_inst/gen_gtwizard_gtye4.gen_pwrgood_delay_inst[1].delay_powergood_inst/gen_powergood_delay.wait_cnt_reg[5]/R  (IS_INVERTED)
  -------------------------------------------------------------------    -------------------

                         (clock GTYE4_CHANNEL_TXOUTCLKPCS[1] rise edge)
                                                      0.000     0.000 r  
    GTYE4_CHANNEL_X0Y5   GTYE4_CHANNEL                0.000     0.000 r  cmac_inst/inst/cmac_usplus_0_gt_i/inst/gen_gtwizard_gtye4_top.cmac_usplus_0_gt_gtwizard_gtye4_inst/gen_gtwizard_gtye4.gen_channel_container[1].gen_enabled_channel.gtye4_channel_wrapper_inst/channel_inst/gtye4_channel_gen.gen_gtye4_channel_inst[1].GTYE4_CHANNEL_PRIM_INST/TXOUTCLKPCS
                         net (fo=15, routed)          0.523     0.523    cmac_inst/inst/cmac_usplus_0_gt_i/inst/gen_gtwizard_gtye4_top.cmac_usplus_0_gt_gtwizard_gtye4_inst/gen_gtwizard_gtye4.gen_pwrgood_delay_inst[1].delay_powergood_inst/GTYE4_CHANNEL_TXOUTCLKPCS[0]
    SLICE_X0Y266         FDRE                                         r  cmac_inst/inst/cmac_usplus_0_gt_i/inst/gen_gtwizard_gtye4_top.cmac_usplus_0_gt_gtwizard_gtye4_inst/gen_gtwizard_gtye4.gen_pwrgood_delay_inst[1].delay_powergood_inst/gen_powergood_delay.wait_cnt_reg[5]/C
                         clock pessimism             -0.056     0.467    
    SLICE_X0Y266         FDRE (Hold_EFF2_SLICEL_C_R)
                                                     -0.015     0.452    cmac_inst/inst/cmac_usplus_0_gt_i/inst/gen_gtwizard_gtye4_top.cmac_usplus_0_gt_gtwizard_gtye4_inst/gen_gtwizard_gtye4.gen_pwrgood_delay_inst[1].delay_powergood_inst/gen_powergood_delay.wait_cnt_reg[5]
  -------------------------------------------------------------------
                         required time                         -0.452    
                         arrival time                           0.575    
  -------------------------------------------------------------------
                         slack                                  0.123    





Pulse Width Checks
--------------------------------------------------------------------------------------
Clock Name:         GTYE4_CHANNEL_TXOUTCLKPCS[1]
Waveform(ns):       { 0.000 1.552 }
Period(ns):         3.103
Sources:            { cmac_inst/inst/cmac_usplus_0_gt_i/inst/gen_gtwizard_gtye4_top.cmac_usplus_0_gt_gtwizard_gtye4_inst/gen_gtwizard_gtye4.gen_channel_container[1].gen_enabled_channel.gtye4_channel_wrapper_inst/channel_inst/gtye4_channel_gen.gen_gtye4_channel_inst[1].GTYE4_CHANNEL_PRIM_INST/TXOUTCLKPCS }

Check Type        Corner  Lib Pin  Reference Pin  Required(ns)  Actual(ns)  Slack(ns)  Location      Pin
Min Period        n/a     FDCE/C   n/a            0.550         3.103       2.553      SLICE_X1Y264  cmac_inst/inst/cmac_usplus_0_gt_i/inst/gen_gtwizard_gtye4_top.cmac_usplus_0_gt_gtwizard_gtye4_inst/gen_gtwizard_gtye4.gen_pwrgood_delay_inst[1].delay_powergood_inst/gen_powergood_delay.int_pwr_on_fsm_reg/C
Low Pulse Width   Slow    FDCE/C   n/a            0.275         1.552       1.277      SLICE_X1Y264  cmac_inst/inst/cmac_usplus_0_gt_i/inst/gen_gtwizard_gtye4_top.cmac_usplus_0_gt_gtwizard_gtye4_inst/gen_gtwizard_gtye4.gen_pwrgood_delay_inst[1].delay_powergood_inst/gen_powergood_delay.int_pwr_on_fsm_reg/C
High Pulse Width  Slow    FDCE/C   n/a            0.275         1.552       1.277      SLICE_X1Y264  cmac_inst/inst/cmac_usplus_0_gt_i/inst/gen_gtwizard_gtye4_top.cmac_usplus_0_gt_gtwizard_gtye4_inst/gen_gtwizard_gtye4.gen_pwrgood_delay_inst[1].delay_powergood_inst/gen_powergood_delay.int_pwr_on_fsm_reg/C



---------------------------------------------------------------------------------------------------
From Clock:  GTYE4_CHANNEL_TXOUTCLKPCS[2]
  To Clock:  GTYE4_CHANNEL_TXOUTCLKPCS[2]

Setup :            0  Failing Endpoints,  Worst Slack        2.084ns,  Total Violation        0.000ns
Hold  :            0  Failing Endpoints,  Worst Slack        0.133ns,  Total Violation        0.000ns
PW    :            0  Failing Endpoints,  Worst Slack        1.277ns,  Total Violation        0.000ns
---------------------------------------------------------------------------------------------------


Max Delay Paths
--------------------------------------------------------------------------------------
Slack (MET) :             2.084ns  (required time - arrival time)
  Source:                 cmac_inst/inst/cmac_usplus_0_gt_i/inst/gen_gtwizard_gtye4_top.cmac_usplus_0_gt_gtwizard_gtye4_inst/gen_gtwizard_gtye4.gen_pwrgood_delay_inst[2].delay_powergood_inst/gen_powergood_delay.intclk_rrst_n_r_reg[4]/C
                            (rising edge-triggered cell FDCE clocked by GTYE4_CHANNEL_TXOUTCLKPCS[2]  {rise@0.000ns fall@1.552ns period=3.103ns})
  Destination:            cmac_inst/inst/cmac_usplus_0_gt_i/inst/gen_gtwizard_gtye4_top.cmac_usplus_0_gt_gtwizard_gtye4_inst/gen_gtwizard_gtye4.gen_pwrgood_delay_inst[2].delay_powergood_inst/gen_powergood_delay.wait_cnt_reg[0]/CE
                            (rising edge-triggered cell FDRE clocked by GTYE4_CHANNEL_TXOUTCLKPCS[2]  {rise@0.000ns fall@1.552ns period=3.103ns})
  Path Group:             GTYE4_CHANNEL_TXOUTCLKPCS[2]
  Path Type:              Setup (Max at Slow Process Corner)
  Requirement:            3.103ns  (GTYE4_CHANNEL_TXOUTCLKPCS[2] rise@3.103ns - GTYE4_CHANNEL_TXOUTCLKPCS[2] rise@0.000ns)
  Data Path Delay:        0.786ns  (logic 0.175ns (22.276%)  route 0.611ns (77.724%))
  Logic Levels:           1  (LUT2=1)
  Clock Path Skew:        -0.127ns (DCD - SCD + CPR)
    Destination Clock Delay (DCD):    0.375ns = ( 3.478 - 3.103 ) 
    Source Clock Delay      (SCD):    0.611ns
    Clock Pessimism Removal (CPR):    0.109ns
  Clock Uncertainty:      0.046ns  ((TSJ^2 + DJ^2)^1/2) / 2 + PE
    Total System Jitter     (TSJ):    0.071ns
    Discrete Jitter          (DJ):    0.060ns
    Phase Error              (PE):    0.000ns

    Location             Delay type                Incr(ns)  Path(ns)    Netlist Resource(s)
  -------------------------------------------------------------------    -------------------
                         (clock GTYE4_CHANNEL_TXOUTCLKPCS[2] rise edge)
                                                      0.000     0.000 r  
    GTYE4_CHANNEL_X0Y6   GTYE4_CHANNEL                0.000     0.000 r  cmac_inst/inst/cmac_usplus_0_gt_i/inst/gen_gtwizard_gtye4_top.cmac_usplus_0_gt_gtwizard_gtye4_inst/gen_gtwizard_gtye4.gen_channel_container[1].gen_enabled_channel.gtye4_channel_wrapper_inst/channel_inst/gtye4_channel_gen.gen_gtye4_channel_inst[2].GTYE4_CHANNEL_PRIM_INST/TXOUTCLKPCS
                         net (fo=15, routed)          0.611     0.611    cmac_inst/inst/cmac_usplus_0_gt_i/inst/gen_gtwizard_gtye4_top.cmac_usplus_0_gt_gtwizard_gtye4_inst/gen_gtwizard_gtye4.gen_pwrgood_delay_inst[2].delay_powergood_inst/GTYE4_CHANNEL_TXOUTCLKPCS[0]
    SLICE_X1Y275         FDCE                                         r  cmac_inst/inst/cmac_usplus_0_gt_i/inst/gen_gtwizard_gtye4_top.cmac_usplus_0_gt_gtwizard_gtye4_inst/gen_gtwizard_gtye4.gen_pwrgood_delay_inst[2].delay_powergood_inst/gen_powergood_delay.intclk_rrst_n_r_reg[4]/C
  -------------------------------------------------------------------    -------------------
    SLICE_X1Y275         FDCE (Prop_EFF2_SLICEM_C_Q)
                                                      0.079     0.690 f  cmac_inst/inst/cmac_usplus_0_gt_i/inst/gen_gtwizard_gtye4_top.cmac_usplus_0_gt_gtwizard_gtye4_inst/gen_gtwizard_gtye4.gen_pwrgood_delay_inst[2].delay_powergood_inst/gen_powergood_delay.intclk_rrst_n_r_reg[4]/Q
                         net (fo=9, routed)           0.395     1.084    cmac_inst/inst/cmac_usplus_0_gt_i/inst/gen_gtwizard_gtye4_top.cmac_usplus_0_gt_gtwizard_gtye4_inst/gen_gtwizard_gtye4.gen_pwrgood_delay_inst[2].delay_powergood_inst/gen_powergood_delay.intclk_rrst_n_r[4]
    SLICE_X0Y276         LUT2 (Prop_D5LUT_SLICEL_I0_O)
                                                      0.096     1.180 r  cmac_inst/inst/cmac_usplus_0_gt_i/inst/gen_gtwizard_gtye4_top.cmac_usplus_0_gt_gtwizard_gtye4_inst/gen_gtwizard_gtye4.gen_pwrgood_delay_inst[2].delay_powergood_inst/gen_powergood_delay.wait_cnt[0]_i_1__1/O
                         net (fo=1, routed)           0.216     1.396    cmac_inst/inst/cmac_usplus_0_gt_i/inst/gen_gtwizard_gtye4_top.cmac_usplus_0_gt_gtwizard_gtye4_inst/gen_gtwizard_gtye4.gen_pwrgood_delay_inst[2].delay_powergood_inst/gen_powergood_delay.wait_cnt[0]_i_1__1_n_0
    SLICE_X1Y276         FDRE                                         r  cmac_inst/inst/cmac_usplus_0_gt_i/inst/gen_gtwizard_gtye4_top.cmac_usplus_0_gt_gtwizard_gtye4_inst/gen_gtwizard_gtye4.gen_pwrgood_delay_inst[2].delay_powergood_inst/gen_powergood_delay.wait_cnt_reg[0]/CE
  -------------------------------------------------------------------    -------------------

                         (clock GTYE4_CHANNEL_TXOUTCLKPCS[2] rise edge)
                                                      3.103     3.103 r  
    GTYE4_CHANNEL_X0Y6   GTYE4_CHANNEL                0.000     3.103 r  cmac_inst/inst/cmac_usplus_0_gt_i/inst/gen_gtwizard_gtye4_top.cmac_usplus_0_gt_gtwizard_gtye4_inst/gen_gtwizard_gtye4.gen_channel_container[1].gen_enabled_channel.gtye4_channel_wrapper_inst/channel_inst/gtye4_channel_gen.gen_gtye4_channel_inst[2].GTYE4_CHANNEL_PRIM_INST/TXOUTCLKPCS
                         net (fo=15, routed)          0.375     3.478    cmac_inst/inst/cmac_usplus_0_gt_i/inst/gen_gtwizard_gtye4_top.cmac_usplus_0_gt_gtwizard_gtye4_inst/gen_gtwizard_gtye4.gen_pwrgood_delay_inst[2].delay_powergood_inst/GTYE4_CHANNEL_TXOUTCLKPCS[0]
    SLICE_X1Y276         FDRE                                         r  cmac_inst/inst/cmac_usplus_0_gt_i/inst/gen_gtwizard_gtye4_top.cmac_usplus_0_gt_gtwizard_gtye4_inst/gen_gtwizard_gtye4.gen_pwrgood_delay_inst[2].delay_powergood_inst/gen_powergood_delay.wait_cnt_reg[0]/C
                         clock pessimism              0.109     3.587    
                         clock uncertainty           -0.046     3.540    
    SLICE_X1Y276         FDRE (Setup_AFF2_SLICEM_C_CE)
                                                     -0.060     3.480    cmac_inst/inst/cmac_usplus_0_gt_i/inst/gen_gtwizard_gtye4_top.cmac_usplus_0_gt_gtwizard_gtye4_inst/gen_gtwizard_gtye4.gen_pwrgood_delay_inst[2].delay_powergood_inst/gen_powergood_delay.wait_cnt_reg[0]
  -------------------------------------------------------------------
                         required time                          3.480    
                         arrival time                          -1.396    
  -------------------------------------------------------------------
                         slack                                  2.084    





Min Delay Paths
--------------------------------------------------------------------------------------
Slack (MET) :             0.133ns  (arrival time - required time)
  Source:                 cmac_inst/inst/cmac_usplus_0_gt_i/inst/gen_gtwizard_gtye4_top.cmac_usplus_0_gt_gtwizard_gtye4_inst/gen_gtwizard_gtye4.gen_pwrgood_delay_inst[2].delay_powergood_inst/gen_powergood_delay.int_pwr_on_fsm_reg/C
                            (rising edge-triggered cell FDCE clocked by GTYE4_CHANNEL_TXOUTCLKPCS[2]  {rise@0.000ns fall@1.552ns period=3.103ns})
  Destination:            cmac_inst/inst/cmac_usplus_0_gt_i/inst/gen_gtwizard_gtye4_top.cmac_usplus_0_gt_gtwizard_gtye4_inst/gen_gtwizard_gtye4.gen_pwrgood_delay_inst[2].delay_powergood_inst/gen_powergood_delay.pwr_on_fsm_reg/D
                            (rising edge-triggered cell FDRE clocked by GTYE4_CHANNEL_TXOUTCLKPCS[2]  {rise@0.000ns fall@1.552ns period=3.103ns})
  Path Group:             GTYE4_CHANNEL_TXOUTCLKPCS[2]
  Path Type:              Hold (Min at Slow Process Corner)
  Requirement:            0.000ns  (GTYE4_CHANNEL_TXOUTCLKPCS[2] rise@0.000ns - GTYE4_CHANNEL_TXOUTCLKPCS[2] rise@0.000ns)
  Data Path Delay:        0.341ns  (logic 0.060ns (17.574%)  route 0.281ns (82.426%))
  Logic Levels:           0  
  Clock Path Skew:        0.146ns (DCD - SCD - CPR)
    Destination Clock Delay (DCD):    0.553ns
    Source Clock Delay      (SCD):    0.348ns
    Clock Pessimism Removal (CPR):    0.059ns

    Location             Delay type                Incr(ns)  Path(ns)    Netlist Resource(s)
  -------------------------------------------------------------------    -------------------
                         (clock GTYE4_CHANNEL_TXOUTCLKPCS[2] rise edge)
                                                      0.000     0.000 r  
    GTYE4_CHANNEL_X0Y6   GTYE4_CHANNEL                0.000     0.000 r  cmac_inst/inst/cmac_usplus_0_gt_i/inst/gen_gtwizard_gtye4_top.cmac_usplus_0_gt_gtwizard_gtye4_inst/gen_gtwizard_gtye4.gen_channel_container[1].gen_enabled_channel.gtye4_channel_wrapper_inst/channel_inst/gtye4_channel_gen.gen_gtye4_channel_inst[2].GTYE4_CHANNEL_PRIM_INST/TXOUTCLKPCS
                         net (fo=15, routed)          0.348     0.348    cmac_inst/inst/cmac_usplus_0_gt_i/inst/gen_gtwizard_gtye4_top.cmac_usplus_0_gt_gtwizard_gtye4_inst/gen_gtwizard_gtye4.gen_pwrgood_delay_inst[2].delay_powergood_inst/GTYE4_CHANNEL_TXOUTCLKPCS[0]
    SLICE_X0Y276         FDCE                                         r  cmac_inst/inst/cmac_usplus_0_gt_i/inst/gen_gtwizard_gtye4_top.cmac_usplus_0_gt_gtwizard_gtye4_inst/gen_gtwizard_gtye4.gen_pwrgood_delay_inst[2].delay_powergood_inst/gen_powergood_delay.int_pwr_on_fsm_reg/C
  -------------------------------------------------------------------    -------------------
    SLICE_X0Y276         FDCE (Prop_AFF2_SLICEL_C_Q)
                                                      0.060     0.408 r  cmac_inst/inst/cmac_usplus_0_gt_i/inst/gen_gtwizard_gtye4_top.cmac_usplus_0_gt_gtwizard_gtye4_inst/gen_gtwizard_gtye4.gen_pwrgood_delay_inst[2].delay_powergood_inst/gen_powergood_delay.int_pwr_on_fsm_reg/Q
                         net (fo=4, routed)           0.281     0.689    cmac_inst/inst/cmac_usplus_0_gt_i/inst/gen_gtwizard_gtye4_top.cmac_usplus_0_gt_gtwizard_gtye4_inst/gen_gtwizard_gtye4.gen_pwrgood_delay_inst[2].delay_powergood_inst/gen_powergood_delay.int_pwr_on_fsm
    SLICE_X0Y277         FDRE                                         r  cmac_inst/inst/cmac_usplus_0_gt_i/inst/gen_gtwizard_gtye4_top.cmac_usplus_0_gt_gtwizard_gtye4_inst/gen_gtwizard_gtye4.gen_pwrgood_delay_inst[2].delay_powergood_inst/gen_powergood_delay.pwr_on_fsm_reg/D
  -------------------------------------------------------------------    -------------------

                         (clock GTYE4_CHANNEL_TXOUTCLKPCS[2] rise edge)
                                                      0.000     0.000 r  
    GTYE4_CHANNEL_X0Y6   GTYE4_CHANNEL                0.000     0.000 r  cmac_inst/inst/cmac_usplus_0_gt_i/inst/gen_gtwizard_gtye4_top.cmac_usplus_0_gt_gtwizard_gtye4_inst/gen_gtwizard_gtye4.gen_channel_container[1].gen_enabled_channel.gtye4_channel_wrapper_inst/channel_inst/gtye4_channel_gen.gen_gtye4_channel_inst[2].GTYE4_CHANNEL_PRIM_INST/TXOUTCLKPCS
                         net (fo=15, routed)          0.553     0.553    cmac_inst/inst/cmac_usplus_0_gt_i/inst/gen_gtwizard_gtye4_top.cmac_usplus_0_gt_gtwizard_gtye4_inst/gen_gtwizard_gtye4.gen_pwrgood_delay_inst[2].delay_powergood_inst/GTYE4_CHANNEL_TXOUTCLKPCS[0]
    SLICE_X0Y277         FDRE                                         r  cmac_inst/inst/cmac_usplus_0_gt_i/inst/gen_gtwizard_gtye4_top.cmac_usplus_0_gt_gtwizard_gtye4_inst/gen_gtwizard_gtye4.gen_pwrgood_delay_inst[2].delay_powergood_inst/gen_powergood_delay.pwr_on_fsm_reg/C
                         clock pessimism             -0.059     0.494    
    SLICE_X0Y277         FDRE (Hold_AFF2_SLICEL_C_D)
                                                      0.062     0.556    cmac_inst/inst/cmac_usplus_0_gt_i/inst/gen_gtwizard_gtye4_top.cmac_usplus_0_gt_gtwizard_gtye4_inst/gen_gtwizard_gtye4.gen_pwrgood_delay_inst[2].delay_powergood_inst/gen_powergood_delay.pwr_on_fsm_reg
  -------------------------------------------------------------------
                         required time                         -0.556    
                         arrival time                           0.689    
  -------------------------------------------------------------------
                         slack                                  0.133    





Pulse Width Checks
--------------------------------------------------------------------------------------
Clock Name:         GTYE4_CHANNEL_TXOUTCLKPCS[2]
Waveform(ns):       { 0.000 1.552 }
Period(ns):         3.103
Sources:            { cmac_inst/inst/cmac_usplus_0_gt_i/inst/gen_gtwizard_gtye4_top.cmac_usplus_0_gt_gtwizard_gtye4_inst/gen_gtwizard_gtye4.gen_channel_container[1].gen_enabled_channel.gtye4_channel_wrapper_inst/channel_inst/gtye4_channel_gen.gen_gtye4_channel_inst[2].GTYE4_CHANNEL_PRIM_INST/TXOUTCLKPCS }

Check Type        Corner  Lib Pin  Reference Pin  Required(ns)  Actual(ns)  Slack(ns)  Location      Pin
Min Period        n/a     FDCE/C   n/a            0.550         3.103       2.553      SLICE_X0Y276  cmac_inst/inst/cmac_usplus_0_gt_i/inst/gen_gtwizard_gtye4_top.cmac_usplus_0_gt_gtwizard_gtye4_inst/gen_gtwizard_gtye4.gen_pwrgood_delay_inst[2].delay_powergood_inst/gen_powergood_delay.int_pwr_on_fsm_reg/C
Low Pulse Width   Slow    FDCE/C   n/a            0.275         1.552       1.277      SLICE_X0Y276  cmac_inst/inst/cmac_usplus_0_gt_i/inst/gen_gtwizard_gtye4_top.cmac_usplus_0_gt_gtwizard_gtye4_inst/gen_gtwizard_gtye4.gen_pwrgood_delay_inst[2].delay_powergood_inst/gen_powergood_delay.int_pwr_on_fsm_reg/C
High Pulse Width  Slow    FDCE/C   n/a            0.275         1.552       1.277      SLICE_X0Y276  cmac_inst/inst/cmac_usplus_0_gt_i/inst/gen_gtwizard_gtye4_top.cmac_usplus_0_gt_gtwizard_gtye4_inst/gen_gtwizard_gtye4.gen_pwrgood_delay_inst[2].delay_powergood_inst/gen_powergood_delay.int_pwr_on_fsm_reg/C



---------------------------------------------------------------------------------------------------
From Clock:  GTYE4_CHANNEL_TXOUTCLKPCS[3]
  To Clock:  GTYE4_CHANNEL_TXOUTCLKPCS[3]

Setup :            0  Failing Endpoints,  Worst Slack        1.808ns,  Total Violation        0.000ns
Hold  :            0  Failing Endpoints,  Worst Slack        0.109ns,  Total Violation        0.000ns
PW    :            0  Failing Endpoints,  Worst Slack        1.277ns,  Total Violation        0.000ns
---------------------------------------------------------------------------------------------------


Max Delay Paths
--------------------------------------------------------------------------------------
Slack (MET) :             1.808ns  (required time - arrival time)
  Source:                 cmac_inst/inst/cmac_usplus_0_gt_i/inst/gen_gtwizard_gtye4_top.cmac_usplus_0_gt_gtwizard_gtye4_inst/gen_gtwizard_gtye4.gen_pwrgood_delay_inst[3].delay_powergood_inst/gen_powergood_delay.intclk_rrst_n_r_reg[4]/C
                            (rising edge-triggered cell FDCE clocked by GTYE4_CHANNEL_TXOUTCLKPCS[3]  {rise@0.000ns fall@1.552ns period=3.103ns})
  Destination:            cmac_inst/inst/cmac_usplus_0_gt_i/inst/gen_gtwizard_gtye4_top.cmac_usplus_0_gt_gtwizard_gtye4_inst/gen_gtwizard_gtye4.gen_pwrgood_delay_inst[3].delay_powergood_inst/gen_powergood_delay.wait_cnt_reg[0]/CE
                            (rising edge-triggered cell FDRE clocked by GTYE4_CHANNEL_TXOUTCLKPCS[3]  {rise@0.000ns fall@1.552ns period=3.103ns})
  Path Group:             GTYE4_CHANNEL_TXOUTCLKPCS[3]
  Path Type:              Setup (Max at Slow Process Corner)
  Requirement:            3.103ns  (GTYE4_CHANNEL_TXOUTCLKPCS[3] rise@3.103ns - GTYE4_CHANNEL_TXOUTCLKPCS[3] rise@0.000ns)
  Data Path Delay:        0.959ns  (logic 0.214ns (22.307%)  route 0.745ns (77.693%))
  Logic Levels:           1  (LUT2=1)
  Clock Path Skew:        -0.230ns (DCD - SCD + CPR)
    Destination Clock Delay (DCD):    0.405ns = ( 3.508 - 3.103 ) 
    Source Clock Delay      (SCD):    0.691ns
    Clock Pessimism Removal (CPR):    0.056ns
  Clock Uncertainty:      0.046ns  ((TSJ^2 + DJ^2)^1/2) / 2 + PE
    Total System Jitter     (TSJ):    0.071ns
    Discrete Jitter          (DJ):    0.060ns
    Phase Error              (PE):    0.000ns

    Location             Delay type                Incr(ns)  Path(ns)    Netlist Resource(s)
  -------------------------------------------------------------------    -------------------
                         (clock GTYE4_CHANNEL_TXOUTCLKPCS[3] rise edge)
                                                      0.000     0.000 r  
    GTYE4_CHANNEL_X0Y7   GTYE4_CHANNEL                0.000     0.000 r  cmac_inst/inst/cmac_usplus_0_gt_i/inst/gen_gtwizard_gtye4_top.cmac_usplus_0_gt_gtwizard_gtye4_inst/gen_gtwizard_gtye4.gen_channel_container[1].gen_enabled_channel.gtye4_channel_wrapper_inst/channel_inst/gtye4_channel_gen.gen_gtye4_channel_inst[3].GTYE4_CHANNEL_PRIM_INST/TXOUTCLKPCS
                         net (fo=15, routed)          0.691     0.691    cmac_inst/inst/cmac_usplus_0_gt_i/inst/gen_gtwizard_gtye4_top.cmac_usplus_0_gt_gtwizard_gtye4_inst/gen_gtwizard_gtye4.gen_pwrgood_delay_inst[3].delay_powergood_inst/GTYE4_CHANNEL_TXOUTCLKPCS[0]
    SLICE_X0Y278         FDCE                                         r  cmac_inst/inst/cmac_usplus_0_gt_i/inst/gen_gtwizard_gtye4_top.cmac_usplus_0_gt_gtwizard_gtye4_inst/gen_gtwizard_gtye4.gen_pwrgood_delay_inst[3].delay_powergood_inst/gen_powergood_delay.intclk_rrst_n_r_reg[4]/C
  -------------------------------------------------------------------    -------------------
    SLICE_X0Y278         FDCE (Prop_EFF2_SLICEL_C_Q)
                                                      0.081     0.772 f  cmac_inst/inst/cmac_usplus_0_gt_i/inst/gen_gtwizard_gtye4_top.cmac_usplus_0_gt_gtwizard_gtye4_inst/gen_gtwizard_gtye4.gen_pwrgood_delay_inst[3].delay_powergood_inst/gen_powergood_delay.intclk_rrst_n_r_reg[4]/Q
                         net (fo=9, routed)           0.485     1.257    cmac_inst/inst/cmac_usplus_0_gt_i/inst/gen_gtwizard_gtye4_top.cmac_usplus_0_gt_gtwizard_gtye4_inst/gen_gtwizard_gtye4.gen_pwrgood_delay_inst[3].delay_powergood_inst/gen_powergood_delay.intclk_rrst_n_r[4]
    SLICE_X0Y278         LUT2 (Prop_D5LUT_SLICEL_I0_O)
                                                      0.133     1.390 r  cmac_inst/inst/cmac_usplus_0_gt_i/inst/gen_gtwizard_gtye4_top.cmac_usplus_0_gt_gtwizard_gtye4_inst/gen_gtwizard_gtye4.gen_pwrgood_delay_inst[3].delay_powergood_inst/gen_powergood_delay.wait_cnt[0]_i_1__2/O
                         net (fo=1, routed)           0.260     1.650    cmac_inst/inst/cmac_usplus_0_gt_i/inst/gen_gtwizard_gtye4_top.cmac_usplus_0_gt_gtwizard_gtye4_inst/gen_gtwizard_gtye4.gen_pwrgood_delay_inst[3].delay_powergood_inst/gen_powergood_delay.wait_cnt[0]_i_1__2_n_0
    SLICE_X0Y279         FDRE                                         r  cmac_inst/inst/cmac_usplus_0_gt_i/inst/gen_gtwizard_gtye4_top.cmac_usplus_0_gt_gtwizard_gtye4_inst/gen_gtwizard_gtye4.gen_pwrgood_delay_inst[3].delay_powergood_inst/gen_powergood_delay.wait_cnt_reg[0]/CE
  -------------------------------------------------------------------    -------------------

                         (clock GTYE4_CHANNEL_TXOUTCLKPCS[3] rise edge)
                                                      3.103     3.103 r  
    GTYE4_CHANNEL_X0Y7   GTYE4_CHANNEL                0.000     3.103 r  cmac_inst/inst/cmac_usplus_0_gt_i/inst/gen_gtwizard_gtye4_top.cmac_usplus_0_gt_gtwizard_gtye4_inst/gen_gtwizard_gtye4.gen_channel_container[1].gen_enabled_channel.gtye4_channel_wrapper_inst/channel_inst/gtye4_channel_gen.gen_gtye4_channel_inst[3].GTYE4_CHANNEL_PRIM_INST/TXOUTCLKPCS
                         net (fo=15, routed)          0.405     3.508    cmac_inst/inst/cmac_usplus_0_gt_i/inst/gen_gtwizard_gtye4_top.cmac_usplus_0_gt_gtwizard_gtye4_inst/gen_gtwizard_gtye4.gen_pwrgood_delay_inst[3].delay_powergood_inst/GTYE4_CHANNEL_TXOUTCLKPCS[0]
    SLICE_X0Y279         FDRE                                         r  cmac_inst/inst/cmac_usplus_0_gt_i/inst/gen_gtwizard_gtye4_top.cmac_usplus_0_gt_gtwizard_gtye4_inst/gen_gtwizard_gtye4.gen_pwrgood_delay_inst[3].delay_powergood_inst/gen_powergood_delay.wait_cnt_reg[0]/C
                         clock pessimism              0.056     3.564    
                         clock uncertainty           -0.046     3.518    
    SLICE_X0Y279         FDRE (Setup_AFF2_SLICEL_C_CE)
                                                     -0.059     3.459    cmac_inst/inst/cmac_usplus_0_gt_i/inst/gen_gtwizard_gtye4_top.cmac_usplus_0_gt_gtwizard_gtye4_inst/gen_gtwizard_gtye4.gen_pwrgood_delay_inst[3].delay_powergood_inst/gen_powergood_delay.wait_cnt_reg[0]
  -------------------------------------------------------------------
                         required time                          3.459    
                         arrival time                          -1.650    
  -------------------------------------------------------------------
                         slack                                  1.808    





Min Delay Paths
--------------------------------------------------------------------------------------
Slack (MET) :             0.109ns  (arrival time - required time)
  Source:                 cmac_inst/inst/cmac_usplus_0_gt_i/inst/gen_gtwizard_gtye4_top.cmac_usplus_0_gt_gtwizard_gtye4_inst/gen_gtwizard_gtye4.gen_pwrgood_delay_inst[3].delay_powergood_inst/gen_powergood_delay.intclk_rrst_n_r_reg[4]/C
                            (rising edge-triggered cell FDCE clocked by GTYE4_CHANNEL_TXOUTCLKPCS[3]  {rise@0.000ns fall@1.552ns period=3.103ns})
  Destination:            cmac_inst/inst/cmac_usplus_0_gt_i/inst/gen_gtwizard_gtye4_top.cmac_usplus_0_gt_gtwizard_gtye4_inst/gen_gtwizard_gtye4.gen_pwrgood_delay_inst[3].delay_powergood_inst/gen_powergood_delay.wait_cnt_reg[5]/R
                            (rising edge-triggered cell FDRE clocked by GTYE4_CHANNEL_TXOUTCLKPCS[3]  {rise@0.000ns fall@1.552ns period=3.103ns})
  Path Group:             GTYE4_CHANNEL_TXOUTCLKPCS[3]
  Path Type:              Hold (Min at Slow Process Corner)
  Requirement:            0.000ns  (GTYE4_CHANNEL_TXOUTCLKPCS[3] rise@0.000ns - GTYE4_CHANNEL_TXOUTCLKPCS[3] rise@0.000ns)
  Data Path Delay:        0.216ns  (logic 0.060ns (27.807%)  route 0.156ns (72.193%))
  Logic Levels:           0  
  Clock Path Skew:        0.122ns (DCD - SCD - CPR)
    Destination Clock Delay (DCD):    0.626ns
    Source Clock Delay      (SCD):    0.447ns
    Clock Pessimism Removal (CPR):    0.056ns

    Location             Delay type                Incr(ns)  Path(ns)    Netlist Resource(s)
  -------------------------------------------------------------------    -------------------
                         (clock GTYE4_CHANNEL_TXOUTCLKPCS[3] rise edge)
                                                      0.000     0.000 r  
    GTYE4_CHANNEL_X0Y7   GTYE4_CHANNEL                0.000     0.000 r  cmac_inst/inst/cmac_usplus_0_gt_i/inst/gen_gtwizard_gtye4_top.cmac_usplus_0_gt_gtwizard_gtye4_inst/gen_gtwizard_gtye4.gen_channel_container[1].gen_enabled_channel.gtye4_channel_wrapper_inst/channel_inst/gtye4_channel_gen.gen_gtye4_channel_inst[3].GTYE4_CHANNEL_PRIM_INST/TXOUTCLKPCS
                         net (fo=15, routed)          0.447     0.447    cmac_inst/inst/cmac_usplus_0_gt_i/inst/gen_gtwizard_gtye4_top.cmac_usplus_0_gt_gtwizard_gtye4_inst/gen_gtwizard_gtye4.gen_pwrgood_delay_inst[3].delay_powergood_inst/GTYE4_CHANNEL_TXOUTCLKPCS[0]
    SLICE_X0Y278         FDCE                                         r  cmac_inst/inst/cmac_usplus_0_gt_i/inst/gen_gtwizard_gtye4_top.cmac_usplus_0_gt_gtwizard_gtye4_inst/gen_gtwizard_gtye4.gen_pwrgood_delay_inst[3].delay_powergood_inst/gen_powergood_delay.intclk_rrst_n_r_reg[4]/C
  -------------------------------------------------------------------    -------------------
    SLICE_X0Y278         FDCE (Prop_EFF2_SLICEL_C_Q)
                                                      0.060     0.507 f  cmac_inst/inst/cmac_usplus_0_gt_i/inst/gen_gtwizard_gtye4_top.cmac_usplus_0_gt_gtwizard_gtye4_inst/gen_gtwizard_gtye4.gen_pwrgood_delay_inst[3].delay_powergood_inst/gen_powergood_delay.intclk_rrst_n_r_reg[4]/Q
                         net (fo=9, routed)           0.156     0.663    cmac_inst/inst/cmac_usplus_0_gt_i/inst/gen_gtwizard_gtye4_top.cmac_usplus_0_gt_gtwizard_gtye4_inst/gen_gtwizard_gtye4.gen_pwrgood_delay_inst[3].delay_powergood_inst/gen_powergood_delay.intclk_rrst_n_r[4]
    SLICE_X0Y280         FDRE                                         r  cmac_inst/inst/cmac_usplus_0_gt_i/inst/gen_gtwizard_gtye4_top.cmac_usplus_0_gt_gtwizard_gtye4_inst/gen_gtwizard_gtye4.gen_pwrgood_delay_inst[3].delay_powergood_inst/gen_powergood_delay.wait_cnt_reg[5]/R  (IS_INVERTED)
  -------------------------------------------------------------------    -------------------

                         (clock GTYE4_CHANNEL_TXOUTCLKPCS[3] rise edge)
                                                      0.000     0.000 r  
    GTYE4_CHANNEL_X0Y7   GTYE4_CHANNEL                0.000     0.000 r  cmac_inst/inst/cmac_usplus_0_gt_i/inst/gen_gtwizard_gtye4_top.cmac_usplus_0_gt_gtwizard_gtye4_inst/gen_gtwizard_gtye4.gen_channel_container[1].gen_enabled_channel.gtye4_channel_wrapper_inst/channel_inst/gtye4_channel_gen.gen_gtye4_channel_inst[3].GTYE4_CHANNEL_PRIM_INST/TXOUTCLKPCS
                         net (fo=15, routed)          0.626     0.626    cmac_inst/inst/cmac_usplus_0_gt_i/inst/gen_gtwizard_gtye4_top.cmac_usplus_0_gt_gtwizard_gtye4_inst/gen_gtwizard_gtye4.gen_pwrgood_delay_inst[3].delay_powergood_inst/GTYE4_CHANNEL_TXOUTCLKPCS[0]
    SLICE_X0Y280         FDRE                                         r  cmac_inst/inst/cmac_usplus_0_gt_i/inst/gen_gtwizard_gtye4_top.cmac_usplus_0_gt_gtwizard_gtye4_inst/gen_gtwizard_gtye4.gen_pwrgood_delay_inst[3].delay_powergood_inst/gen_powergood_delay.wait_cnt_reg[5]/C
                         clock pessimism             -0.056     0.570    
    SLICE_X0Y280         FDRE (Hold_EFF2_SLICEL_C_R)
                                                     -0.015     0.555    cmac_inst/inst/cmac_usplus_0_gt_i/inst/gen_gtwizard_gtye4_top.cmac_usplus_0_gt_gtwizard_gtye4_inst/gen_gtwizard_gtye4.gen_pwrgood_delay_inst[3].delay_powergood_inst/gen_powergood_delay.wait_cnt_reg[5]
  -------------------------------------------------------------------
                         required time                         -0.555    
                         arrival time                           0.663    
  -------------------------------------------------------------------
                         slack                                  0.109    





Pulse Width Checks
--------------------------------------------------------------------------------------
Clock Name:         GTYE4_CHANNEL_TXOUTCLKPCS[3]
Waveform(ns):       { 0.000 1.552 }
Period(ns):         3.103
Sources:            { cmac_inst/inst/cmac_usplus_0_gt_i/inst/gen_gtwizard_gtye4_top.cmac_usplus_0_gt_gtwizard_gtye4_inst/gen_gtwizard_gtye4.gen_channel_container[1].gen_enabled_channel.gtye4_channel_wrapper_inst/channel_inst/gtye4_channel_gen.gen_gtye4_channel_inst[3].GTYE4_CHANNEL_PRIM_INST/TXOUTCLKPCS }

Check Type        Corner  Lib Pin  Reference Pin  Required(ns)  Actual(ns)  Slack(ns)  Location      Pin
Min Period        n/a     FDCE/C   n/a            0.550         3.103       2.553      SLICE_X2Y278  cmac_inst/inst/cmac_usplus_0_gt_i/inst/gen_gtwizard_gtye4_top.cmac_usplus_0_gt_gtwizard_gtye4_inst/gen_gtwizard_gtye4.gen_pwrgood_delay_inst[3].delay_powergood_inst/gen_powergood_delay.int_pwr_on_fsm_reg/C
Low Pulse Width   Slow    FDCE/C   n/a            0.275         1.552       1.277      SLICE_X2Y278  cmac_inst/inst/cmac_usplus_0_gt_i/inst/gen_gtwizard_gtye4_top.cmac_usplus_0_gt_gtwizard_gtye4_inst/gen_gtwizard_gtye4.gen_pwrgood_delay_inst[3].delay_powergood_inst/gen_powergood_delay.int_pwr_on_fsm_reg/C
High Pulse Width  Slow    FDCE/C   n/a            0.275         1.552       1.277      SLICE_X2Y278  cmac_inst/inst/cmac_usplus_0_gt_i/inst/gen_gtwizard_gtye4_top.cmac_usplus_0_gt_gtwizard_gtye4_inst/gen_gtwizard_gtye4.gen_pwrgood_delay_inst[3].delay_powergood_inst/gen_powergood_delay.int_pwr_on_fsm_reg/C



---------------------------------------------------------------------------------------------------
From Clock:  rxoutclk_out[0]
  To Clock:  rxoutclk_out[0]

Setup :            0  Failing Endpoints,  Worst Slack        1.244ns,  Total Violation        0.000ns
Hold  :            0  Failing Endpoints,  Worst Slack        0.044ns,  Total Violation        0.000ns
PW    :            0  Failing Endpoints,  Worst Slack        0.447ns,  Total Violation        0.000ns
---------------------------------------------------------------------------------------------------


Max Delay Paths
--------------------------------------------------------------------------------------
Slack (MET) :             1.244ns  (required time - arrival time)
  Source:                 cmac_inst/inst/cmac_usplus_0_gt_i/inst/gen_gtwizard_gtye4_top.cmac_usplus_0_gt_gtwizard_gtye4_inst/gen_gtwizard_gtye4.gen_channel_container[1].gen_enabled_channel.gtye4_channel_wrapper_inst/channel_inst/gtye4_channel_gen.gen_gtye4_channel_inst[0].GTYE4_CHANNEL_PRIM_INST/RXUSRCLK2
                            (rising edge-triggered cell GTYE4_CHANNEL clocked by rxoutclk_out[0]  {rise@0.000ns fall@1.552ns period=3.103ns})
  Destination:            cmac_inst/inst/i_cmac_usplus_0_rx_16bit_sync_alt_data0/data_in_d1_reg[2]/D
                            (rising edge-triggered cell FDRE clocked by rxoutclk_out[0]  {rise@0.000ns fall@1.552ns period=3.103ns})
  Path Group:             rxoutclk_out[0]
  Path Type:              Setup (Max at Slow Process Corner)
  Requirement:            3.103ns  (rxoutclk_out[0] rise@3.103ns - rxoutclk_out[0] rise@0.000ns)
  Data Path Delay:        1.654ns  (logic 0.900ns (54.414%)  route 0.754ns (45.586%))
  Logic Levels:           0  
  Clock Path Skew:        -0.183ns (DCD - SCD + CPR)
    Destination Clock Delay (DCD):    1.367ns = ( 4.470 - 3.103 ) 
    Source Clock Delay      (SCD):    1.628ns
    Clock Pessimism Removal (CPR):    0.078ns
  Clock Uncertainty:      0.046ns  ((TSJ^2 + DJ^2)^1/2) / 2 + PE
    Total System Jitter     (TSJ):    0.071ns
    Discrete Jitter          (DJ):    0.060ns
    Phase Error              (PE):    0.000ns
  Clock Net Delay (Source):      1.412ns (routing 0.543ns, distribution 0.869ns)
  Clock Net Delay (Destination): 1.174ns (routing 0.488ns, distribution 0.686ns)

    Location             Delay type                Incr(ns)  Path(ns)    Netlist Resource(s)
  -------------------------------------------------------------------    -------------------
                         (clock rxoutclk_out[0] rise edge)
                                                      0.000     0.000 r  
    GTYE4_CHANNEL_X0Y4   GTYE4_CHANNEL                0.000     0.000 r  cmac_inst/inst/cmac_usplus_0_gt_i/inst/gen_gtwizard_gtye4_top.cmac_usplus_0_gt_gtwizard_gtye4_inst/gen_gtwizard_gtye4.gen_channel_container[1].gen_enabled_channel.gtye4_channel_wrapper_inst/channel_inst/gtye4_channel_gen.gen_gtye4_channel_inst[0].GTYE4_CHANNEL_PRIM_INST/RXOUTCLK
                         net (fo=2, routed)           0.086     0.086    cmac_inst/inst/cmac_gtwiz_userclk_rx_inst/rxoutclk_out[0]
    BUFG_GT_X0Y97        BUFG_GT (Prop_BUFG_GT_I_O)
                                                      0.130     0.216 r  cmac_inst/inst/cmac_gtwiz_userclk_rx_inst/gen_gtwiz_userclk_rx_main.bufg_gt_usrclk_inst/O
    X0Y3 (CLOCK_ROOT)    net (fo=665, routed)         1.412     1.628    cmac_inst/inst/cmac_usplus_0_gt_i/inst/gen_gtwizard_gtye4_top.cmac_usplus_0_gt_gtwizard_gtye4_inst/gen_gtwizard_gtye4.gen_channel_container[1].gen_enabled_channel.gtye4_channel_wrapper_inst/channel_inst/rxusrclk_in[0]
    GTYE4_CHANNEL_X0Y4   GTYE4_CHANNEL                                r  cmac_inst/inst/cmac_usplus_0_gt_i/inst/gen_gtwizard_gtye4_top.cmac_usplus_0_gt_gtwizard_gtye4_inst/gen_gtwizard_gtye4.gen_channel_container[1].gen_enabled_channel.gtye4_channel_wrapper_inst/channel_inst/gtye4_channel_gen.gen_gtye4_channel_inst[0].GTYE4_CHANNEL_PRIM_INST/RXUSRCLK2
  -------------------------------------------------------------------    -------------------
    GTYE4_CHANNEL_X0Y4   GTYE4_CHANNEL (Prop_GTYE4_CHANNEL_RXUSRCLK2_RXCTRL0[1])
                                                      0.900     2.528 r  cmac_inst/inst/cmac_usplus_0_gt_i/inst/gen_gtwizard_gtye4_top.cmac_usplus_0_gt_gtwizard_gtye4_inst/gen_gtwizard_gtye4.gen_channel_container[1].gen_enabled_channel.gtye4_channel_wrapper_inst/channel_inst/gtye4_channel_gen.gen_gtye4_channel_inst[0].GTYE4_CHANNEL_PRIM_INST/RXCTRL0[1]
                         net (fo=1, routed)           0.754     3.282    cmac_inst/inst/i_cmac_usplus_0_rx_16bit_sync_alt_data0/D[2]
    SLICE_X0Y219         FDRE                                         r  cmac_inst/inst/i_cmac_usplus_0_rx_16bit_sync_alt_data0/data_in_d1_reg[2]/D
  -------------------------------------------------------------------    -------------------

                         (clock rxoutclk_out[0] rise edge)
                                                      3.103     3.103 r  
    GTYE4_CHANNEL_X0Y4   GTYE4_CHANNEL                0.000     3.103 r  cmac_inst/inst/cmac_usplus_0_gt_i/inst/gen_gtwizard_gtye4_top.cmac_usplus_0_gt_gtwizard_gtye4_inst/gen_gtwizard_gtye4.gen_channel_container[1].gen_enabled_channel.gtye4_channel_wrapper_inst/channel_inst/gtye4_channel_gen.gen_gtye4_channel_inst[0].GTYE4_CHANNEL_PRIM_INST/RXOUTCLK
                         net (fo=2, routed)           0.079     3.182    cmac_inst/inst/cmac_gtwiz_userclk_rx_inst/rxoutclk_out[0]
    BUFG_GT_X0Y97        BUFG_GT (Prop_BUFG_GT_I_O)
                                                      0.114     3.296 r  cmac_inst/inst/cmac_gtwiz_userclk_rx_inst/gen_gtwiz_userclk_rx_main.bufg_gt_usrclk_inst/O
    X0Y3 (CLOCK_ROOT)    net (fo=665, routed)         1.174     4.470    cmac_inst/inst/i_cmac_usplus_0_rx_16bit_sync_alt_data0/CLK
    SLICE_X0Y219         FDRE                                         r  cmac_inst/inst/i_cmac_usplus_0_rx_16bit_sync_alt_data0/data_in_d1_reg[2]/C
                         clock pessimism              0.078     4.548    
                         clock uncertainty           -0.046     4.502    
    SLICE_X0Y219         FDRE (Setup_EFF_SLICEL_C_D)
                                                      0.025     4.527    cmac_inst/inst/i_cmac_usplus_0_rx_16bit_sync_alt_data0/data_in_d1_reg[2]
  -------------------------------------------------------------------
                         required time                          4.527    
                         arrival time                          -3.282    
  -------------------------------------------------------------------
                         slack                                  1.244    





Min Delay Paths
--------------------------------------------------------------------------------------
Slack (MET) :             0.044ns  (arrival time - required time)
  Source:                 cmac_inst/inst/i_cmac_usplus_0_rx_64bit_sync_serdes_data0/data_in_d1_reg[38]/C
                            (rising edge-triggered cell FDRE clocked by rxoutclk_out[0]  {rise@0.000ns fall@1.552ns period=3.103ns})
  Destination:            cmac_inst/inst/i_cmac_usplus_0_rx_64bit_sync_serdes_data0/data_out_reg[38]/D
                            (rising edge-triggered cell FDRE clocked by rxoutclk_out[0]  {rise@0.000ns fall@1.552ns period=3.103ns})
  Path Group:             rxoutclk_out[0]
  Path Type:              Hold (Min at Fast Process Corner)
  Requirement:            0.000ns  (rxoutclk_out[0] rise@0.000ns - rxoutclk_out[0] rise@0.000ns)
  Data Path Delay:        0.142ns  (logic 0.040ns (28.169%)  route 0.102ns (71.831%))
  Logic Levels:           0  
  Clock Path Skew:        0.051ns (DCD - SCD - CPR)
    Destination Clock Delay (DCD):    0.999ns
    Source Clock Delay      (SCD):    0.875ns
    Clock Pessimism Removal (CPR):    0.073ns
  Clock Net Delay (Source):      0.749ns (routing 0.302ns, distribution 0.447ns)
  Clock Net Delay (Destination): 0.859ns (routing 0.338ns, distribution 0.521ns)

    Location             Delay type                Incr(ns)  Path(ns)    Netlist Resource(s)
  -------------------------------------------------------------------    -------------------
                         (clock rxoutclk_out[0] rise edge)
                                                      0.000     0.000 r  
    GTYE4_CHANNEL_X0Y4   GTYE4_CHANNEL                0.000     0.000 r  cmac_inst/inst/cmac_usplus_0_gt_i/inst/gen_gtwizard_gtye4_top.cmac_usplus_0_gt_gtwizard_gtye4_inst/gen_gtwizard_gtye4.gen_channel_container[1].gen_enabled_channel.gtye4_channel_wrapper_inst/channel_inst/gtye4_channel_gen.gen_gtye4_channel_inst[0].GTYE4_CHANNEL_PRIM_INST/RXOUTCLK
                         net (fo=2, routed)           0.053     0.053    cmac_inst/inst/cmac_gtwiz_userclk_rx_inst/rxoutclk_out[0]
    BUFG_GT_X0Y97        BUFG_GT (Prop_BUFG_GT_I_O)
                                                      0.073     0.126 r  cmac_inst/inst/cmac_gtwiz_userclk_rx_inst/gen_gtwiz_userclk_rx_main.bufg_gt_usrclk_inst/O
    X0Y3 (CLOCK_ROOT)    net (fo=665, routed)         0.749     0.875    cmac_inst/inst/i_cmac_usplus_0_rx_64bit_sync_serdes_data0/CLK
    SLICE_X2Y220         FDRE                                         r  cmac_inst/inst/i_cmac_usplus_0_rx_64bit_sync_serdes_data0/data_in_d1_reg[38]/C
  -------------------------------------------------------------------    -------------------
    SLICE_X2Y220         FDRE (Prop_EFF2_SLICEL_C_Q)
                                                      0.040     0.915 r  cmac_inst/inst/i_cmac_usplus_0_rx_64bit_sync_serdes_data0/data_in_d1_reg[38]/Q
                         net (fo=1, routed)           0.102     1.017    cmac_inst/inst/i_cmac_usplus_0_rx_64bit_sync_serdes_data0/data_in_d1_reg_n_0_[38]
    SLICE_X6Y220         FDRE                                         r  cmac_inst/inst/i_cmac_usplus_0_rx_64bit_sync_serdes_data0/data_out_reg[38]/D
  -------------------------------------------------------------------    -------------------

                         (clock rxoutclk_out[0] rise edge)
                                                      0.000     0.000 r  
    GTYE4_CHANNEL_X0Y4   GTYE4_CHANNEL                0.000     0.000 r  cmac_inst/inst/cmac_usplus_0_gt_i/inst/gen_gtwizard_gtye4_top.cmac_usplus_0_gt_gtwizard_gtye4_inst/gen_gtwizard_gtye4.gen_channel_container[1].gen_enabled_channel.gtye4_channel_wrapper_inst/channel_inst/gtye4_channel_gen.gen_gtye4_channel_inst[0].GTYE4_CHANNEL_PRIM_INST/RXOUTCLK
                         net (fo=2, routed)           0.058     0.058    cmac_inst/inst/cmac_gtwiz_userclk_rx_inst/rxoutclk_out[0]
    BUFG_GT_X0Y97        BUFG_GT (Prop_BUFG_GT_I_O)
                                                      0.082     0.140 r  cmac_inst/inst/cmac_gtwiz_userclk_rx_inst/gen_gtwiz_userclk_rx_main.bufg_gt_usrclk_inst/O
    X0Y3 (CLOCK_ROOT)    net (fo=665, routed)         0.859     0.999    cmac_inst/inst/i_cmac_usplus_0_rx_64bit_sync_serdes_data0/CLK
    SLICE_X6Y220         FDRE                                         r  cmac_inst/inst/i_cmac_usplus_0_rx_64bit_sync_serdes_data0/data_out_reg[38]/C
                         clock pessimism             -0.073     0.926    
    SLICE_X6Y220         FDRE (Hold_AFF2_SLICEM_C_D)
                                                      0.047     0.973    cmac_inst/inst/i_cmac_usplus_0_rx_64bit_sync_serdes_data0/data_out_reg[38]
  -------------------------------------------------------------------
                         required time                         -0.973    
                         arrival time                           1.017    
  -------------------------------------------------------------------
                         slack                                  0.044    





Pulse Width Checks
--------------------------------------------------------------------------------------
Clock Name:         rxoutclk_out[0]
Waveform(ns):       { 0.000 1.552 }
Period(ns):         3.103
Sources:            { cmac_inst/inst/cmac_usplus_0_gt_i/inst/gen_gtwizard_gtye4_top.cmac_usplus_0_gt_gtwizard_gtye4_inst/gen_gtwizard_gtye4.gen_channel_container[1].gen_enabled_channel.gtye4_channel_wrapper_inst/channel_inst/gtye4_channel_gen.gen_gtye4_channel_inst[0].GTYE4_CHANNEL_PRIM_INST/RXOUTCLK }

Check Type        Corner  Lib Pin                  Reference Pin            Required(ns)  Actual(ns)  Slack(ns)  Location            Pin
Min Period        n/a     CMACE4/RX_SERDES_CLK[3]  n/a                      2.560         3.103       0.543      CMACE4_X0Y0         cmac_inst/inst/i_cmac_usplus_0_top/obsibdaaf4ker2wujpra0sjb/RX_SERDES_CLK[3]
Low Pulse Width   Slow    GTYE4_CHANNEL/RXUSRCLK   n/a                      0.880         1.552       0.672      GTYE4_CHANNEL_X0Y4  cmac_inst/inst/cmac_usplus_0_gt_i/inst/gen_gtwizard_gtye4_top.cmac_usplus_0_gt_gtwizard_gtye4_inst/gen_gtwizard_gtye4.gen_channel_container[1].gen_enabled_channel.gtye4_channel_wrapper_inst/channel_inst/gtye4_channel_gen.gen_gtye4_channel_inst[0].GTYE4_CHANNEL_PRIM_INST/RXUSRCLK
High Pulse Width  Slow    GTYE4_CHANNEL/RXUSRCLK   n/a                      0.880         1.552       0.672      GTYE4_CHANNEL_X0Y4  cmac_inst/inst/cmac_usplus_0_gt_i/inst/gen_gtwizard_gtye4_top.cmac_usplus_0_gt_gtwizard_gtye4_inst/gen_gtwizard_gtye4.gen_channel_container[1].gen_enabled_channel.gtye4_channel_wrapper_inst/channel_inst/gtye4_channel_gen.gen_gtye4_channel_inst[0].GTYE4_CHANNEL_PRIM_INST/RXUSRCLK
Max Skew          Slow    GTYE4_CHANNEL/RXUSRCLK   GTYE4_CHANNEL/RXUSRCLK2  0.478         0.031       0.447      GTYE4_CHANNEL_X0Y6  cmac_inst/inst/cmac_usplus_0_gt_i/inst/gen_gtwizard_gtye4_top.cmac_usplus_0_gt_gtwizard_gtye4_inst/gen_gtwizard_gtye4.gen_channel_container[1].gen_enabled_channel.gtye4_channel_wrapper_inst/channel_inst/gtye4_channel_gen.gen_gtye4_channel_inst[2].GTYE4_CHANNEL_PRIM_INST/RXUSRCLK



---------------------------------------------------------------------------------------------------
From Clock:  txoutclk_out[0]
  To Clock:  txoutclk_out[0]

Setup :            0  Failing Endpoints,  Worst Slack        0.350ns,  Total Violation        0.000ns
Hold  :            0  Failing Endpoints,  Worst Slack        0.012ns,  Total Violation        0.000ns
PW    :            0  Failing Endpoints,  Worst Slack        0.543ns,  Total Violation        0.000ns
---------------------------------------------------------------------------------------------------


Max Delay Paths
--------------------------------------------------------------------------------------
Slack (MET) :             0.350ns  (required time - arrival time)
  Source:                 ernic_inst/inst/inst_flow_ctrl_mgr/cmac_xpm_fifo_axis_inst/xpm_fifo_base_inst/xpm_fifo_rst_inst/gen_rst_cc.fifo_wr_rst_cc_reg[2]/C
                            (rising edge-triggered cell FDSE clocked by txoutclk_out[0]  {rise@0.000ns fall@1.552ns period=3.103ns})
  Destination:            ernic_inst/inst/inst_flow_ctrl_mgr/cmac_xpm_fifo_axis_inst/xpm_fifo_base_inst/gen_sdpram.xpm_memory_base_inst/gen_wr_a.gen_word_narrow.mem_reg_4/RSTREGARSTREG
                            (rising edge-triggered cell RAMB36E2 clocked by txoutclk_out[0]  {rise@0.000ns fall@1.552ns period=3.103ns})
  Path Group:             txoutclk_out[0]
  Path Type:              Setup (Max at Slow Process Corner)
  Requirement:            3.103ns  (txoutclk_out[0] rise@3.103ns - txoutclk_out[0] rise@0.000ns)
  Data Path Delay:        2.426ns  (logic 0.079ns (3.256%)  route 2.347ns (96.744%))
  Logic Levels:           0  
  Clock Path Skew:        0.033ns (DCD - SCD + CPR)
    Destination Clock Delay (DCD):    2.328ns = ( 5.431 - 3.103 ) 
    Source Clock Delay      (SCD):    2.490ns
    Clock Pessimism Removal (CPR):    0.196ns
  Clock Uncertainty:      0.046ns  ((TSJ^2 + DJ^2)^1/2) / 2 + PE
    Total System Jitter     (TSJ):    0.071ns
    Discrete Jitter          (DJ):    0.060ns
    Phase Error              (PE):    0.000ns
  Clock Net Delay (Source):      2.275ns (routing 1.289ns, distribution 0.986ns)
  Clock Net Delay (Destination): 2.136ns (routing 1.171ns, distribution 0.965ns)

    Location             Delay type                Incr(ns)  Path(ns)    Netlist Resource(s)
  -------------------------------------------------------------------    -------------------
                         (clock txoutclk_out[0] rise edge)
                                                      0.000     0.000 r  
    GTYE4_CHANNEL_X0Y4   GTYE4_CHANNEL                0.000     0.000 r  cmac_inst/inst/cmac_usplus_0_gt_i/inst/gen_gtwizard_gtye4_top.cmac_usplus_0_gt_gtwizard_gtye4_inst/gen_gtwizard_gtye4.gen_channel_container[1].gen_enabled_channel.gtye4_channel_wrapper_inst/channel_inst/gtye4_channel_gen.gen_gtye4_channel_inst[0].GTYE4_CHANNEL_PRIM_INST/TXOUTCLK
                         net (fo=2, routed)           0.085     0.085    cmac_inst/inst/cmac_gtwiz_userclk_tx_inst/txoutclk_out[0]
    BUFG_GT_X0Y102       BUFG_GT (Prop_BUFG_GT_I_O)
                                                      0.130     0.215 r  cmac_inst/inst/cmac_gtwiz_userclk_tx_inst/gen_gtwiz_userclk_tx_main.bufg_gt_usrclk_inst/O
    X2Y2 (CLOCK_ROOT)    net (fo=10048, routed)       2.275     2.490    ernic_inst/inst/inst_flow_ctrl_mgr/cmac_xpm_fifo_axis_inst/xpm_fifo_base_inst/xpm_fifo_rst_inst/wr_clk
    SLICE_X38Y160        FDSE                                         r  ernic_inst/inst/inst_flow_ctrl_mgr/cmac_xpm_fifo_axis_inst/xpm_fifo_base_inst/xpm_fifo_rst_inst/gen_rst_cc.fifo_wr_rst_cc_reg[2]/C
  -------------------------------------------------------------------    -------------------
    SLICE_X38Y160        FDSE (Prop_AFF_SLICEL_C_Q)
                                                      0.079     2.569 r  ernic_inst/inst/inst_flow_ctrl_mgr/cmac_xpm_fifo_axis_inst/xpm_fifo_base_inst/xpm_fifo_rst_inst/gen_rst_cc.fifo_wr_rst_cc_reg[2]/Q
                         net (fo=74, routed)          2.347     4.916    ernic_inst/inst/inst_flow_ctrl_mgr/cmac_xpm_fifo_axis_inst/xpm_fifo_base_inst/gen_sdpram.xpm_memory_base_inst/rstb
    RAMB36_X3Y35         RAMB36E2                                     r  ernic_inst/inst/inst_flow_ctrl_mgr/cmac_xpm_fifo_axis_inst/xpm_fifo_base_inst/gen_sdpram.xpm_memory_base_inst/gen_wr_a.gen_word_narrow.mem_reg_4/RSTREGARSTREG
  -------------------------------------------------------------------    -------------------

                         (clock txoutclk_out[0] rise edge)
                                                      3.103     3.103 r  
    GTYE4_CHANNEL_X0Y4   GTYE4_CHANNEL                0.000     3.103 r  cmac_inst/inst/cmac_usplus_0_gt_i/inst/gen_gtwizard_gtye4_top.cmac_usplus_0_gt_gtwizard_gtye4_inst/gen_gtwizard_gtye4.gen_channel_container[1].gen_enabled_channel.gtye4_channel_wrapper_inst/channel_inst/gtye4_channel_gen.gen_gtye4_channel_inst[0].GTYE4_CHANNEL_PRIM_INST/TXOUTCLK
                         net (fo=2, routed)           0.078     3.181    cmac_inst/inst/cmac_gtwiz_userclk_tx_inst/txoutclk_out[0]
    BUFG_GT_X0Y102       BUFG_GT (Prop_BUFG_GT_I_O)
                                                      0.114     3.295 r  cmac_inst/inst/cmac_gtwiz_userclk_tx_inst/gen_gtwiz_userclk_tx_main.bufg_gt_usrclk_inst/O
    X2Y2 (CLOCK_ROOT)    net (fo=10048, routed)       2.136     5.431    ernic_inst/inst/inst_flow_ctrl_mgr/cmac_xpm_fifo_axis_inst/xpm_fifo_base_inst/gen_sdpram.xpm_memory_base_inst/clka
    RAMB36_X3Y35         RAMB36E2                                     r  ernic_inst/inst/inst_flow_ctrl_mgr/cmac_xpm_fifo_axis_inst/xpm_fifo_base_inst/gen_sdpram.xpm_memory_base_inst/gen_wr_a.gen_word_narrow.mem_reg_4/CLKARDCLK
                         clock pessimism              0.196     5.626    
                         clock uncertainty           -0.046     5.580    
    RAMB36_X3Y35         RAMB36E2 (Setup_RAMB36E2_RAMB36_CLKARDCLK_RSTREGARSTREG)
                                                     -0.313     5.267    ernic_inst/inst/inst_flow_ctrl_mgr/cmac_xpm_fifo_axis_inst/xpm_fifo_base_inst/gen_sdpram.xpm_memory_base_inst/gen_wr_a.gen_word_narrow.mem_reg_4
  -------------------------------------------------------------------
                         required time                          5.267    
                         arrival time                          -4.916    
  -------------------------------------------------------------------
                         slack                                  0.350    





Min Delay Paths
--------------------------------------------------------------------------------------
Slack (MET) :             0.012ns  (arrival time - required time)
  Source:                 tx_mux/m_axis_tdata_reg_reg[267]/C
                            (rising edge-triggered cell FDRE clocked by txoutclk_out[0]  {rise@0.000ns fall@1.552ns period=3.103ns})
  Destination:            tx_fifo/mem_reg_3/DINBDIN[19]
                            (rising edge-triggered cell RAMB36E2 clocked by txoutclk_out[0]  {rise@0.000ns fall@1.552ns period=3.103ns})
  Path Group:             txoutclk_out[0]
  Path Type:              Hold (Min at Slow Process Corner)
  Requirement:            0.000ns  (txoutclk_out[0] rise@0.000ns - txoutclk_out[0] rise@0.000ns)
  Data Path Delay:        0.338ns  (logic 0.058ns (17.160%)  route 0.280ns (82.840%))
  Logic Levels:           0  
  Clock Path Skew:        0.354ns (DCD - SCD - CPR)
    Destination Clock Delay (DCD):    2.785ns
    Source Clock Delay      (SCD):    2.290ns
    Clock Pessimism Removal (CPR):    0.141ns
  Clock Net Delay (Source):      2.098ns (routing 1.171ns, distribution 0.927ns)
  Clock Net Delay (Destination): 2.570ns (routing 1.289ns, distribution 1.281ns)

    Location             Delay type                Incr(ns)  Path(ns)    Netlist Resource(s)
  -------------------------------------------------------------------    -------------------
                         (clock txoutclk_out[0] rise edge)
                                                      0.000     0.000 r  
    GTYE4_CHANNEL_X0Y4   GTYE4_CHANNEL                0.000     0.000 r  cmac_inst/inst/cmac_usplus_0_gt_i/inst/gen_gtwizard_gtye4_top.cmac_usplus_0_gt_gtwizard_gtye4_inst/gen_gtwizard_gtye4.gen_channel_container[1].gen_enabled_channel.gtye4_channel_wrapper_inst/channel_inst/gtye4_channel_gen.gen_gtye4_channel_inst[0].GTYE4_CHANNEL_PRIM_INST/TXOUTCLK
                         net (fo=2, routed)           0.078     0.078    cmac_inst/inst/cmac_gtwiz_userclk_tx_inst/txoutclk_out[0]
    BUFG_GT_X0Y102       BUFG_GT (Prop_BUFG_GT_I_O)
                                                      0.114     0.192 r  cmac_inst/inst/cmac_gtwiz_userclk_tx_inst/gen_gtwiz_userclk_tx_main.bufg_gt_usrclk_inst/O
    X2Y2 (CLOCK_ROOT)    net (fo=10048, routed)       2.098     2.290    tx_mux/gt_txusrclk2
    SLICE_X34Y172        FDRE                                         r  tx_mux/m_axis_tdata_reg_reg[267]/C
  -------------------------------------------------------------------    -------------------
    SLICE_X34Y172        FDRE (Prop_AFF_SLICEM_C_Q)
                                                      0.058     2.348 r  tx_mux/m_axis_tdata_reg_reg[267]/Q
                         net (fo=1, routed)           0.280     2.628    tx_fifo/s_axis[267]
    RAMB36_X2Y37         RAMB36E2                                     r  tx_fifo/mem_reg_3/DINBDIN[19]
  -------------------------------------------------------------------    -------------------

                         (clock txoutclk_out[0] rise edge)
                                                      0.000     0.000 r  
    GTYE4_CHANNEL_X0Y4   GTYE4_CHANNEL                0.000     0.000 r  cmac_inst/inst/cmac_usplus_0_gt_i/inst/gen_gtwizard_gtye4_top.cmac_usplus_0_gt_gtwizard_gtye4_inst/gen_gtwizard_gtye4.gen_channel_container[1].gen_enabled_channel.gtye4_channel_wrapper_inst/channel_inst/gtye4_channel_gen.gen_gtye4_channel_inst[0].GTYE4_CHANNEL_PRIM_INST/TXOUTCLK
                         net (fo=2, routed)           0.085     0.085    cmac_inst/inst/cmac_gtwiz_userclk_tx_inst/txoutclk_out[0]
    BUFG_GT_X0Y102       BUFG_GT (Prop_BUFG_GT_I_O)
                                                      0.130     0.215 r  cmac_inst/inst/cmac_gtwiz_userclk_tx_inst/gen_gtwiz_userclk_tx_main.bufg_gt_usrclk_inst/O
    X2Y2 (CLOCK_ROOT)    net (fo=10048, routed)       2.570     2.785    tx_fifo/gt_txusrclk2
    RAMB36_X2Y37         RAMB36E2                                     r  tx_fifo/mem_reg_3/CLKBWRCLK
                         clock pessimism             -0.141     2.644    
    RAMB36_X2Y37         RAMB36E2 (Hold_RAMB36E2_RAMB36_CLKBWRCLK_DINBDIN[19])
                                                     -0.028     2.616    tx_fifo/mem_reg_3
  -------------------------------------------------------------------
                         required time                         -2.616    
                         arrival time                           2.628    
  -------------------------------------------------------------------
                         slack                                  0.012    





Pulse Width Checks
--------------------------------------------------------------------------------------
Clock Name:         txoutclk_out[0]
Waveform(ns):       { 0.000 1.552 }
Period(ns):         3.103
Sources:            { cmac_inst/inst/cmac_usplus_0_gt_i/inst/gen_gtwizard_gtye4_top.cmac_usplus_0_gt_gtwizard_gtye4_inst/gen_gtwizard_gtye4.gen_channel_container[1].gen_enabled_channel.gtye4_channel_wrapper_inst/channel_inst/gtye4_channel_gen.gen_gtye4_channel_inst[0].GTYE4_CHANNEL_PRIM_INST/TXOUTCLK }

Check Type        Corner  Lib Pin                 Reference Pin            Required(ns)  Actual(ns)  Slack(ns)  Location            Pin
Min Period        n/a     CMACE4/RX_CLK           n/a                      2.560         3.103       0.543      CMACE4_X0Y0         cmac_inst/inst/i_cmac_usplus_0_top/obsibdaaf4ker2wujpra0sjb/RX_CLK
Low Pulse Width   Slow    GTYE4_CHANNEL/TXUSRCLK  n/a                      0.880         1.552       0.672      GTYE4_CHANNEL_X0Y4  cmac_inst/inst/cmac_usplus_0_gt_i/inst/gen_gtwizard_gtye4_top.cmac_usplus_0_gt_gtwizard_gtye4_inst/gen_gtwizard_gtye4.gen_channel_container[1].gen_enabled_channel.gtye4_channel_wrapper_inst/channel_inst/gtye4_channel_gen.gen_gtye4_channel_inst[0].GTYE4_CHANNEL_PRIM_INST/TXUSRCLK
High Pulse Width  Slow    GTYE4_CHANNEL/TXUSRCLK  n/a                      0.880         1.552       0.672      GTYE4_CHANNEL_X0Y4  cmac_inst/inst/cmac_usplus_0_gt_i/inst/gen_gtwizard_gtye4_top.cmac_usplus_0_gt_gtwizard_gtye4_inst/gen_gtwizard_gtye4.gen_channel_container[1].gen_enabled_channel.gtye4_channel_wrapper_inst/channel_inst/gtye4_channel_gen.gen_gtye4_channel_inst[0].GTYE4_CHANNEL_PRIM_INST/TXUSRCLK
Max Skew          Slow    GTYE4_CHANNEL/TXUSRCLK  GTYE4_CHANNEL/TXUSRCLK2  0.624         0.030       0.594      GTYE4_CHANNEL_X0Y4  cmac_inst/inst/cmac_usplus_0_gt_i/inst/gen_gtwizard_gtye4_top.cmac_usplus_0_gt_gtwizard_gtye4_inst/gen_gtwizard_gtye4.gen_channel_container[1].gen_enabled_channel.gtye4_channel_wrapper_inst/channel_inst/gtye4_channel_gen.gen_gtye4_channel_inst[0].GTYE4_CHANNEL_PRIM_INST/TXUSRCLK



---------------------------------------------------------------------------------------------------
From Clock:  PL_CLK
  To Clock:  clk_out1_mts_mmcm_rf_0

Setup :            0  Failing Endpoints,  Worst Slack        1.275ns,  Total Violation        0.000ns
Hold  :            0  Failing Endpoints,  Worst Slack        0.165ns,  Total Violation        0.000ns
---------------------------------------------------------------------------------------------------


Max Delay Paths
--------------------------------------------------------------------------------------
Slack (MET) :             1.275ns  (required time - arrival time)
  Source:                 rf_bd/mts_i/mts_sync_0/inst/sysref_pl_reg/C
                            (rising edge-triggered cell FDRE clocked by PL_CLK  {rise@0.000ns fall@1.000ns period=2.000ns})
  Destination:            rf_bd/mts_i/mts_sync_0/inst/sysref_rf_r_reg/D
                            (rising edge-triggered cell FDRE clocked by clk_out1_mts_mmcm_rf_0  {rise@0.000ns fall@2.000ns period=4.000ns})
  Path Group:             clk_out1_mts_mmcm_rf_0
  Path Type:              Setup (Max at Slow Process Corner)
  Requirement:            2.000ns  (clk_out1_mts_mmcm_rf_0 rise@4.000ns - PL_CLK rise@2.000ns)
  Data Path Delay:        0.533ns  (logic 0.077ns (14.446%)  route 0.456ns (85.554%))
  Logic Levels:           0  
  Clock Path Skew:        -0.092ns (DCD - SCD + CPR)
    Destination Clock Delay (DCD):    2.705ns = ( 6.705 - 4.000 ) 
    Source Clock Delay      (SCD):    3.053ns = ( 5.053 - 2.000 ) 
    Clock Pessimism Removal (CPR):    0.256ns
  Clock Uncertainty:      0.125ns  ((TSJ^2 + DJ^2)^1/2) / 2 + PE
    Total System Jitter     (TSJ):    0.071ns
    Discrete Jitter          (DJ):    0.081ns
    Phase Error              (PE):    0.072ns
  Clock Net Delay (Source):      1.873ns (routing 0.855ns, distribution 1.018ns)
  Clock Net Delay (Destination): 2.158ns (routing 0.965ns, distribution 1.193ns)

    Location             Delay type                Incr(ns)  Path(ns)    Netlist Resource(s)
  -------------------------------------------------------------------    -------------------
                         (clock PL_CLK rise edge)     2.000     2.000 r  
    AN11                                              0.000     2.000 r  PL_CLK_clk_p[0] (IN)
                         net (fo=0)                   0.100     2.100    rf_bd/mts_i/ibufds_pl_clk/U0/USE_IBUFDS.GEN_IBUFDS[0].IBUFDS_I/I
    HPIOBDIFFINBUF_X0Y34 DIFFINBUF (Prop_DIFFINBUF_HPIOBDIFFINBUF_DIFF_IN_P_O)
                                                      0.666     2.766 r  rf_bd/mts_i/ibufds_pl_clk/U0/USE_IBUFDS.GEN_IBUFDS[0].IBUFDS_I/DIFFINBUF_INST/O
                         net (fo=1, routed)           0.050     2.816    rf_bd/mts_i/ibufds_pl_clk/U0/USE_IBUFDS.GEN_IBUFDS[0].IBUFDS_I/OUT
    AN11                 IBUFCTRL (Prop_IBUFCTRL_HPIOB_M_I_O)
                                                      0.000     2.816 r  rf_bd/mts_i/ibufds_pl_clk/U0/USE_IBUFDS.GEN_IBUFDS[0].IBUFDS_I/IBUFCTRL_INST/O
                         net (fo=1, routed)           0.336     3.152    rf_bd/mts_i/bufg_pl_clk/U0/BUFG_I[0]
    BUFGCE_X0Y41         BUFGCE (Prop_BUFCE_BUFGCE_I_O)
                                                      0.028     3.180 r  rf_bd/mts_i/bufg_pl_clk/U0/USE_BUFG.GEN_BUFG[0].BUFG_U/O
    X2Y2 (CLOCK_ROOT)    net (fo=132, routed)         1.873     5.053    rf_bd/mts_i/mts_sync_0/inst/pl_clk
    SLICE_X53Y218        FDRE                                         r  rf_bd/mts_i/mts_sync_0/inst/sysref_pl_reg/C
  -------------------------------------------------------------------    -------------------
    SLICE_X53Y218        FDRE (Prop_AFF_SLICEM_C_Q)
                                                      0.077     5.130 r  rf_bd/mts_i/mts_sync_0/inst/sysref_pl_reg/Q
                         net (fo=3, routed)           0.456     5.586    rf_bd/mts_i/mts_sync_0/inst/sysref_pl
    SLICE_X53Y200        FDRE                                         r  rf_bd/mts_i/mts_sync_0/inst/sysref_rf_r_reg/D
  -------------------------------------------------------------------    -------------------

                         (clock clk_out1_mts_mmcm_rf_0 rise edge)
                                                      4.000     4.000 r  
    AN11                                              0.000     4.000 r  PL_CLK_clk_p[0] (IN)
                         net (fo=0)                   0.079     4.079    rf_bd/mts_i/ibufds_pl_clk/U0/USE_IBUFDS.GEN_IBUFDS[0].IBUFDS_I/I
    HPIOBDIFFINBUF_X0Y34 DIFFINBUF (Prop_DIFFINBUF_HPIOBDIFFINBUF_DIFF_IN_P_O)
                                                      0.556     4.635 r  rf_bd/mts_i/ibufds_pl_clk/U0/USE_IBUFDS.GEN_IBUFDS[0].IBUFDS_I/DIFFINBUF_INST/O
                         net (fo=1, routed)           0.040     4.675    rf_bd/mts_i/ibufds_pl_clk/U0/USE_IBUFDS.GEN_IBUFDS[0].IBUFDS_I/OUT
    AN11                 IBUFCTRL (Prop_IBUFCTRL_HPIOB_M_I_O)
                                                      0.000     4.675 r  rf_bd/mts_i/ibufds_pl_clk/U0/USE_IBUFDS.GEN_IBUFDS[0].IBUFDS_I/IBUFCTRL_INST/O
                         net (fo=1, routed)           0.301     4.976    rf_bd/mts_i/bufg_pl_clk/U0/BUFG_I[0]
    BUFGCE_X0Y41         BUFGCE (Prop_BUFCE_BUFGCE_I_O)
                                                      0.024     5.000 r  rf_bd/mts_i/bufg_pl_clk/U0/USE_BUFG.GEN_BUFG[0].BUFG_U/O
                         net (fo=132, routed)         1.704     6.704    rf_bd/mts_i/mmcm_rf/inst/clk_in1
    MMCM_X0Y1            MMCME4_ADV (Prop_MMCM_CLKIN1_CLKOUT0)
                                                     -2.397     4.307 r  rf_bd/mts_i/mmcm_rf/inst/mmcme4_adv_inst/CLKOUT0
                         net (fo=1, routed)           0.216     4.523    rf_bd/mts_i/mmcm_rf/inst/clk_out1_mts_mmcm_rf_0
    BUFGCE_X0Y47         BUFGCE (Prop_BUFCE_BUFGCE_I_O)
                                                      0.024     4.547 r  rf_bd/mts_i/mmcm_rf/inst/clkout1_buf/O
    X2Y3 (CLOCK_ROOT)    net (fo=9800, routed)        2.158     6.705    rf_bd/mts_i/mts_sync_0/inst/clk_rf
    SLICE_X53Y200        FDRE                                         r  rf_bd/mts_i/mts_sync_0/inst/sysref_rf_r_reg/C
                         clock pessimism              0.256     6.961    
                         clock uncertainty           -0.125     6.836    
    SLICE_X53Y200        FDRE (Setup_AFF_SLICEM_C_D)
                                                      0.025     6.861    rf_bd/mts_i/mts_sync_0/inst/sysref_rf_r_reg
  -------------------------------------------------------------------
                         required time                          6.861    
                         arrival time                          -5.586    
  -------------------------------------------------------------------
                         slack                                  1.275    





Min Delay Paths
--------------------------------------------------------------------------------------
Slack (MET) :             0.165ns  (arrival time - required time)
  Source:                 rf_bd/mts_i/mts_sync_0/inst/sysref_pl_reg/C
                            (rising edge-triggered cell FDRE clocked by PL_CLK  {rise@0.000ns fall@1.000ns period=2.000ns})
  Destination:            rf_bd/mts_i/mts_sync_0/inst/sysref_rf_r_reg/D
                            (rising edge-triggered cell FDRE clocked by clk_out1_mts_mmcm_rf_0  {rise@0.000ns fall@2.000ns period=4.000ns})
  Path Group:             clk_out1_mts_mmcm_rf_0
  Path Type:              Hold (Min at Fast Process Corner)
  Requirement:            0.000ns  (clk_out1_mts_mmcm_rf_0 rise@0.000ns - PL_CLK rise@0.000ns)
  Data Path Delay:        0.252ns  (logic 0.038ns (15.098%)  route 0.214ns (84.902%))
  Logic Levels:           0  
  Clock Path Skew:        -0.085ns (DCD - SCD - CPR)
    Destination Clock Delay (DCD):    1.843ns
    Source Clock Delay      (SCD):    1.698ns
    Clock Pessimism Removal (CPR):    0.230ns
  Clock Uncertainty:      0.125ns  ((TSJ^2 + DJ^2)^1/2) / 2 + PE
    Total System Jitter     (TSJ):    0.071ns
    Discrete Jitter          (DJ):    0.081ns
    Phase Error              (PE):    0.072ns
  Clock Net Delay (Source):      1.036ns (routing 0.471ns, distribution 0.565ns)
  Clock Net Delay (Destination): 1.486ns (routing 0.649ns, distribution 0.837ns)

    Location             Delay type                Incr(ns)  Path(ns)    Netlist Resource(s)
  -------------------------------------------------------------------    -------------------
                         (clock PL_CLK rise edge)     0.000     0.000 r  
    AN11                                              0.000     0.000 r  PL_CLK_clk_p[0] (IN)
                         net (fo=0)                   0.079     0.079    rf_bd/mts_i/ibufds_pl_clk/U0/USE_IBUFDS.GEN_IBUFDS[0].IBUFDS_I/I
    HPIOBDIFFINBUF_X0Y34 DIFFINBUF (Prop_DIFFINBUF_HPIOBDIFFINBUF_DIFF_IN_P_O)
                                                      0.332     0.411 r  rf_bd/mts_i/ibufds_pl_clk/U0/USE_IBUFDS.GEN_IBUFDS[0].IBUFDS_I/DIFFINBUF_INST/O
                         net (fo=1, routed)           0.040     0.451    rf_bd/mts_i/ibufds_pl_clk/U0/USE_IBUFDS.GEN_IBUFDS[0].IBUFDS_I/OUT
    AN11                 IBUFCTRL (Prop_IBUFCTRL_HPIOB_M_I_O)
                                                      0.000     0.451 r  rf_bd/mts_i/ibufds_pl_clk/U0/USE_IBUFDS.GEN_IBUFDS[0].IBUFDS_I/IBUFCTRL_INST/O
                         net (fo=1, routed)           0.194     0.645    rf_bd/mts_i/bufg_pl_clk/U0/BUFG_I[0]
    BUFGCE_X0Y41         BUFGCE (Prop_BUFCE_BUFGCE_I_O)
                                                      0.017     0.662 r  rf_bd/mts_i/bufg_pl_clk/U0/USE_BUFG.GEN_BUFG[0].BUFG_U/O
    X2Y2 (CLOCK_ROOT)    net (fo=132, routed)         1.036     1.698    rf_bd/mts_i/mts_sync_0/inst/pl_clk
    SLICE_X53Y218        FDRE                                         r  rf_bd/mts_i/mts_sync_0/inst/sysref_pl_reg/C
  -------------------------------------------------------------------    -------------------
    SLICE_X53Y218        FDRE (Prop_AFF_SLICEM_C_Q)
                                                      0.038     1.736 r  rf_bd/mts_i/mts_sync_0/inst/sysref_pl_reg/Q
                         net (fo=3, routed)           0.214     1.949    rf_bd/mts_i/mts_sync_0/inst/sysref_pl
    SLICE_X53Y200        FDRE                                         r  rf_bd/mts_i/mts_sync_0/inst/sysref_rf_r_reg/D
  -------------------------------------------------------------------    -------------------

                         (clock clk_out1_mts_mmcm_rf_0 rise edge)
                                                      0.000     0.000 r  
    AN11                                              0.000     0.000 r  PL_CLK_clk_p[0] (IN)
                         net (fo=0)                   0.100     0.100    rf_bd/mts_i/ibufds_pl_clk/U0/USE_IBUFDS.GEN_IBUFDS[0].IBUFDS_I/I
    HPIOBDIFFINBUF_X0Y34 DIFFINBUF (Prop_DIFFINBUF_HPIOBDIFFINBUF_DIFF_IN_P_O)
                                                      0.437     0.537 r  rf_bd/mts_i/ibufds_pl_clk/U0/USE_IBUFDS.GEN_IBUFDS[0].IBUFDS_I/DIFFINBUF_INST/O
                         net (fo=1, routed)           0.050     0.587    rf_bd/mts_i/ibufds_pl_clk/U0/USE_IBUFDS.GEN_IBUFDS[0].IBUFDS_I/OUT
    AN11                 IBUFCTRL (Prop_IBUFCTRL_HPIOB_M_I_O)
                                                      0.000     0.587 r  rf_bd/mts_i/ibufds_pl_clk/U0/USE_IBUFDS.GEN_IBUFDS[0].IBUFDS_I/IBUFCTRL_INST/O
                         net (fo=1, routed)           0.235     0.822    rf_bd/mts_i/bufg_pl_clk/U0/BUFG_I[0]
    BUFGCE_X0Y41         BUFGCE (Prop_BUFCE_BUFGCE_I_O)
                                                      0.019     0.841 r  rf_bd/mts_i/bufg_pl_clk/U0/USE_BUFG.GEN_BUFG[0].BUFG_U/O
                         net (fo=132, routed)         1.169     2.010    rf_bd/mts_i/mmcm_rf/inst/clk_in1
    MMCM_X0Y1            MMCME4_ADV (Prop_MMCM_CLKIN1_CLKOUT0)
                                                     -1.838     0.172 r  rf_bd/mts_i/mmcm_rf/inst/mmcme4_adv_inst/CLKOUT0
                         net (fo=1, routed)           0.166     0.338    rf_bd/mts_i/mmcm_rf/inst/clk_out1_mts_mmcm_rf_0
    BUFGCE_X0Y47         BUFGCE (Prop_BUFCE_BUFGCE_I_O)
                                                      0.019     0.357 r  rf_bd/mts_i/mmcm_rf/inst/clkout1_buf/O
    X2Y3 (CLOCK_ROOT)    net (fo=9800, routed)        1.486     1.843    rf_bd/mts_i/mts_sync_0/inst/clk_rf
    SLICE_X53Y200        FDRE                                         r  rf_bd/mts_i/mts_sync_0/inst/sysref_rf_r_reg/C
                         clock pessimism             -0.230     1.613    
                         clock uncertainty            0.125     1.738    
    SLICE_X53Y200        FDRE (Hold_AFF_SLICEM_C_D)
                                                      0.046     1.784    rf_bd/mts_i/mts_sync_0/inst/sysref_rf_r_reg
  -------------------------------------------------------------------
                         required time                         -1.784    
                         arrival time                           1.949    
  -------------------------------------------------------------------
                         slack                                  0.165    





---------------------------------------------------------------------------------------------------
From Clock:  clk_out2_mts_mmcm_rf_0
  To Clock:  clk_out1_mts_mmcm_rf_0

Setup :            0  Failing Endpoints,  Worst Slack        6.758ns,  Total Violation        0.000ns
Hold  :           NA  Failing Endpoints,  Worst Slack           NA  ,  Total Violation           NA
---------------------------------------------------------------------------------------------------


Max Delay Paths
--------------------------------------------------------------------------------------
Slack (MET) :             6.758ns  (required time - arrival time)
  Source:                 rf_bd/mts_i/dac_cc/inst/gen_async_conv.axisc_async_clock_converter_0/xpm_fifo_async_inst/gnuram_async_fifo.xpm_fifo_base_inst/gen_sdpram.xpm_memory_base_inst/gen_wr_a.gen_word_narrow.mem_reg_0_31_42_55/RAMG/CLK
                            (rising edge-triggered cell RAMD32 clocked by clk_out2_mts_mmcm_rf_0  {rise@0.000ns fall@4.000ns period=8.000ns})
  Destination:            rf_bd/mts_i/dac_cc/inst/gen_async_conv.axisc_async_clock_converter_0/xpm_fifo_async_inst/gnuram_async_fifo.xpm_fifo_base_inst/gen_sdpram.xpm_memory_base_inst/gen_rd_b.gen_rd_b_synth_template.gen_rf_narrow_pipe.doutb_reg_reg[54]/D
                            (rising edge-triggered cell FDRE clocked by clk_out1_mts_mmcm_rf_0  {rise@0.000ns fall@2.000ns period=4.000ns})
  Path Group:             clk_out1_mts_mmcm_rf_0
  Path Type:              Setup (Max at Slow Process Corner)
  Requirement:            8.000ns  (MaxDelay Path 8.000ns)
  Data Path Delay:        1.267ns  (logic 0.281ns (22.178%)  route 0.986ns (77.822%))
  Logic Levels:           0  
  Timing Exception:       MaxDelay Path 8.000ns -datapath_only

    Location             Delay type                Incr(ns)  Path(ns)    Netlist Resource(s)
  -------------------------------------------------------------------    -------------------
    SLICE_X13Y303                                     0.000     0.000 r  rf_bd/mts_i/dac_cc/inst/gen_async_conv.axisc_async_clock_converter_0/xpm_fifo_async_inst/gnuram_async_fifo.xpm_fifo_base_inst/gen_sdpram.xpm_memory_base_inst/gen_wr_a.gen_word_narrow.mem_reg_0_31_42_55/RAMG/CLK
    SLICE_X13Y303        RAMD32 (Prop_G5LUT_SLICEM_CLK_O)
                                                      0.281     0.281 r  rf_bd/mts_i/dac_cc/inst/gen_async_conv.axisc_async_clock_converter_0/xpm_fifo_async_inst/gnuram_async_fifo.xpm_fifo_base_inst/gen_sdpram.xpm_memory_base_inst/gen_wr_a.gen_word_narrow.mem_reg_0_31_42_55/RAMG/O
                         net (fo=1, routed)           0.986     1.267    rf_bd/mts_i/dac_cc/inst/gen_async_conv.axisc_async_clock_converter_0/xpm_fifo_async_inst/gnuram_async_fifo.xpm_fifo_base_inst/gen_sdpram.xpm_memory_base_inst/gen_rd_b.gen_rd_b_synth_template.gen_rf_narrow_pipe.doutb_reg_reg0[54]
    SLICE_X11Y299        FDRE                                         r  rf_bd/mts_i/dac_cc/inst/gen_async_conv.axisc_async_clock_converter_0/xpm_fifo_async_inst/gnuram_async_fifo.xpm_fifo_base_inst/gen_sdpram.xpm_memory_base_inst/gen_rd_b.gen_rd_b_synth_template.gen_rf_narrow_pipe.doutb_reg_reg[54]/D
  -------------------------------------------------------------------    -------------------

                         max delay                    8.000     8.000    
    SLICE_X11Y299        FDRE (Setup_GFF2_SLICEM_C_D)
                                                      0.025     8.025    rf_bd/mts_i/dac_cc/inst/gen_async_conv.axisc_async_clock_converter_0/xpm_fifo_async_inst/gnuram_async_fifo.xpm_fifo_base_inst/gen_sdpram.xpm_memory_base_inst/gen_rd_b.gen_rd_b_synth_template.gen_rf_narrow_pipe.doutb_reg_reg[54]
  -------------------------------------------------------------------
                         required time                          8.025    
                         arrival time                          -1.267    
  -------------------------------------------------------------------
                         slack                                  6.758    





---------------------------------------------------------------------------------------------------
From Clock:  clk_out1_mts_mmcm_rf_0
  To Clock:  clk_out2_mts_mmcm_rf_0

Setup :            0  Failing Endpoints,  Worst Slack        2.476ns,  Total Violation        0.000ns
Hold  :           NA  Failing Endpoints,  Worst Slack           NA  ,  Total Violation           NA
---------------------------------------------------------------------------------------------------


Max Delay Paths
--------------------------------------------------------------------------------------
Slack (MET) :             2.476ns  (required time - arrival time)
  Source:                 rf_bd/mts_i/cap3_cc/inst/gen_async_conv.axisc_async_clock_converter_0/xpm_fifo_async_inst/gnuram_async_fifo.xpm_fifo_base_inst/gen_sdpram.xpm_memory_base_inst/gen_wr_a.gen_word_narrow.mem_reg_0_31_140_153/RAMD/CLK
                            (rising edge-triggered cell RAMD32 clocked by clk_out1_mts_mmcm_rf_0  {rise@0.000ns fall@2.000ns period=4.000ns})
  Destination:            rf_bd/mts_i/cap3_cc/inst/gen_async_conv.axisc_async_clock_converter_0/xpm_fifo_async_inst/gnuram_async_fifo.xpm_fifo_base_inst/gen_sdpram.xpm_memory_base_inst/gen_rd_b.gen_rd_b_synth_template.gen_rf_narrow_pipe.doutb_reg_reg[146]/D
                            (rising edge-triggered cell FDRE clocked by clk_out2_mts_mmcm_rf_0  {rise@0.000ns fall@4.000ns period=8.000ns})
  Path Group:             clk_out2_mts_mmcm_rf_0
  Path Type:              Setup (Max at Slow Process Corner)
  Requirement:            4.000ns  (MaxDelay Path 4.000ns)
  Data Path Delay:        1.549ns  (logic 0.287ns (18.528%)  route 1.262ns (81.472%))
  Logic Levels:           0  
  Timing Exception:       MaxDelay Path 4.000ns -datapath_only

    Location             Delay type                Incr(ns)  Path(ns)    Netlist Resource(s)
  -------------------------------------------------------------------    -------------------
    SLICE_X35Y184                                     0.000     0.000 r  rf_bd/mts_i/cap3_cc/inst/gen_async_conv.axisc_async_clock_converter_0/xpm_fifo_async_inst/gnuram_async_fifo.xpm_fifo_base_inst/gen_sdpram.xpm_memory_base_inst/gen_wr_a.gen_word_narrow.mem_reg_0_31_140_153/RAMD/CLK
    SLICE_X35Y184        RAMD32 (Prop_D5LUT_SLICEM_CLK_O)
                                                      0.287     0.287 r  rf_bd/mts_i/cap3_cc/inst/gen_async_conv.axisc_async_clock_converter_0/xpm_fifo_async_inst/gnuram_async_fifo.xpm_fifo_base_inst/gen_sdpram.xpm_memory_base_inst/gen_wr_a.gen_word_narrow.mem_reg_0_31_140_153/RAMD/O
                         net (fo=1, routed)           1.262     1.549    rf_bd/mts_i/cap3_cc/inst/gen_async_conv.axisc_async_clock_converter_0/xpm_fifo_async_inst/gnuram_async_fifo.xpm_fifo_base_inst/gen_sdpram.xpm_memory_base_inst/gen_rd_b.gen_rd_b_synth_template.gen_rf_narrow_pipe.doutb_reg_reg0[146]
    SLICE_X31Y185        FDRE                                         r  rf_bd/mts_i/cap3_cc/inst/gen_async_conv.axisc_async_clock_converter_0/xpm_fifo_async_inst/gnuram_async_fifo.xpm_fifo_base_inst/gen_sdpram.xpm_memory_base_inst/gen_rd_b.gen_rd_b_synth_template.gen_rf_narrow_pipe.doutb_reg_reg[146]/D
  -------------------------------------------------------------------    -------------------

                         max delay                    4.000     4.000    
    SLICE_X31Y185        FDRE (Setup_GFF_SLICEM_C_D)
                                                      0.025     4.025    rf_bd/mts_i/cap3_cc/inst/gen_async_conv.axisc_async_clock_converter_0/xpm_fifo_async_inst/gnuram_async_fifo.xpm_fifo_base_inst/gen_sdpram.xpm_memory_base_inst/gen_rd_b.gen_rd_b_synth_template.gen_rf_narrow_pipe.doutb_reg_reg[146]
  -------------------------------------------------------------------
                         required time                          4.025    
                         arrival time                          -1.549    
  -------------------------------------------------------------------
                         slack                                  2.476    





---------------------------------------------------------------------------------------------------
From Clock:  clk_pl_0
  To Clock:  clk_out2_mts_mmcm_rf_0

Setup :            0  Failing Endpoints,  Worst Slack        9.177ns,  Total Violation        0.000ns
Hold  :           NA  Failing Endpoints,  Worst Slack           NA  ,  Total Violation           NA
---------------------------------------------------------------------------------------------------


Max Delay Paths
--------------------------------------------------------------------------------------
Slack (MET) :             9.177ns  (required time - arrival time)
  Source:                 rf_bd/mts_i/ctrl_interconnect/m02_couplers/auto_cc/inst/gen_clock_conv.gen_async_conv.asyncfifo_axi/inst_fifo_gen/gaxi_full_lite.gread_ch.grdch2.axi_rdch/grf.rf/gntv_or_sync_fifo.gcx.clkx/rd_pntr_cdc_inst/src_gray_ff_reg[2]/C
                            (rising edge-triggered cell FDRE clocked by clk_pl_0  {rise@0.000ns fall@5.000ns period=10.000ns})
  Destination:            rf_bd/mts_i/ctrl_interconnect/m02_couplers/auto_cc/inst/gen_clock_conv.gen_async_conv.asyncfifo_axi/inst_fifo_gen/gaxi_full_lite.gread_ch.grdch2.axi_rdch/grf.rf/gntv_or_sync_fifo.gcx.clkx/rd_pntr_cdc_inst/dest_graysync_ff_reg[0][2]/D
                            (rising edge-triggered cell FDRE clocked by clk_out2_mts_mmcm_rf_0  {rise@0.000ns fall@4.000ns period=8.000ns})
  Path Group:             clk_out2_mts_mmcm_rf_0
  Path Type:              Setup (Max at Slow Process Corner)
  Requirement:            10.000ns  (MaxDelay Path 10.000ns)
  Data Path Delay:        0.848ns  (logic 0.079ns (9.316%)  route 0.769ns (90.684%))
  Logic Levels:           0  
  Timing Exception:       MaxDelay Path 10.000ns -datapath_only

    Location             Delay type                Incr(ns)  Path(ns)    Netlist Resource(s)
  -------------------------------------------------------------------    -------------------
    SLICE_X12Y299                                     0.000     0.000 r  rf_bd/mts_i/ctrl_interconnect/m02_couplers/auto_cc/inst/gen_clock_conv.gen_async_conv.asyncfifo_axi/inst_fifo_gen/gaxi_full_lite.gread_ch.grdch2.axi_rdch/grf.rf/gntv_or_sync_fifo.gcx.clkx/rd_pntr_cdc_inst/src_gray_ff_reg[2]/C
    SLICE_X12Y299        FDRE (Prop_GFF_SLICEL_C_Q)
                                                      0.079     0.079 r  rf_bd/mts_i/ctrl_interconnect/m02_couplers/auto_cc/inst/gen_clock_conv.gen_async_conv.asyncfifo_axi/inst_fifo_gen/gaxi_full_lite.gread_ch.grdch2.axi_rdch/grf.rf/gntv_or_sync_fifo.gcx.clkx/rd_pntr_cdc_inst/src_gray_ff_reg[2]/Q
                         net (fo=1, routed)           0.769     0.848    rf_bd/mts_i/ctrl_interconnect/m02_couplers/auto_cc/inst/gen_clock_conv.gen_async_conv.asyncfifo_axi/inst_fifo_gen/gaxi_full_lite.gread_ch.grdch2.axi_rdch/grf.rf/gntv_or_sync_fifo.gcx.clkx/rd_pntr_cdc_inst/async_path[2]
    SLICE_X12Y298        FDRE                                         r  rf_bd/mts_i/ctrl_interconnect/m02_couplers/auto_cc/inst/gen_clock_conv.gen_async_conv.asyncfifo_axi/inst_fifo_gen/gaxi_full_lite.gread_ch.grdch2.axi_rdch/grf.rf/gntv_or_sync_fifo.gcx.clkx/rd_pntr_cdc_inst/dest_graysync_ff_reg[0][2]/D
  -------------------------------------------------------------------    -------------------

                         max delay                   10.000    10.000    
    SLICE_X12Y298        FDRE (Setup_HFF2_SLICEL_C_D)
                                                      0.025    10.025    rf_bd/mts_i/ctrl_interconnect/m02_couplers/auto_cc/inst/gen_clock_conv.gen_async_conv.asyncfifo_axi/inst_fifo_gen/gaxi_full_lite.gread_ch.grdch2.axi_rdch/grf.rf/gntv_or_sync_fifo.gcx.clkx/rd_pntr_cdc_inst/dest_graysync_ff_reg[0][2]
  -------------------------------------------------------------------
                         required time                         10.025    
                         arrival time                          -0.848    
  -------------------------------------------------------------------
                         slack                                  9.177    





---------------------------------------------------------------------------------------------------
From Clock:  mmcm_clkout5
  To Clock:  mmcm_clkout0

Setup :            0  Failing Endpoints,  Worst Slack        1.803ns,  Total Violation        0.000ns
Hold  :           NA  Failing Endpoints,  Worst Slack           NA  ,  Total Violation           NA
---------------------------------------------------------------------------------------------------


Max Delay Paths
--------------------------------------------------------------------------------------
Slack (MET) :             1.803ns  (required time - arrival time)
  Source:                 ddr_inst/inst/u_ddr4_mem_intfc/u_ddr_cal_top/u_ddr_cal/u_xsdb_arbiter/slave_addr_r_reg[15]/C
                            (rising edge-triggered cell FDRE clocked by mmcm_clkout5  {rise@0.000ns fall@6.664ns period=13.328ns})
  Destination:            ddr_inst/inst/u_ddr4_mem_intfc/u_ddr_cal_top/u_ddr_cal/u_xsdb_arbiter/u_slave_addr_sync/SYNC[15].sync_reg_reg[0]/D
                            (rising edge-triggered cell FDRE clocked by mmcm_clkout0  {rise@0.000ns fall@1.666ns period=3.332ns})
  Path Group:             mmcm_clkout0
  Path Type:              Setup (Max at Slow Process Corner)
  Requirement:            3.000ns  (MaxDelay Path 3.000ns)
  Data Path Delay:        1.222ns  (logic 0.081ns (6.628%)  route 1.141ns (93.372%))
  Logic Levels:           0  
  Timing Exception:       MaxDelay Path 3.000ns -datapath_only

    Location             Delay type                Incr(ns)  Path(ns)    Netlist Resource(s)
  -------------------------------------------------------------------    -------------------
    SLICE_X81Y186                                     0.000     0.000 r  ddr_inst/inst/u_ddr4_mem_intfc/u_ddr_cal_top/u_ddr_cal/u_xsdb_arbiter/slave_addr_r_reg[15]/C
    SLICE_X81Y186        FDRE (Prop_GFF2_SLICEL_C_Q)
                                                      0.081     0.081 r  ddr_inst/inst/u_ddr4_mem_intfc/u_ddr_cal_top/u_ddr_cal/u_xsdb_arbiter/slave_addr_r_reg[15]/Q
                         net (fo=1, routed)           1.141     1.222    ddr_inst/inst/u_ddr4_mem_intfc/u_ddr_cal_top/u_ddr_cal/u_xsdb_arbiter/u_slave_addr_sync/out[15]
    SLICE_X85Y181        FDRE                                         r  ddr_inst/inst/u_ddr4_mem_intfc/u_ddr_cal_top/u_ddr_cal/u_xsdb_arbiter/u_slave_addr_sync/SYNC[15].sync_reg_reg[0]/D
  -------------------------------------------------------------------    -------------------

                         max delay                    3.000     3.000    
    SLICE_X85Y181        FDRE (Setup_CFF2_SLICEL_C_D)
                                                      0.025     3.025    ddr_inst/inst/u_ddr4_mem_intfc/u_ddr_cal_top/u_ddr_cal/u_xsdb_arbiter/u_slave_addr_sync/SYNC[15].sync_reg_reg[0]
  -------------------------------------------------------------------
                         required time                          3.025    
                         arrival time                          -1.222    
  -------------------------------------------------------------------
                         slack                                  1.803    





---------------------------------------------------------------------------------------------------
From Clock:  mmcm_clkout6
  To Clock:  mmcm_clkout0

Setup :            0  Failing Endpoints,  Worst Slack        1.584ns,  Total Violation        0.000ns
Hold  :           NA  Failing Endpoints,  Worst Slack           NA  ,  Total Violation           NA
---------------------------------------------------------------------------------------------------


Max Delay Paths
--------------------------------------------------------------------------------------
Slack (MET) :             1.584ns  (required time - arrival time)
  Source:                 ddr_inst/inst/u_ddr4_mem_intfc/u_ddr_cal_riu/io_address_riuclk_reg[23]/C
                            (rising edge-triggered cell FDRE clocked by mmcm_clkout6  {rise@0.000ns fall@3.332ns period=6.664ns})
  Destination:            ddr_inst/inst/u_ddr4_mem_intfc/u_io_addr_sync/SYNC[23].sync_reg_reg[0]/D
                            (rising edge-triggered cell FDRE clocked by mmcm_clkout0  {rise@0.000ns fall@1.666ns period=3.332ns})
  Path Group:             mmcm_clkout0
  Path Type:              Setup (Max at Slow Process Corner)
  Requirement:            3.000ns  (MaxDelay Path 3.000ns)
  Data Path Delay:        1.441ns  (logic 0.079ns (5.483%)  route 1.362ns (94.517%))
  Logic Levels:           0  
  Timing Exception:       MaxDelay Path 3.000ns -datapath_only

    Location             Delay type                Incr(ns)  Path(ns)    Netlist Resource(s)
  -------------------------------------------------------------------    -------------------
    SLICE_X85Y202                                     0.000     0.000 r  ddr_inst/inst/u_ddr4_mem_intfc/u_ddr_cal_riu/io_address_riuclk_reg[23]/C
    SLICE_X85Y202        FDRE (Prop_EFF_SLICEL_C_Q)
                                                      0.079     0.079 r  ddr_inst/inst/u_ddr4_mem_intfc/u_ddr_cal_riu/io_address_riuclk_reg[23]/Q
                         net (fo=46, routed)          1.362     1.441    ddr_inst/inst/u_ddr4_mem_intfc/u_io_addr_sync/SYNC[31].sync_reg_reg[0]_0[23]
    SLICE_X86Y232        FDRE                                         r  ddr_inst/inst/u_ddr4_mem_intfc/u_io_addr_sync/SYNC[23].sync_reg_reg[0]/D
  -------------------------------------------------------------------    -------------------

                         max delay                    3.000     3.000    
    SLICE_X86Y232        FDRE (Setup_DFF2_SLICEM_C_D)
                                                      0.025     3.025    ddr_inst/inst/u_ddr4_mem_intfc/u_io_addr_sync/SYNC[23].sync_reg_reg[0]
  -------------------------------------------------------------------
                         required time                          3.025    
                         arrival time                          -1.441    
  -------------------------------------------------------------------
                         slack                                  1.584    





---------------------------------------------------------------------------------------------------
From Clock:  clk_200_mmcm
  To Clock:  mmcm_clkout0

Setup :            0  Failing Endpoints,  Worst Slack        3.905ns,  Total Violation        0.000ns
Hold  :           NA  Failing Endpoints,  Worst Slack           NA  ,  Total Violation           NA
---------------------------------------------------------------------------------------------------


Max Delay Paths
--------------------------------------------------------------------------------------
Slack (MET) :             3.905ns  (required time - arrival time)
  Source:                 ddr_ic/inst/axi_interconnect_inst/si_converter_bank/gen_conv_slot[3].clock_conv_inst/gen_async_readwrite.asyncfifo_rw/inst_fifo_gen/gaxi_full_lite.gwrite_ch.gwrch2.axi_wrch/grf.rf/gntv_or_sync_fifo.gcx.clkx/rd_pntr_cdc_inst/src_gray_ff_reg[1]/C
                            (rising edge-triggered cell FDRE clocked by clk_200_mmcm  {rise@0.000ns fall@2.500ns period=5.000ns})
  Destination:            ddr_ic/inst/axi_interconnect_inst/si_converter_bank/gen_conv_slot[3].clock_conv_inst/gen_async_readwrite.asyncfifo_rw/inst_fifo_gen/gaxi_full_lite.gwrite_ch.gwrch2.axi_wrch/grf.rf/gntv_or_sync_fifo.gcx.clkx/rd_pntr_cdc_inst/dest_graysync_ff_reg[0][1]/D
                            (rising edge-triggered cell FDRE clocked by mmcm_clkout0  {rise@0.000ns fall@1.666ns period=3.332ns})
  Path Group:             mmcm_clkout0
  Path Type:              Setup (Max at Slow Process Corner)
  Requirement:            5.000ns  (MaxDelay Path 5.000ns)
  Data Path Delay:        1.120ns  (logic 0.081ns (7.232%)  route 1.039ns (92.768%))
  Logic Levels:           0  
  Timing Exception:       MaxDelay Path 5.000ns -datapath_only

    Location             Delay type                Incr(ns)  Path(ns)    Netlist Resource(s)
  -------------------------------------------------------------------    -------------------
    SLICE_X80Y326                                     0.000     0.000 r  ddr_ic/inst/axi_interconnect_inst/si_converter_bank/gen_conv_slot[3].clock_conv_inst/gen_async_readwrite.asyncfifo_rw/inst_fifo_gen/gaxi_full_lite.gwrite_ch.gwrch2.axi_wrch/grf.rf/gntv_or_sync_fifo.gcx.clkx/rd_pntr_cdc_inst/src_gray_ff_reg[1]/C
    SLICE_X80Y326        FDRE (Prop_DFF2_SLICEL_C_Q)
                                                      0.081     0.081 r  ddr_ic/inst/axi_interconnect_inst/si_converter_bank/gen_conv_slot[3].clock_conv_inst/gen_async_readwrite.asyncfifo_rw/inst_fifo_gen/gaxi_full_lite.gwrite_ch.gwrch2.axi_wrch/grf.rf/gntv_or_sync_fifo.gcx.clkx/rd_pntr_cdc_inst/src_gray_ff_reg[1]/Q
                         net (fo=1, routed)           1.039     1.120    ddr_ic/inst/axi_interconnect_inst/si_converter_bank/gen_conv_slot[3].clock_conv_inst/gen_async_readwrite.asyncfifo_rw/inst_fifo_gen/gaxi_full_lite.gwrite_ch.gwrch2.axi_wrch/grf.rf/gntv_or_sync_fifo.gcx.clkx/rd_pntr_cdc_inst/async_path[1]
    SLICE_X80Y327        FDRE                                         r  ddr_ic/inst/axi_interconnect_inst/si_converter_bank/gen_conv_slot[3].clock_conv_inst/gen_async_readwrite.asyncfifo_rw/inst_fifo_gen/gaxi_full_lite.gwrite_ch.gwrch2.axi_wrch/grf.rf/gntv_or_sync_fifo.gcx.clkx/rd_pntr_cdc_inst/dest_graysync_ff_reg[0][1]/D
  -------------------------------------------------------------------    -------------------

                         max delay                    5.000     5.000    
    SLICE_X80Y327        FDRE (Setup_HFF2_SLICEL_C_D)
                                                      0.025     5.025    ddr_ic/inst/axi_interconnect_inst/si_converter_bank/gen_conv_slot[3].clock_conv_inst/gen_async_readwrite.asyncfifo_rw/inst_fifo_gen/gaxi_full_lite.gwrite_ch.gwrch2.axi_wrch/grf.rf/gntv_or_sync_fifo.gcx.clkx/rd_pntr_cdc_inst/dest_graysync_ff_reg[0][1]
  -------------------------------------------------------------------
                         required time                          5.025    
                         arrival time                          -1.120    
  -------------------------------------------------------------------
                         slack                                  3.905    





---------------------------------------------------------------------------------------------------
From Clock:  mmcm_clkout0
  To Clock:  pll_clk[0]_DIV

Setup :            0  Failing Endpoints,  Worst Slack        0.752ns,  Total Violation        0.000ns
Hold  :            0  Failing Endpoints,  Worst Slack        0.588ns,  Total Violation        0.000ns
---------------------------------------------------------------------------------------------------


Max Delay Paths
--------------------------------------------------------------------------------------
Slack (MET) :             0.752ns  (required time - arrival time)
  Source:                 ddr_inst/inst/u_ddr4_mem_intfc/u_ddr_cal_top/u_ddr_mc_pi/u_ddr_mc_write/genByte[5].u_ddr_mc_wr_byte/genBit[5].u_ddr_mc_wr_bit/dReg_reg[7]/C
                            (rising edge-triggered cell FDRE clocked by mmcm_clkout0  {rise@0.000ns fall@1.666ns period=3.332ns})
  Destination:            ddr_inst/inst/u_ddr4_mem_intfc/u_mig_ddr4_phy/inst/generate_block1.u_ddr_xiphy/byte_num[1].xiphy_byte_wrapper.u_xiphy_byte_wrapper/I_BITSLICE_UPPER[2].GEN_RXTX_BITSLICE_EN.u_xiphy_bitslice_upper/xiphy_rxtx_bitslice/D[7]
                            (rising edge-triggered cell RXTX_BITSLICE clocked by pll_clk[0]_DIV  {rise@0.000ns fall@1.666ns period=3.332ns})
  Path Group:             pll_clk[0]_DIV
  Path Type:              Setup (Max at Slow Process Corner)
  Requirement:            3.332ns  (pll_clk[0]_DIV rise@3.332ns - mmcm_clkout0 rise@0.000ns)
  Data Path Delay:        1.880ns  (logic 0.079ns (4.202%)  route 1.801ns (95.798%))
  Logic Levels:           0  
  Clock Path Skew:        -0.520ns (DCD - SCD + CPR)
    Destination Clock Delay (DCD):    3.027ns = ( 6.359 - 3.332 ) 
    Source Clock Delay      (SCD):    3.063ns
    Clock Pessimism Removal (CPR):    -0.483ns
  Clock Uncertainty:      0.157ns  ((TSJ^2 + DJ^2)^1/2) / 2 + PE
    Total System Jitter     (TSJ):    0.071ns
    Discrete Jitter          (DJ):    0.064ns
    Phase Error              (PE):    0.109ns
  Clock Net Delay (Source):      1.834ns (routing 0.635ns, distribution 1.199ns)

    Location             Delay type                Incr(ns)  Path(ns)    Netlist Resource(s)
  -------------------------------------------------------------------    -------------------
                         (clock mmcm_clkout0 rise edge)
                                                      0.000     0.000 r  
    G13                                               0.000     0.000 r  c0_sys_clk_p (IN)
                         net (fo=0)                   0.100     0.100    ddr_inst/inst/u_ddr4_mem_intfc/u_mig_ddr4_phy/inst/u_ddr4_phy_pll/diff_input_clk.u_ibufg_sys_clk/I
    HPIOBDIFFINBUF_X0Y108
                         DIFFINBUF (Prop_DIFFINBUF_HPIOBDIFFINBUF_DIFF_IN_P_O)
                                                      0.549     0.649 r  ddr_inst/inst/u_ddr4_mem_intfc/u_mig_ddr4_phy/inst/u_ddr4_phy_pll/diff_input_clk.u_ibufg_sys_clk/DIFFINBUF_INST/O
                         net (fo=1, routed)           0.050     0.699    ddr_inst/inst/u_ddr4_mem_intfc/u_mig_ddr4_phy/inst/u_ddr4_phy_pll/diff_input_clk.u_ibufg_sys_clk/OUT
    G13                  IBUFCTRL (Prop_IBUFCTRL_HPIOB_M_I_O)
                                                      0.000     0.699 r  ddr_inst/inst/u_ddr4_mem_intfc/u_mig_ddr4_phy/inst/u_ddr4_phy_pll/diff_input_clk.u_ibufg_sys_clk/IBUFCTRL_INST/O
                         net (fo=2, routed)           0.384     1.083    ddr_inst/inst/u_ddr4_infrastructure/mmcm_clk_in
    MMCM_X0Y4            MMCME4_ADV (Prop_MMCM_CLKIN1_CLKOUT0)
                                                     -0.127     0.956 r  ddr_inst/inst/u_ddr4_infrastructure/gen_mmcme4.u_mmcme_adv_inst/CLKOUT0
                         net (fo=1, routed)           0.245     1.201    ddr_inst/inst/u_ddr4_infrastructure/mmcm_clkout0
    BUFGCE_X0Y118        BUFGCE (Prop_BUFCE_BUFGCE_I_O)
                                                      0.028     1.229 r  ddr_inst/inst/u_ddr4_infrastructure/u_bufg_divClk/O
    X4Y5 (CLOCK_ROOT)    net (fo=50918, routed)       1.834     3.063    ddr_inst/inst/u_ddr4_mem_intfc/u_ddr_cal_top/u_ddr_mc_pi/u_ddr_mc_write/genByte[5].u_ddr_mc_wr_byte/genBit[5].u_ddr_mc_wr_bit/dReg_reg[10]_0
    SLICE_X81Y325        FDRE                                         r  ddr_inst/inst/u_ddr4_mem_intfc/u_ddr_cal_top/u_ddr_mc_pi/u_ddr_mc_write/genByte[5].u_ddr_mc_wr_byte/genBit[5].u_ddr_mc_wr_bit/dReg_reg[7]/C
  -------------------------------------------------------------------    -------------------
    SLICE_X81Y325        FDRE (Prop_AFF_SLICEL_C_Q)
                                                      0.079     3.142 r  ddr_inst/inst/u_ddr4_mem_intfc/u_ddr_cal_top/u_ddr_mc_pi/u_ddr_mc_write/genByte[5].u_ddr_mc_wr_byte/genBit[5].u_ddr_mc_wr_bit/dReg_reg[7]/Q
                         net (fo=1, routed)           1.801     4.943    ddr_inst/inst/u_ddr4_mem_intfc/u_mig_ddr4_phy/inst/generate_block1.u_ddr_xiphy/byte_num[1].xiphy_byte_wrapper.u_xiphy_byte_wrapper/I_BITSLICE_UPPER[2].GEN_RXTX_BITSLICE_EN.u_xiphy_bitslice_upper/ch0_mcal_DQOut[7]
    BITSLICE_RX_TX_X0Y177
                         RXTX_BITSLICE                                r  ddr_inst/inst/u_ddr4_mem_intfc/u_mig_ddr4_phy/inst/generate_block1.u_ddr_xiphy/byte_num[1].xiphy_byte_wrapper.u_xiphy_byte_wrapper/I_BITSLICE_UPPER[2].GEN_RXTX_BITSLICE_EN.u_xiphy_bitslice_upper/xiphy_rxtx_bitslice/D[7]
  -------------------------------------------------------------------    -------------------

                         (clock pll_clk[0]_DIV rise edge)
                                                      3.332     3.332 r  
    G13                                               0.000     3.332 r  c0_sys_clk_p (IN)
                         net (fo=0)                   0.079     3.411    ddr_inst/inst/u_ddr4_mem_intfc/u_mig_ddr4_phy/inst/u_ddr4_phy_pll/diff_input_clk.u_ibufg_sys_clk/I
    HPIOBDIFFINBUF_X0Y108
                         DIFFINBUF (Prop_DIFFINBUF_HPIOBDIFFINBUF_DIFF_IN_P_O)
                                                      0.453     3.864 r  ddr_inst/inst/u_ddr4_mem_intfc/u_mig_ddr4_phy/inst/u_ddr4_phy_pll/diff_input_clk.u_ibufg_sys_clk/DIFFINBUF_INST/O
                         net (fo=1, routed)           0.040     3.904    ddr_inst/inst/u_ddr4_mem_intfc/u_mig_ddr4_phy/inst/u_ddr4_phy_pll/diff_input_clk.u_ibufg_sys_clk/OUT
    G13                  IBUFCTRL (Prop_IBUFCTRL_HPIOB_M_I_O)
                                                      0.000     3.904 r  ddr_inst/inst/u_ddr4_mem_intfc/u_mig_ddr4_phy/inst/u_ddr4_phy_pll/diff_input_clk.u_ibufg_sys_clk/IBUFCTRL_INST/O
                         net (fo=2, routed)           0.333     4.237    ddr_inst/inst/u_ddr4_infrastructure/mmcm_clk_in
    MMCM_X0Y4            MMCME4_ADV (Prop_MMCM_CLKIN1_CLKOUT0)
                                                      0.630     4.867 r  ddr_inst/inst/u_ddr4_infrastructure/gen_mmcme4.u_mmcme_adv_inst/CLKOUT0
                         net (fo=1, routed)           0.215     5.082    ddr_inst/inst/u_ddr4_infrastructure/mmcm_clkout0
    BUFGCE_X0Y118        BUFGCE (Prop_BUFCE_BUFGCE_I_O)
                                                      0.024     5.106 r  ddr_inst/inst/u_ddr4_infrastructure/u_bufg_divClk/O
                         net (fo=50918, routed)       1.557     6.663    ddr_inst/inst/u_ddr4_mem_intfc/u_mig_ddr4_phy/inst/u_ddr4_phy_pll/div_clk
    PLL_X0Y7             PLLE4_ADV (Prop_PLL_CLKIN_CLKOUTPHY)
                                                     -0.713     5.950 r  ddr_inst/inst/u_ddr4_mem_intfc/u_mig_ddr4_phy/inst/u_ddr4_phy_pll/plle_loop[0].gen_plle4.PLLE4_BASE_INST_OTHER/CLKOUTPHY
                         net (fo=8, routed)           0.091     6.041    ddr_inst/inst/u_ddr4_mem_intfc/u_mig_ddr4_phy/inst/generate_block1.u_ddr_xiphy/byte_num[1].xiphy_byte_wrapper.u_xiphy_byte_wrapper/I_CONTROL[1].GEN_I_CONTROL.u_xiphy_control/pll_clk[0]
    BITSLICE_CONTROL_X0Y27
                         BITSLICE_CONTROL (Prop_CONTROL_BITSLICE_CONTROL_PLL_CLK_TX_DIV2_CLK_Q)
                                                      0.106     6.147 r  ddr_inst/inst/u_ddr4_mem_intfc/u_mig_ddr4_phy/inst/generate_block1.u_ddr_xiphy/byte_num[1].xiphy_byte_wrapper.u_xiphy_byte_wrapper/I_CONTROL[1].GEN_I_CONTROL.u_xiphy_control/xiphy_control/TX_DIV2_CLK_Q
    BITSLICE_CONTROL_X0Y27
                         BITSLICE_CONTROL (Prop_CONTROL_BITSLICE_CONTROL_TX_DIV2_CLK_Q_TX_DIV4_CLK_Q)
                                                      0.075     6.222 r  ddr_inst/inst/u_ddr4_mem_intfc/u_mig_ddr4_phy/inst/generate_block1.u_ddr_xiphy/byte_num[1].xiphy_byte_wrapper.u_xiphy_byte_wrapper/I_CONTROL[1].GEN_I_CONTROL.u_xiphy_control/xiphy_control/TX_DIV4_CLK_Q
    BITSLICE_CONTROL_X0Y27
                         BITSLICE_CONTROL (Prop_CONTROL_BITSLICE_CONTROL_TX_DIV4_CLK_Q_TX_BIT_CTRL_OUT2[26])
                                                      0.124     6.346 r  ddr_inst/inst/u_ddr4_mem_intfc/u_mig_ddr4_phy/inst/generate_block1.u_ddr_xiphy/byte_num[1].xiphy_byte_wrapper.u_xiphy_byte_wrapper/I_CONTROL[1].GEN_I_CONTROL.u_xiphy_control/xiphy_control/TX_BIT_CTRL_OUT2[26]
                         net (fo=1, routed)           0.013     6.359    ddr_inst/inst/u_ddr4_mem_intfc/u_mig_ddr4_phy/inst/generate_block1.u_ddr_xiphy/byte_num[1].xiphy_byte_wrapper.u_xiphy_byte_wrapper/I_BITSLICE_UPPER[2].GEN_RXTX_BITSLICE_EN.u_xiphy_bitslice_upper/TX_BIT_CTRL_OUT2[26]
    BITSLICE_RX_TX_X0Y177
                         RXTX_BITSLICE                                r  ddr_inst/inst/u_ddr4_mem_intfc/u_mig_ddr4_phy/inst/generate_block1.u_ddr_xiphy/byte_num[1].xiphy_byte_wrapper.u_xiphy_byte_wrapper/I_BITSLICE_UPPER[2].GEN_RXTX_BITSLICE_EN.u_xiphy_bitslice_upper/xiphy_rxtx_bitslice/TX_BIT_CTRL_IN[26]
                         clock pessimism             -0.483     5.875    
                         clock uncertainty           -0.157     5.718    
    BITSLICE_RX_TX_X0Y177
                         RXTX_BITSLICE (Setup_RXTX_BITSLICE_BITSLICE_RX_TX_TX_BIT_CTRL_IN[26]_D[7])
                                                     -0.023     5.695    ddr_inst/inst/u_ddr4_mem_intfc/u_mig_ddr4_phy/inst/generate_block1.u_ddr_xiphy/byte_num[1].xiphy_byte_wrapper.u_xiphy_byte_wrapper/I_BITSLICE_UPPER[2].GEN_RXTX_BITSLICE_EN.u_xiphy_bitslice_upper/xiphy_rxtx_bitslice
  -------------------------------------------------------------------
                         required time                          5.695    
                         arrival time                          -4.943    
  -------------------------------------------------------------------
                         slack                                  0.752    





Min Delay Paths
--------------------------------------------------------------------------------------
Slack (MET) :             0.588ns  (arrival time - required time)
  Source:                 ddr_inst/inst/u_ddr4_mem_intfc/u_ddr_cal_top/u_ddr_mc_pi/rdEn[7].u_ddr_mc_rd_en_low/rdEn_reg[3]/C
                            (rising edge-triggered cell FDRE clocked by mmcm_clkout0  {rise@0.000ns fall@1.666ns period=3.332ns})
  Destination:            ddr_inst/inst/u_ddr4_mem_intfc/u_mig_ddr4_phy/inst/generate_block1.u_ddr_xiphy/byte_num[0].xiphy_byte_wrapper.u_xiphy_byte_wrapper/I_CONTROL[0].GEN_I_CONTROL.u_xiphy_control/xiphy_control/PHY_RDEN[3]
                            (rising edge-triggered cell BITSLICE_CONTROL clocked by pll_clk[0]_DIV  {rise@0.000ns fall@1.666ns period=3.332ns})
  Path Group:             pll_clk[0]_DIV
  Path Type:              Hold (Min at Slow Process Corner)
  Requirement:            0.000ns  (pll_clk[0]_DIV rise@0.000ns - mmcm_clkout0 rise@0.000ns)
  Data Path Delay:        0.255ns  (logic 0.058ns (22.745%)  route 0.197ns (77.255%))
  Logic Levels:           0  
  Clock Path Skew:        -0.758ns (DCD - SCD - CPR)
    Destination Clock Delay (DCD):    2.276ns
    Source Clock Delay      (SCD):    3.455ns
    Clock Pessimism Removal (CPR):    -0.421ns
  Clock Uncertainty:      0.157ns  ((TSJ^2 + DJ^2)^1/2) / 2 + PE
    Total System Jitter     (TSJ):    0.071ns
    Discrete Jitter          (DJ):    0.064ns
    Phase Error              (PE):    0.109ns
  Clock Net Delay (Source):      1.682ns (routing 0.578ns, distribution 1.104ns)
  Clock Net Delay (Destination): 1.737ns (routing 0.635ns, distribution 1.102ns)

    Location             Delay type                Incr(ns)  Path(ns)    Netlist Resource(s)
  -------------------------------------------------------------------    -------------------
                         (clock mmcm_clkout0 rise edge)
                                                      0.000     0.000 r  
    G13                                               0.000     0.000 r  c0_sys_clk_p (IN)
                         net (fo=0)                   0.079     0.079    ddr_inst/inst/u_ddr4_mem_intfc/u_mig_ddr4_phy/inst/u_ddr4_phy_pll/diff_input_clk.u_ibufg_sys_clk/I
    HPIOBDIFFINBUF_X0Y108
                         DIFFINBUF (Prop_DIFFINBUF_HPIOBDIFFINBUF_DIFF_IN_P_O)
                                                      0.453     0.532 r  ddr_inst/inst/u_ddr4_mem_intfc/u_mig_ddr4_phy/inst/u_ddr4_phy_pll/diff_input_clk.u_ibufg_sys_clk/DIFFINBUF_INST/O
                         net (fo=1, routed)           0.040     0.572    ddr_inst/inst/u_ddr4_mem_intfc/u_mig_ddr4_phy/inst/u_ddr4_phy_pll/diff_input_clk.u_ibufg_sys_clk/OUT
    G13                  IBUFCTRL (Prop_IBUFCTRL_HPIOB_M_I_O)
                                                      0.000     0.572 r  ddr_inst/inst/u_ddr4_mem_intfc/u_mig_ddr4_phy/inst/u_ddr4_phy_pll/diff_input_clk.u_ibufg_sys_clk/IBUFCTRL_INST/O
                         net (fo=2, routed)           0.333     0.905    ddr_inst/inst/u_ddr4_infrastructure/mmcm_clk_in
    MMCM_X0Y4            MMCME4_ADV (Prop_MMCM_CLKIN1_CLKOUT0)
                                                      0.630     1.535 r  ddr_inst/inst/u_ddr4_infrastructure/gen_mmcme4.u_mmcme_adv_inst/CLKOUT0
                         net (fo=1, routed)           0.215     1.750    ddr_inst/inst/u_ddr4_infrastructure/mmcm_clkout0
    BUFGCE_X0Y118        BUFGCE (Prop_BUFCE_BUFGCE_I_O)
                                                      0.024     1.774 r  ddr_inst/inst/u_ddr4_infrastructure/u_bufg_divClk/O
    X4Y5 (CLOCK_ROOT)    net (fo=50918, routed)       1.682     3.455    ddr_inst/inst/u_ddr4_mem_intfc/u_ddr_cal_top/u_ddr_mc_pi/rdEn[7].u_ddr_mc_rd_en_low/rsMask_reg[7][9]_0
    SLICE_X81Y185        FDRE                                         r  ddr_inst/inst/u_ddr4_mem_intfc/u_ddr_cal_top/u_ddr_mc_pi/rdEn[7].u_ddr_mc_rd_en_low/rdEn_reg[3]/C
  -------------------------------------------------------------------    -------------------
    SLICE_X81Y185        FDRE (Prop_CFF_SLICEL_C_Q)
                                                      0.058     3.513 r  ddr_inst/inst/u_ddr4_mem_intfc/u_ddr_cal_top/u_ddr_mc_pi/rdEn[7].u_ddr_mc_rd_en_low/rdEn_reg[3]/Q
                         net (fo=1, routed)           0.197     3.710    ddr_inst/inst/u_ddr4_mem_intfc/u_mig_ddr4_phy/inst/generate_block1.u_ddr_xiphy/byte_num[0].xiphy_byte_wrapper.u_xiphy_byte_wrapper/I_CONTROL[0].GEN_I_CONTROL.u_xiphy_control/ch0_mcal_clb2phy_rden_low[3]
    BITSLICE_CONTROL_X0Y24
                         BITSLICE_CONTROL                             r  ddr_inst/inst/u_ddr4_mem_intfc/u_mig_ddr4_phy/inst/generate_block1.u_ddr_xiphy/byte_num[0].xiphy_byte_wrapper.u_xiphy_byte_wrapper/I_CONTROL[0].GEN_I_CONTROL.u_xiphy_control/xiphy_control/PHY_RDEN[3]
  -------------------------------------------------------------------    -------------------

                         (clock pll_clk[0]_DIV rise edge)
                                                      0.000     0.000 r  
    G13                                               0.000     0.000 r  c0_sys_clk_p (IN)
                         net (fo=0)                   0.100     0.100    ddr_inst/inst/u_ddr4_mem_intfc/u_mig_ddr4_phy/inst/u_ddr4_phy_pll/diff_input_clk.u_ibufg_sys_clk/I
    HPIOBDIFFINBUF_X0Y108
                         DIFFINBUF (Prop_DIFFINBUF_HPIOBDIFFINBUF_DIFF_IN_P_O)
                                                      0.549     0.649 r  ddr_inst/inst/u_ddr4_mem_intfc/u_mig_ddr4_phy/inst/u_ddr4_phy_pll/diff_input_clk.u_ibufg_sys_clk/DIFFINBUF_INST/O
                         net (fo=1, routed)           0.050     0.699    ddr_inst/inst/u_ddr4_mem_intfc/u_mig_ddr4_phy/inst/u_ddr4_phy_pll/diff_input_clk.u_ibufg_sys_clk/OUT
    G13                  IBUFCTRL (Prop_IBUFCTRL_HPIOB_M_I_O)
                                                      0.000     0.699 r  ddr_inst/inst/u_ddr4_mem_intfc/u_mig_ddr4_phy/inst/u_ddr4_phy_pll/diff_input_clk.u_ibufg_sys_clk/IBUFCTRL_INST/O
                         net (fo=2, routed)           0.384     1.083    ddr_inst/inst/u_ddr4_infrastructure/mmcm_clk_in
    MMCM_X0Y4            MMCME4_ADV (Prop_MMCM_CLKIN1_CLKOUT0)
                                                     -0.127     0.956 r  ddr_inst/inst/u_ddr4_infrastructure/gen_mmcme4.u_mmcme_adv_inst/CLKOUT0
                         net (fo=1, routed)           0.245     1.201    ddr_inst/inst/u_ddr4_infrastructure/mmcm_clkout0
    BUFGCE_X0Y118        BUFGCE (Prop_BUFCE_BUFGCE_I_O)
                                                      0.028     1.229 r  ddr_inst/inst/u_ddr4_infrastructure/u_bufg_divClk/O
    X4Y5 (CLOCK_ROOT)    net (fo=50918, routed)       1.737     2.966    ddr_inst/inst/u_ddr4_mem_intfc/u_mig_ddr4_phy/inst/u_ddr4_phy_pll/div_clk
    PLL_X0Y7             PLLE4_ADV (Prop_PLL_CLKIN_CLKOUTPHY)
                                                     -1.141     1.825 r  ddr_inst/inst/u_ddr4_mem_intfc/u_mig_ddr4_phy/inst/u_ddr4_phy_pll/plle_loop[0].gen_plle4.PLLE4_BASE_INST_OTHER/CLKOUTPHY
                         net (fo=8, routed)           0.139     1.964    ddr_inst/inst/u_ddr4_mem_intfc/u_mig_ddr4_phy/inst/generate_block1.u_ddr_xiphy/byte_num[0].xiphy_byte_wrapper.u_xiphy_byte_wrapper/I_CONTROL[0].GEN_I_CONTROL.u_xiphy_control/pll_clk[0]
    BITSLICE_CONTROL_X0Y24
                         BITSLICE_CONTROL (Prop_CONTROL_BITSLICE_CONTROL_PLL_CLK_RX_DIV2_CLK_Q)
                                                      0.193     2.157 r  ddr_inst/inst/u_ddr4_mem_intfc/u_mig_ddr4_phy/inst/generate_block1.u_ddr_xiphy/byte_num[0].xiphy_byte_wrapper.u_xiphy_byte_wrapper/I_CONTROL[0].GEN_I_CONTROL.u_xiphy_control/xiphy_control/RX_DIV2_CLK_Q
    BITSLICE_CONTROL_X0Y24
                         BITSLICE_CONTROL (Prop_CONTROL_BITSLICE_CONTROL_RX_DIV2_CLK_Q_RX_DIV4_CLK_Q)
                                                      0.119     2.276 r  ddr_inst/inst/u_ddr4_mem_intfc/u_mig_ddr4_phy/inst/generate_block1.u_ddr_xiphy/byte_num[0].xiphy_byte_wrapper.u_xiphy_byte_wrapper/I_CONTROL[0].GEN_I_CONTROL.u_xiphy_control/xiphy_control/RX_DIV4_CLK_Q
                         clock pessimism              0.421     2.697    
                         clock uncertainty            0.157     2.854    
    BITSLICE_CONTROL_X0Y24
                         BITSLICE_CONTROL (Hold_CONTROL_BITSLICE_CONTROL_RX_DIV4_CLK_Q_PHY_RDEN[3])
                                                      0.268     3.122    ddr_inst/inst/u_ddr4_mem_intfc/u_mig_ddr4_phy/inst/generate_block1.u_ddr_xiphy/byte_num[0].xiphy_byte_wrapper.u_xiphy_byte_wrapper/I_CONTROL[0].GEN_I_CONTROL.u_xiphy_control/xiphy_control
  -------------------------------------------------------------------
                         required time                         -3.122    
                         arrival time                           3.710    
  -------------------------------------------------------------------
                         slack                                  0.588    





---------------------------------------------------------------------------------------------------
From Clock:  mmcm_clkout0
  To Clock:  pll_clk[1]_DIV

Setup :            0  Failing Endpoints,  Worst Slack        0.821ns,  Total Violation        0.000ns
Hold  :            0  Failing Endpoints,  Worst Slack        0.673ns,  Total Violation        0.000ns
---------------------------------------------------------------------------------------------------


Max Delay Paths
--------------------------------------------------------------------------------------
Slack (MET) :             0.821ns  (required time - arrival time)
  Source:                 ddr_inst/inst/u_ddr4_mem_intfc/u_ddr_cal_top/mcal_CS_n_dly_reg[0][4]/C
                            (rising edge-triggered cell FDRE clocked by mmcm_clkout0  {rise@0.000ns fall@1.666ns period=3.332ns})
  Destination:            ddr_inst/inst/u_ddr4_mem_intfc/u_mig_ddr4_phy/inst/generate_block1.u_ddr_xiphy/byte_num[6].xiphy_byte_wrapper.u_xiphy_byte_wrapper/I_BITSLICE_UPPER[3].GEN_RXTX_BITSLICE_EN.u_xiphy_bitslice_upper/xiphy_rxtx_bitslice/D[4]
                            (rising edge-triggered cell RXTX_BITSLICE clocked by pll_clk[1]_DIV  {rise@0.000ns fall@1.666ns period=3.332ns})
  Path Group:             pll_clk[1]_DIV
  Path Type:              Setup (Max at Slow Process Corner)
  Requirement:            3.332ns  (pll_clk[1]_DIV rise@3.332ns - mmcm_clkout0 rise@0.000ns)
  Data Path Delay:        1.785ns  (logic 0.078ns (4.370%)  route 1.707ns (95.630%))
  Logic Levels:           0  
  Clock Path Skew:        -0.541ns (DCD - SCD + CPR)
    Destination Clock Delay (DCD):    3.011ns = ( 6.343 - 3.332 ) 
    Source Clock Delay      (SCD):    3.127ns
    Clock Pessimism Removal (CPR):    -0.425ns
  Clock Uncertainty:      0.157ns  ((TSJ^2 + DJ^2)^1/2) / 2 + PE
    Total System Jitter     (TSJ):    0.071ns
    Discrete Jitter          (DJ):    0.064ns
    Phase Error              (PE):    0.109ns
  Clock Net Delay (Source):      1.898ns (routing 0.635ns, distribution 1.263ns)

    Location             Delay type                Incr(ns)  Path(ns)    Netlist Resource(s)
  -------------------------------------------------------------------    -------------------
                         (clock mmcm_clkout0 rise edge)
                                                      0.000     0.000 r  
    G13                                               0.000     0.000 r  c0_sys_clk_p (IN)
                         net (fo=0)                   0.100     0.100    ddr_inst/inst/u_ddr4_mem_intfc/u_mig_ddr4_phy/inst/u_ddr4_phy_pll/diff_input_clk.u_ibufg_sys_clk/I
    HPIOBDIFFINBUF_X0Y108
                         DIFFINBUF (Prop_DIFFINBUF_HPIOBDIFFINBUF_DIFF_IN_P_O)
                                                      0.549     0.649 r  ddr_inst/inst/u_ddr4_mem_intfc/u_mig_ddr4_phy/inst/u_ddr4_phy_pll/diff_input_clk.u_ibufg_sys_clk/DIFFINBUF_INST/O
                         net (fo=1, routed)           0.050     0.699    ddr_inst/inst/u_ddr4_mem_intfc/u_mig_ddr4_phy/inst/u_ddr4_phy_pll/diff_input_clk.u_ibufg_sys_clk/OUT
    G13                  IBUFCTRL (Prop_IBUFCTRL_HPIOB_M_I_O)
                                                      0.000     0.699 r  ddr_inst/inst/u_ddr4_mem_intfc/u_mig_ddr4_phy/inst/u_ddr4_phy_pll/diff_input_clk.u_ibufg_sys_clk/IBUFCTRL_INST/O
                         net (fo=2, routed)           0.384     1.083    ddr_inst/inst/u_ddr4_infrastructure/mmcm_clk_in
    MMCM_X0Y4            MMCME4_ADV (Prop_MMCM_CLKIN1_CLKOUT0)
                                                     -0.127     0.956 r  ddr_inst/inst/u_ddr4_infrastructure/gen_mmcme4.u_mmcme_adv_inst/CLKOUT0
                         net (fo=1, routed)           0.245     1.201    ddr_inst/inst/u_ddr4_infrastructure/mmcm_clkout0
    BUFGCE_X0Y118        BUFGCE (Prop_BUFCE_BUFGCE_I_O)
                                                      0.028     1.229 r  ddr_inst/inst/u_ddr4_infrastructure/u_bufg_divClk/O
    X4Y5 (CLOCK_ROOT)    net (fo=50918, routed)       1.898     3.127    ddr_inst/inst/u_ddr4_mem_intfc/u_ddr_cal_top/dReg_reg[10]
    SLICE_X83Y243        FDRE                                         r  ddr_inst/inst/u_ddr4_mem_intfc/u_ddr_cal_top/mcal_CS_n_dly_reg[0][4]/C
  -------------------------------------------------------------------    -------------------
    SLICE_X83Y243        FDRE (Prop_BFF_SLICEM_C_Q)
                                                      0.078     3.205 r  ddr_inst/inst/u_ddr4_mem_intfc/u_ddr_cal_top/mcal_CS_n_dly_reg[0][4]/Q
                         net (fo=1, routed)           1.707     4.912    ddr_inst/inst/u_ddr4_mem_intfc/u_mig_ddr4_phy/inst/generate_block1.u_ddr_xiphy/byte_num[6].xiphy_byte_wrapper.u_xiphy_byte_wrapper/I_BITSLICE_UPPER[3].GEN_RXTX_BITSLICE_EN.u_xiphy_bitslice_upper/mcal_CS_n[4]
    BITSLICE_RX_TX_X0Y243
                         RXTX_BITSLICE                                r  ddr_inst/inst/u_ddr4_mem_intfc/u_mig_ddr4_phy/inst/generate_block1.u_ddr_xiphy/byte_num[6].xiphy_byte_wrapper.u_xiphy_byte_wrapper/I_BITSLICE_UPPER[3].GEN_RXTX_BITSLICE_EN.u_xiphy_bitslice_upper/xiphy_rxtx_bitslice/D[4]
  -------------------------------------------------------------------    -------------------

                         (clock pll_clk[1]_DIV rise edge)
                                                      3.332     3.332 f  
    G13                                               0.000     3.332 f  c0_sys_clk_p (IN)
                         net (fo=0)                   0.079     3.411    ddr_inst/inst/u_ddr4_mem_intfc/u_mig_ddr4_phy/inst/u_ddr4_phy_pll/diff_input_clk.u_ibufg_sys_clk/I
    HPIOBDIFFINBUF_X0Y108
                         DIFFINBUF (Prop_DIFFINBUF_HPIOBDIFFINBUF_DIFF_IN_P_O)
                                                      0.453     3.864 f  ddr_inst/inst/u_ddr4_mem_intfc/u_mig_ddr4_phy/inst/u_ddr4_phy_pll/diff_input_clk.u_ibufg_sys_clk/DIFFINBUF_INST/O
                         net (fo=1, routed)           0.040     3.904    ddr_inst/inst/u_ddr4_mem_intfc/u_mig_ddr4_phy/inst/u_ddr4_phy_pll/diff_input_clk.u_ibufg_sys_clk/OUT
    G13                  IBUFCTRL (Prop_IBUFCTRL_HPIOB_M_I_O)
                                                      0.000     3.904 f  ddr_inst/inst/u_ddr4_mem_intfc/u_mig_ddr4_phy/inst/u_ddr4_phy_pll/diff_input_clk.u_ibufg_sys_clk/IBUFCTRL_INST/O
                         net (fo=2, routed)           0.333     4.237    ddr_inst/inst/u_ddr4_infrastructure/mmcm_clk_in
    MMCM_X0Y4            MMCME4_ADV (Prop_MMCM_CLKIN1_CLKOUT0)
                                                      0.630     4.867 f  ddr_inst/inst/u_ddr4_infrastructure/gen_mmcme4.u_mmcme_adv_inst/CLKOUT0
                         net (fo=1, routed)           0.215     5.082    ddr_inst/inst/u_ddr4_infrastructure/mmcm_clkout0
    BUFGCE_X0Y118        BUFGCE (Prop_BUFCE_BUFGCE_I_O)
                                                      0.024     5.106 f  ddr_inst/inst/u_ddr4_infrastructure/u_bufg_divClk/O
                         net (fo=50918, routed)       1.539     6.645    ddr_inst/inst/u_ddr4_mem_intfc/u_mig_ddr4_phy/inst/u_ddr4_phy_pll/div_clk
    PLL_X0Y9             PLLE4_ADV (Prop_PLL_CLKIN_CLKOUTPHY)
                                                     -0.713     5.932 f  ddr_inst/inst/u_ddr4_mem_intfc/u_mig_ddr4_phy/inst/u_ddr4_phy_pll/plle_loop[1].gen_plle4.PLLE4_BASE_INST_OTHER/CLKOUTPHY
                         net (fo=8, routed)           0.096     6.028    ddr_inst/inst/u_ddr4_mem_intfc/u_mig_ddr4_phy/inst/generate_block1.u_ddr_xiphy/byte_num[6].xiphy_byte_wrapper.u_xiphy_byte_wrapper/I_CONTROL[1].GEN_I_CONTROL.u_xiphy_control/pll_clk[0]
    BITSLICE_CONTROL_X0Y37
                         BITSLICE_CONTROL (Prop_CONTROL_BITSLICE_CONTROL_PLL_CLK_TX_DIV2_CLK_Q)
                                                      0.106     6.134 r  ddr_inst/inst/u_ddr4_mem_intfc/u_mig_ddr4_phy/inst/generate_block1.u_ddr_xiphy/byte_num[6].xiphy_byte_wrapper.u_xiphy_byte_wrapper/I_CONTROL[1].GEN_I_CONTROL.u_xiphy_control/xiphy_control/TX_DIV2_CLK_Q
    BITSLICE_CONTROL_X0Y37
                         BITSLICE_CONTROL (Prop_CONTROL_BITSLICE_CONTROL_TX_DIV2_CLK_Q_TX_DIV4_CLK_Q)
                                                      0.075     6.209 r  ddr_inst/inst/u_ddr4_mem_intfc/u_mig_ddr4_phy/inst/generate_block1.u_ddr_xiphy/byte_num[6].xiphy_byte_wrapper.u_xiphy_byte_wrapper/I_CONTROL[1].GEN_I_CONTROL.u_xiphy_control/xiphy_control/TX_DIV4_CLK_Q
    BITSLICE_CONTROL_X0Y37
                         BITSLICE_CONTROL (Prop_CONTROL_BITSLICE_CONTROL_TX_DIV4_CLK_Q_TX_BIT_CTRL_OUT3[26])
                                                      0.122     6.331 r  ddr_inst/inst/u_ddr4_mem_intfc/u_mig_ddr4_phy/inst/generate_block1.u_ddr_xiphy/byte_num[6].xiphy_byte_wrapper.u_xiphy_byte_wrapper/I_CONTROL[1].GEN_I_CONTROL.u_xiphy_control/xiphy_control/TX_BIT_CTRL_OUT3[26]
                         net (fo=1, routed)           0.012     6.343    ddr_inst/inst/u_ddr4_mem_intfc/u_mig_ddr4_phy/inst/generate_block1.u_ddr_xiphy/byte_num[6].xiphy_byte_wrapper.u_xiphy_byte_wrapper/I_BITSLICE_UPPER[3].GEN_RXTX_BITSLICE_EN.u_xiphy_bitslice_upper/TX_BIT_CTRL_OUT3[26]
    BITSLICE_RX_TX_X0Y243
                         RXTX_BITSLICE                                r  ddr_inst/inst/u_ddr4_mem_intfc/u_mig_ddr4_phy/inst/generate_block1.u_ddr_xiphy/byte_num[6].xiphy_byte_wrapper.u_xiphy_byte_wrapper/I_BITSLICE_UPPER[3].GEN_RXTX_BITSLICE_EN.u_xiphy_bitslice_upper/xiphy_rxtx_bitslice/TX_BIT_CTRL_IN[26]
                         clock pessimism             -0.425     5.918    
                         clock uncertainty           -0.157     5.761    
    BITSLICE_RX_TX_X0Y243
                         RXTX_BITSLICE (Setup_RXTX_BITSLICE_BITSLICE_RX_TX_TX_BIT_CTRL_IN[26]_D[4])
                                                     -0.028     5.733    ddr_inst/inst/u_ddr4_mem_intfc/u_mig_ddr4_phy/inst/generate_block1.u_ddr_xiphy/byte_num[6].xiphy_byte_wrapper.u_xiphy_byte_wrapper/I_BITSLICE_UPPER[3].GEN_RXTX_BITSLICE_EN.u_xiphy_bitslice_upper/xiphy_rxtx_bitslice
  -------------------------------------------------------------------
                         required time                          5.733    
                         arrival time                          -4.912    
  -------------------------------------------------------------------
                         slack                                  0.821    





Min Delay Paths
--------------------------------------------------------------------------------------
Slack (MET) :             0.673ns  (arrival time - required time)
  Source:                 ddr_inst/inst/u_ddr4_mem_intfc/u_ddr_cal_top/mcal_ADR_dly_reg[0][31]/C
                            (rising edge-triggered cell FDRE clocked by mmcm_clkout0  {rise@0.000ns fall@1.666ns period=3.332ns})
  Destination:            ddr_inst/inst/u_ddr4_mem_intfc/u_mig_ddr4_phy/inst/generate_block1.u_ddr_xiphy/byte_num[5].xiphy_byte_wrapper.u_xiphy_byte_wrapper/I_BITSLICE_LOWER[5].GEN_RXTX_BITSLICE_EN.u_xiphy_bitslice_lower/xiphy_rxtx_bitslice/D[7]
                            (rising edge-triggered cell RXTX_BITSLICE clocked by pll_clk[1]_DIV  {rise@0.000ns fall@1.666ns period=3.332ns})
  Path Group:             pll_clk[1]_DIV
  Path Type:              Hold (Min at Slow Process Corner)
  Requirement:            0.000ns  (pll_clk[1]_DIV rise@0.000ns - mmcm_clkout0 rise@0.000ns)
  Data Path Delay:        0.309ns  (logic 0.058ns (18.770%)  route 0.251ns (81.230%))
  Logic Levels:           0  
  Clock Path Skew:        -0.565ns (DCD - SCD - CPR)
    Destination Clock Delay (DCD):    2.439ns
    Source Clock Delay      (SCD):    3.429ns
    Clock Pessimism Removal (CPR):    -0.425ns
  Clock Uncertainty:      0.157ns  ((TSJ^2 + DJ^2)^1/2) / 2 + PE
    Total System Jitter     (TSJ):    0.071ns
    Discrete Jitter          (DJ):    0.064ns
    Phase Error              (PE):    0.109ns
  Clock Net Delay (Source):      1.656ns (routing 0.578ns, distribution 1.078ns)

    Location             Delay type                Incr(ns)  Path(ns)    Netlist Resource(s)
  -------------------------------------------------------------------    -------------------
                         (clock mmcm_clkout0 rise edge)
                                                      0.000     0.000 r  
    G13                                               0.000     0.000 r  c0_sys_clk_p (IN)
                         net (fo=0)                   0.079     0.079    ddr_inst/inst/u_ddr4_mem_intfc/u_mig_ddr4_phy/inst/u_ddr4_phy_pll/diff_input_clk.u_ibufg_sys_clk/I
    HPIOBDIFFINBUF_X0Y108
                         DIFFINBUF (Prop_DIFFINBUF_HPIOBDIFFINBUF_DIFF_IN_P_O)
                                                      0.453     0.532 r  ddr_inst/inst/u_ddr4_mem_intfc/u_mig_ddr4_phy/inst/u_ddr4_phy_pll/diff_input_clk.u_ibufg_sys_clk/DIFFINBUF_INST/O
                         net (fo=1, routed)           0.040     0.572    ddr_inst/inst/u_ddr4_mem_intfc/u_mig_ddr4_phy/inst/u_ddr4_phy_pll/diff_input_clk.u_ibufg_sys_clk/OUT
    G13                  IBUFCTRL (Prop_IBUFCTRL_HPIOB_M_I_O)
                                                      0.000     0.572 r  ddr_inst/inst/u_ddr4_mem_intfc/u_mig_ddr4_phy/inst/u_ddr4_phy_pll/diff_input_clk.u_ibufg_sys_clk/IBUFCTRL_INST/O
                         net (fo=2, routed)           0.333     0.905    ddr_inst/inst/u_ddr4_infrastructure/mmcm_clk_in
    MMCM_X0Y4            MMCME4_ADV (Prop_MMCM_CLKIN1_CLKOUT0)
                                                      0.630     1.535 r  ddr_inst/inst/u_ddr4_infrastructure/gen_mmcme4.u_mmcme_adv_inst/CLKOUT0
                         net (fo=1, routed)           0.215     1.750    ddr_inst/inst/u_ddr4_infrastructure/mmcm_clkout0
    BUFGCE_X0Y118        BUFGCE (Prop_BUFCE_BUFGCE_I_O)
                                                      0.024     1.774 r  ddr_inst/inst/u_ddr4_infrastructure/u_bufg_divClk/O
    X4Y5 (CLOCK_ROOT)    net (fo=50918, routed)       1.656     3.429    ddr_inst/inst/u_ddr4_mem_intfc/u_ddr_cal_top/dReg_reg[10]
    SLICE_X81Y261        FDRE                                         r  ddr_inst/inst/u_ddr4_mem_intfc/u_ddr_cal_top/mcal_ADR_dly_reg[0][31]/C
  -------------------------------------------------------------------    -------------------
    SLICE_X81Y261        FDRE (Prop_HFF_SLICEL_C_Q)
                                                      0.058     3.487 r  ddr_inst/inst/u_ddr4_mem_intfc/u_ddr_cal_top/mcal_ADR_dly_reg[0][31]/Q
                         net (fo=1, routed)           0.251     3.738    ddr_inst/inst/u_ddr4_mem_intfc/u_mig_ddr4_phy/inst/generate_block1.u_ddr_xiphy/byte_num[5].xiphy_byte_wrapper.u_xiphy_byte_wrapper/I_BITSLICE_LOWER[5].GEN_RXTX_BITSLICE_EN.u_xiphy_bitslice_lower/mcal_ADR[7]
    BITSLICE_RX_TX_X0Y226
                         RXTX_BITSLICE                                r  ddr_inst/inst/u_ddr4_mem_intfc/u_mig_ddr4_phy/inst/generate_block1.u_ddr_xiphy/byte_num[5].xiphy_byte_wrapper.u_xiphy_byte_wrapper/I_BITSLICE_LOWER[5].GEN_RXTX_BITSLICE_EN.u_xiphy_bitslice_lower/xiphy_rxtx_bitslice/D[7]
  -------------------------------------------------------------------    -------------------

                         (clock pll_clk[1]_DIV rise edge)
                                                      0.000     0.000 r  
    G13                                               0.000     0.000 r  c0_sys_clk_p (IN)
                         net (fo=0)                   0.100     0.100    ddr_inst/inst/u_ddr4_mem_intfc/u_mig_ddr4_phy/inst/u_ddr4_phy_pll/diff_input_clk.u_ibufg_sys_clk/I
    HPIOBDIFFINBUF_X0Y108
                         DIFFINBUF (Prop_DIFFINBUF_HPIOBDIFFINBUF_DIFF_IN_P_O)
                                                      0.549     0.649 r  ddr_inst/inst/u_ddr4_mem_intfc/u_mig_ddr4_phy/inst/u_ddr4_phy_pll/diff_input_clk.u_ibufg_sys_clk/DIFFINBUF_INST/O
                         net (fo=1, routed)           0.050     0.699    ddr_inst/inst/u_ddr4_mem_intfc/u_mig_ddr4_phy/inst/u_ddr4_phy_pll/diff_input_clk.u_ibufg_sys_clk/OUT
    G13                  IBUFCTRL (Prop_IBUFCTRL_HPIOB_M_I_O)
                                                      0.000     0.699 r  ddr_inst/inst/u_ddr4_mem_intfc/u_mig_ddr4_phy/inst/u_ddr4_phy_pll/diff_input_clk.u_ibufg_sys_clk/IBUFCTRL_INST/O
                         net (fo=2, routed)           0.384     1.083    ddr_inst/inst/u_ddr4_infrastructure/mmcm_clk_in
    MMCM_X0Y4            MMCME4_ADV (Prop_MMCM_CLKIN1_CLKOUT0)
                                                     -0.127     0.956 r  ddr_inst/inst/u_ddr4_infrastructure/gen_mmcme4.u_mmcme_adv_inst/CLKOUT0
                         net (fo=1, routed)           0.245     1.201    ddr_inst/inst/u_ddr4_infrastructure/mmcm_clkout0
    BUFGCE_X0Y118        BUFGCE (Prop_BUFCE_BUFGCE_I_O)
                                                      0.028     1.229 r  ddr_inst/inst/u_ddr4_infrastructure/u_bufg_divClk/O
                         net (fo=50918, routed)       1.715     2.944    ddr_inst/inst/u_ddr4_mem_intfc/u_mig_ddr4_phy/inst/u_ddr4_phy_pll/div_clk
    PLL_X0Y9             PLLE4_ADV (Prop_PLL_CLKIN_CLKOUTPHY)
                                                     -1.141     1.803 r  ddr_inst/inst/u_ddr4_mem_intfc/u_mig_ddr4_phy/inst/u_ddr4_phy_pll/plle_loop[1].gen_plle4.PLLE4_BASE_INST_OTHER/CLKOUTPHY
                         net (fo=8, routed)           0.134     1.937    ddr_inst/inst/u_ddr4_mem_intfc/u_mig_ddr4_phy/inst/generate_block1.u_ddr_xiphy/byte_num[5].xiphy_byte_wrapper.u_xiphy_byte_wrapper/I_CONTROL[0].GEN_I_CONTROL.u_xiphy_control/pll_clk[0]
    BITSLICE_CONTROL_X0Y34
                         BITSLICE_CONTROL (Prop_CONTROL_BITSLICE_CONTROL_PLL_CLK_TX_DIV2_CLK_Q)
                                                      0.177     2.114 r  ddr_inst/inst/u_ddr4_mem_intfc/u_mig_ddr4_phy/inst/generate_block1.u_ddr_xiphy/byte_num[5].xiphy_byte_wrapper.u_xiphy_byte_wrapper/I_CONTROL[0].GEN_I_CONTROL.u_xiphy_control/xiphy_control/TX_DIV2_CLK_Q
    BITSLICE_CONTROL_X0Y34
                         BITSLICE_CONTROL (Prop_CONTROL_BITSLICE_CONTROL_TX_DIV2_CLK_Q_TX_DIV4_CLK_Q)
                                                      0.109     2.223 r  ddr_inst/inst/u_ddr4_mem_intfc/u_mig_ddr4_phy/inst/generate_block1.u_ddr_xiphy/byte_num[5].xiphy_byte_wrapper.u_xiphy_byte_wrapper/I_CONTROL[0].GEN_I_CONTROL.u_xiphy_control/xiphy_control/TX_DIV4_CLK_Q
    BITSLICE_CONTROL_X0Y34
                         BITSLICE_CONTROL (Prop_CONTROL_BITSLICE_CONTROL_TX_DIV4_CLK_Q_TX_BIT_CTRL_OUT5[26])
                                                      0.192     2.415 r  ddr_inst/inst/u_ddr4_mem_intfc/u_mig_ddr4_phy/inst/generate_block1.u_ddr_xiphy/byte_num[5].xiphy_byte_wrapper.u_xiphy_byte_wrapper/I_CONTROL[0].GEN_I_CONTROL.u_xiphy_control/xiphy_control/TX_BIT_CTRL_OUT5[26]
                         net (fo=1, routed)           0.024     2.439    ddr_inst/inst/u_ddr4_mem_intfc/u_mig_ddr4_phy/inst/generate_block1.u_ddr_xiphy/byte_num[5].xiphy_byte_wrapper.u_xiphy_byte_wrapper/I_BITSLICE_LOWER[5].GEN_RXTX_BITSLICE_EN.u_xiphy_bitslice_lower/TX_BIT_CTRL_OUT5[26]
    BITSLICE_RX_TX_X0Y226
                         RXTX_BITSLICE                                r  ddr_inst/inst/u_ddr4_mem_intfc/u_mig_ddr4_phy/inst/generate_block1.u_ddr_xiphy/byte_num[5].xiphy_byte_wrapper.u_xiphy_byte_wrapper/I_BITSLICE_LOWER[5].GEN_RXTX_BITSLICE_EN.u_xiphy_bitslice_lower/xiphy_rxtx_bitslice/TX_BIT_CTRL_IN[26]
                         clock pessimism              0.425     2.864    
                         clock uncertainty            0.157     3.021    
    BITSLICE_RX_TX_X0Y226
                         RXTX_BITSLICE (Hold_RXTX_BITSLICE_BITSLICE_RX_TX_TX_BIT_CTRL_IN[26]_D[7])
                                                      0.044     3.065    ddr_inst/inst/u_ddr4_mem_intfc/u_mig_ddr4_phy/inst/generate_block1.u_ddr_xiphy/byte_num[5].xiphy_byte_wrapper.u_xiphy_byte_wrapper/I_BITSLICE_LOWER[5].GEN_RXTX_BITSLICE_EN.u_xiphy_bitslice_lower/xiphy_rxtx_bitslice
  -------------------------------------------------------------------
                         required time                         -3.065    
                         arrival time                           3.738    
  -------------------------------------------------------------------
                         slack                                  0.673    





---------------------------------------------------------------------------------------------------
From Clock:  mmcm_clkout0
  To Clock:  pll_clk[2]_DIV

Setup :            0  Failing Endpoints,  Worst Slack        0.883ns,  Total Violation        0.000ns
Hold  :            0  Failing Endpoints,  Worst Slack        0.708ns,  Total Violation        0.000ns
---------------------------------------------------------------------------------------------------


Max Delay Paths
--------------------------------------------------------------------------------------
Slack (MET) :             0.883ns  (required time - arrival time)
  Source:                 ddr_inst/inst/u_ddr4_mem_intfc/u_ddr_cal_top/u_ddr_mc_pi/rdEn[2].u_ddr_mc_rd_en_low/rdEn_reg[3]/C
                            (rising edge-triggered cell FDRE clocked by mmcm_clkout0  {rise@0.000ns fall@1.666ns period=3.332ns})
  Destination:            ddr_inst/inst/u_ddr4_mem_intfc/u_mig_ddr4_phy/inst/generate_block1.u_ddr_xiphy/byte_num[11].xiphy_byte_wrapper.u_xiphy_byte_wrapper/I_CONTROL[0].GEN_I_CONTROL.u_xiphy_control/xiphy_control/PHY_RDEN[3]
                            (rising edge-triggered cell BITSLICE_CONTROL clocked by pll_clk[2]_DIV  {rise@0.000ns fall@1.666ns period=3.332ns})
  Path Group:             pll_clk[2]_DIV
  Path Type:              Setup (Max at Slow Process Corner)
  Requirement:            3.332ns  (pll_clk[2]_DIV rise@3.332ns - mmcm_clkout0 rise@0.000ns)
  Data Path Delay:        1.551ns  (logic 0.078ns (5.029%)  route 1.473ns (94.971%))
  Logic Levels:           0  
  Clock Path Skew:        -0.723ns (DCD - SCD + CPR)
    Destination Clock Delay (DCD):    2.890ns = ( 6.222 - 3.332 ) 
    Source Clock Delay      (SCD):    3.120ns
    Clock Pessimism Removal (CPR):    -0.492ns
  Clock Uncertainty:      0.157ns  ((TSJ^2 + DJ^2)^1/2) / 2 + PE
    Total System Jitter     (TSJ):    0.071ns
    Discrete Jitter          (DJ):    0.064ns
    Phase Error              (PE):    0.109ns
  Clock Net Delay (Source):      1.891ns (routing 0.635ns, distribution 1.256ns)
  Clock Net Delay (Destination): 1.523ns (routing 0.578ns, distribution 0.945ns)

    Location             Delay type                Incr(ns)  Path(ns)    Netlist Resource(s)
  -------------------------------------------------------------------    -------------------
                         (clock mmcm_clkout0 rise edge)
                                                      0.000     0.000 r  
    G13                                               0.000     0.000 r  c0_sys_clk_p (IN)
                         net (fo=0)                   0.100     0.100    ddr_inst/inst/u_ddr4_mem_intfc/u_mig_ddr4_phy/inst/u_ddr4_phy_pll/diff_input_clk.u_ibufg_sys_clk/I
    HPIOBDIFFINBUF_X0Y108
                         DIFFINBUF (Prop_DIFFINBUF_HPIOBDIFFINBUF_DIFF_IN_P_O)
                                                      0.549     0.649 r  ddr_inst/inst/u_ddr4_mem_intfc/u_mig_ddr4_phy/inst/u_ddr4_phy_pll/diff_input_clk.u_ibufg_sys_clk/DIFFINBUF_INST/O
                         net (fo=1, routed)           0.050     0.699    ddr_inst/inst/u_ddr4_mem_intfc/u_mig_ddr4_phy/inst/u_ddr4_phy_pll/diff_input_clk.u_ibufg_sys_clk/OUT
    G13                  IBUFCTRL (Prop_IBUFCTRL_HPIOB_M_I_O)
                                                      0.000     0.699 r  ddr_inst/inst/u_ddr4_mem_intfc/u_mig_ddr4_phy/inst/u_ddr4_phy_pll/diff_input_clk.u_ibufg_sys_clk/IBUFCTRL_INST/O
                         net (fo=2, routed)           0.384     1.083    ddr_inst/inst/u_ddr4_infrastructure/mmcm_clk_in
    MMCM_X0Y4            MMCME4_ADV (Prop_MMCM_CLKIN1_CLKOUT0)
                                                     -0.127     0.956 r  ddr_inst/inst/u_ddr4_infrastructure/gen_mmcme4.u_mmcme_adv_inst/CLKOUT0
                         net (fo=1, routed)           0.245     1.201    ddr_inst/inst/u_ddr4_infrastructure/mmcm_clkout0
    BUFGCE_X0Y118        BUFGCE (Prop_BUFCE_BUFGCE_I_O)
                                                      0.028     1.229 r  ddr_inst/inst/u_ddr4_infrastructure/u_bufg_divClk/O
    X4Y5 (CLOCK_ROOT)    net (fo=50918, routed)       1.891     3.120    ddr_inst/inst/u_ddr4_mem_intfc/u_ddr_cal_top/u_ddr_mc_pi/rdEn[2].u_ddr_mc_rd_en_low/rsMask_reg[7][9]_0
    SLICE_X82Y227        FDRE                                         r  ddr_inst/inst/u_ddr4_mem_intfc/u_ddr_cal_top/u_ddr_mc_pi/rdEn[2].u_ddr_mc_rd_en_low/rdEn_reg[3]/C
  -------------------------------------------------------------------    -------------------
    SLICE_X82Y227        FDRE (Prop_GFF_SLICEM_C_Q)
                                                      0.078     3.198 r  ddr_inst/inst/u_ddr4_mem_intfc/u_ddr_cal_top/u_ddr_mc_pi/rdEn[2].u_ddr_mc_rd_en_low/rdEn_reg[3]/Q
                         net (fo=1, routed)           1.473     4.671    ddr_inst/inst/u_ddr4_mem_intfc/u_mig_ddr4_phy/inst/generate_block1.u_ddr_xiphy/byte_num[11].xiphy_byte_wrapper.u_xiphy_byte_wrapper/I_CONTROL[0].GEN_I_CONTROL.u_xiphy_control/ch0_mcal_clb2phy_rden_low[3]
    BITSLICE_CONTROL_X0Y46
                         BITSLICE_CONTROL                             r  ddr_inst/inst/u_ddr4_mem_intfc/u_mig_ddr4_phy/inst/generate_block1.u_ddr_xiphy/byte_num[11].xiphy_byte_wrapper.u_xiphy_byte_wrapper/I_CONTROL[0].GEN_I_CONTROL.u_xiphy_control/xiphy_control/PHY_RDEN[3]
  -------------------------------------------------------------------    -------------------

                         (clock pll_clk[2]_DIV rise edge)
                                                      3.332     3.332 r  
    G13                                               0.000     3.332 r  c0_sys_clk_p (IN)
                         net (fo=0)                   0.079     3.411    ddr_inst/inst/u_ddr4_mem_intfc/u_mig_ddr4_phy/inst/u_ddr4_phy_pll/diff_input_clk.u_ibufg_sys_clk/I
    HPIOBDIFFINBUF_X0Y108
                         DIFFINBUF (Prop_DIFFINBUF_HPIOBDIFFINBUF_DIFF_IN_P_O)
                                                      0.453     3.864 r  ddr_inst/inst/u_ddr4_mem_intfc/u_mig_ddr4_phy/inst/u_ddr4_phy_pll/diff_input_clk.u_ibufg_sys_clk/DIFFINBUF_INST/O
                         net (fo=1, routed)           0.040     3.904    ddr_inst/inst/u_ddr4_mem_intfc/u_mig_ddr4_phy/inst/u_ddr4_phy_pll/diff_input_clk.u_ibufg_sys_clk/OUT
    G13                  IBUFCTRL (Prop_IBUFCTRL_HPIOB_M_I_O)
                                                      0.000     3.904 r  ddr_inst/inst/u_ddr4_mem_intfc/u_mig_ddr4_phy/inst/u_ddr4_phy_pll/diff_input_clk.u_ibufg_sys_clk/IBUFCTRL_INST/O
                         net (fo=2, routed)           0.333     4.237    ddr_inst/inst/u_ddr4_infrastructure/mmcm_clk_in
    MMCM_X0Y4            MMCME4_ADV (Prop_MMCM_CLKIN1_CLKOUT0)
                                                      0.630     4.867 r  ddr_inst/inst/u_ddr4_infrastructure/gen_mmcme4.u_mmcme_adv_inst/CLKOUT0
                         net (fo=1, routed)           0.215     5.082    ddr_inst/inst/u_ddr4_infrastructure/mmcm_clkout0
    BUFGCE_X0Y118        BUFGCE (Prop_BUFCE_BUFGCE_I_O)
                                                      0.024     5.106 r  ddr_inst/inst/u_ddr4_infrastructure/u_bufg_divClk/O
    X4Y5 (CLOCK_ROOT)    net (fo=50918, routed)       1.523     6.629    ddr_inst/inst/u_ddr4_mem_intfc/u_mig_ddr4_phy/inst/u_ddr4_phy_pll/div_clk
    PLL_X0Y11            PLLE4_ADV (Prop_PLL_CLKIN_CLKOUTPHY)
                                                     -0.713     5.916 r  ddr_inst/inst/u_ddr4_mem_intfc/u_mig_ddr4_phy/inst/u_ddr4_phy_pll/plle_loop[2].gen_plle4.PLLE4_BASE_INST_OTHER/CLKOUTPHY
                         net (fo=8, routed)           0.098     6.014    ddr_inst/inst/u_ddr4_mem_intfc/u_mig_ddr4_phy/inst/generate_block1.u_ddr_xiphy/byte_num[11].xiphy_byte_wrapper.u_xiphy_byte_wrapper/I_CONTROL[0].GEN_I_CONTROL.u_xiphy_control/pll_clk[0]
    BITSLICE_CONTROL_X0Y46
                         BITSLICE_CONTROL (Prop_CONTROL_BITSLICE_CONTROL_PLL_CLK_RX_DIV2_CLK_Q)
                                                      0.126     6.140 r  ddr_inst/inst/u_ddr4_mem_intfc/u_mig_ddr4_phy/inst/generate_block1.u_ddr_xiphy/byte_num[11].xiphy_byte_wrapper.u_xiphy_byte_wrapper/I_CONTROL[0].GEN_I_CONTROL.u_xiphy_control/xiphy_control/RX_DIV2_CLK_Q
    BITSLICE_CONTROL_X0Y46
                         BITSLICE_CONTROL (Prop_CONTROL_BITSLICE_CONTROL_RX_DIV2_CLK_Q_RX_DIV4_CLK_Q)
                                                      0.082     6.222 r  ddr_inst/inst/u_ddr4_mem_intfc/u_mig_ddr4_phy/inst/generate_block1.u_ddr_xiphy/byte_num[11].xiphy_byte_wrapper.u_xiphy_byte_wrapper/I_CONTROL[0].GEN_I_CONTROL.u_xiphy_control/xiphy_control/RX_DIV4_CLK_Q
                         clock pessimism             -0.492     5.729    
                         clock uncertainty           -0.157     5.572    
    BITSLICE_CONTROL_X0Y46
                         BITSLICE_CONTROL (Setup_CONTROL_BITSLICE_CONTROL_RX_DIV4_CLK_Q_PHY_RDEN[3])
                                                     -0.018     5.554    ddr_inst/inst/u_ddr4_mem_intfc/u_mig_ddr4_phy/inst/generate_block1.u_ddr_xiphy/byte_num[11].xiphy_byte_wrapper.u_xiphy_byte_wrapper/I_CONTROL[0].GEN_I_CONTROL.u_xiphy_control/xiphy_control
  -------------------------------------------------------------------
                         required time                          5.554    
                         arrival time                          -4.671    
  -------------------------------------------------------------------
                         slack                                  0.883    





Min Delay Paths
--------------------------------------------------------------------------------------
Slack (MET) :             0.708ns  (arrival time - required time)
  Source:                 ddr_inst/inst/u_ddr4_mem_intfc/u_ddr_cal_top/u_ddr_mc_pi/u_ddr_mc_write/genByte[3].u_ddr_mc_wr_byte/genBit[7].u_ddr_mc_wr_bit/dReg_reg[0]/C
                            (rising edge-triggered cell FDRE clocked by mmcm_clkout0  {rise@0.000ns fall@1.666ns period=3.332ns})
  Destination:            ddr_inst/inst/u_ddr4_mem_intfc/u_mig_ddr4_phy/inst/generate_block1.u_ddr_xiphy/byte_num[10].xiphy_byte_wrapper.u_xiphy_byte_wrapper/I_BITSLICE_LOWER[5].GEN_RXTX_BITSLICE_EN.u_xiphy_bitslice_lower/xiphy_rxtx_bitslice/D[0]
                            (rising edge-triggered cell RXTX_BITSLICE clocked by pll_clk[2]_DIV  {rise@0.000ns fall@1.666ns period=3.332ns})
  Path Group:             pll_clk[2]_DIV
  Path Type:              Hold (Min at Slow Process Corner)
  Requirement:            0.000ns  (pll_clk[2]_DIV rise@0.000ns - mmcm_clkout0 rise@0.000ns)
  Data Path Delay:        0.315ns  (logic 0.059ns (18.730%)  route 0.256ns (81.270%))
  Logic Levels:           0  
  Clock Path Skew:        -0.565ns (DCD - SCD - CPR)
    Destination Clock Delay (DCD):    2.415ns
    Source Clock Delay      (SCD):    3.411ns
    Clock Pessimism Removal (CPR):    -0.431ns
  Clock Uncertainty:      0.157ns  ((TSJ^2 + DJ^2)^1/2) / 2 + PE
    Total System Jitter     (TSJ):    0.071ns
    Discrete Jitter          (DJ):    0.064ns
    Phase Error              (PE):    0.109ns
  Clock Net Delay (Source):      1.638ns (routing 0.578ns, distribution 1.060ns)

    Location             Delay type                Incr(ns)  Path(ns)    Netlist Resource(s)
  -------------------------------------------------------------------    -------------------
                         (clock mmcm_clkout0 rise edge)
                                                      0.000     0.000 r  
    G13                                               0.000     0.000 r  c0_sys_clk_p (IN)
                         net (fo=0)                   0.079     0.079    ddr_inst/inst/u_ddr4_mem_intfc/u_mig_ddr4_phy/inst/u_ddr4_phy_pll/diff_input_clk.u_ibufg_sys_clk/I
    HPIOBDIFFINBUF_X0Y108
                         DIFFINBUF (Prop_DIFFINBUF_HPIOBDIFFINBUF_DIFF_IN_P_O)
                                                      0.453     0.532 r  ddr_inst/inst/u_ddr4_mem_intfc/u_mig_ddr4_phy/inst/u_ddr4_phy_pll/diff_input_clk.u_ibufg_sys_clk/DIFFINBUF_INST/O
                         net (fo=1, routed)           0.040     0.572    ddr_inst/inst/u_ddr4_mem_intfc/u_mig_ddr4_phy/inst/u_ddr4_phy_pll/diff_input_clk.u_ibufg_sys_clk/OUT
    G13                  IBUFCTRL (Prop_IBUFCTRL_HPIOB_M_I_O)
                                                      0.000     0.572 r  ddr_inst/inst/u_ddr4_mem_intfc/u_mig_ddr4_phy/inst/u_ddr4_phy_pll/diff_input_clk.u_ibufg_sys_clk/IBUFCTRL_INST/O
                         net (fo=2, routed)           0.333     0.905    ddr_inst/inst/u_ddr4_infrastructure/mmcm_clk_in
    MMCM_X0Y4            MMCME4_ADV (Prop_MMCM_CLKIN1_CLKOUT0)
                                                      0.630     1.535 r  ddr_inst/inst/u_ddr4_infrastructure/gen_mmcme4.u_mmcme_adv_inst/CLKOUT0
                         net (fo=1, routed)           0.215     1.750    ddr_inst/inst/u_ddr4_infrastructure/mmcm_clkout0
    BUFGCE_X0Y118        BUFGCE (Prop_BUFCE_BUFGCE_I_O)
                                                      0.024     1.774 r  ddr_inst/inst/u_ddr4_infrastructure/u_bufg_divClk/O
    X4Y5 (CLOCK_ROOT)    net (fo=50918, routed)       1.638     3.411    ddr_inst/inst/u_ddr4_mem_intfc/u_ddr_cal_top/u_ddr_mc_pi/u_ddr_mc_write/genByte[3].u_ddr_mc_wr_byte/genBit[7].u_ddr_mc_wr_bit/dReg_reg[10]_0
    SLICE_X81Y336        FDRE                                         r  ddr_inst/inst/u_ddr4_mem_intfc/u_ddr_cal_top/u_ddr_mc_pi/u_ddr_mc_write/genByte[3].u_ddr_mc_wr_byte/genBit[7].u_ddr_mc_wr_bit/dReg_reg[0]/C
  -------------------------------------------------------------------    -------------------
    SLICE_X81Y336        FDRE (Prop_HFF2_SLICEL_C_Q)
                                                      0.059     3.470 r  ddr_inst/inst/u_ddr4_mem_intfc/u_ddr_cal_top/u_ddr_mc_pi/u_ddr_mc_write/genByte[3].u_ddr_mc_wr_byte/genBit[7].u_ddr_mc_wr_bit/dReg_reg[0]/Q
                         net (fo=1, routed)           0.256     3.726    ddr_inst/inst/u_ddr4_mem_intfc/u_mig_ddr4_phy/inst/generate_block1.u_ddr_xiphy/byte_num[10].xiphy_byte_wrapper.u_xiphy_byte_wrapper/I_BITSLICE_LOWER[5].GEN_RXTX_BITSLICE_EN.u_xiphy_bitslice_lower/ch0_mcal_DQOut[0]
    BITSLICE_RX_TX_X0Y291
                         RXTX_BITSLICE                                r  ddr_inst/inst/u_ddr4_mem_intfc/u_mig_ddr4_phy/inst/generate_block1.u_ddr_xiphy/byte_num[10].xiphy_byte_wrapper.u_xiphy_byte_wrapper/I_BITSLICE_LOWER[5].GEN_RXTX_BITSLICE_EN.u_xiphy_bitslice_lower/xiphy_rxtx_bitslice/D[0]
  -------------------------------------------------------------------    -------------------

                         (clock pll_clk[2]_DIV rise edge)
                                                      0.000     0.000 f  
    G13                                               0.000     0.000 f  c0_sys_clk_p (IN)
                         net (fo=0)                   0.100     0.100    ddr_inst/inst/u_ddr4_mem_intfc/u_mig_ddr4_phy/inst/u_ddr4_phy_pll/diff_input_clk.u_ibufg_sys_clk/I
    HPIOBDIFFINBUF_X0Y108
                         DIFFINBUF (Prop_DIFFINBUF_HPIOBDIFFINBUF_DIFF_IN_P_O)
                                                      0.549     0.649 f  ddr_inst/inst/u_ddr4_mem_intfc/u_mig_ddr4_phy/inst/u_ddr4_phy_pll/diff_input_clk.u_ibufg_sys_clk/DIFFINBUF_INST/O
                         net (fo=1, routed)           0.050     0.699    ddr_inst/inst/u_ddr4_mem_intfc/u_mig_ddr4_phy/inst/u_ddr4_phy_pll/diff_input_clk.u_ibufg_sys_clk/OUT
    G13                  IBUFCTRL (Prop_IBUFCTRL_HPIOB_M_I_O)
                                                      0.000     0.699 f  ddr_inst/inst/u_ddr4_mem_intfc/u_mig_ddr4_phy/inst/u_ddr4_phy_pll/diff_input_clk.u_ibufg_sys_clk/IBUFCTRL_INST/O
                         net (fo=2, routed)           0.384     1.083    ddr_inst/inst/u_ddr4_infrastructure/mmcm_clk_in
    MMCM_X0Y4            MMCME4_ADV (Prop_MMCM_CLKIN1_CLKOUT0)
                                                     -0.127     0.956 f  ddr_inst/inst/u_ddr4_infrastructure/gen_mmcme4.u_mmcme_adv_inst/CLKOUT0
                         net (fo=1, routed)           0.245     1.201    ddr_inst/inst/u_ddr4_infrastructure/mmcm_clkout0
    BUFGCE_X0Y118        BUFGCE (Prop_BUFCE_BUFGCE_I_O)
                                                      0.028     1.229 f  ddr_inst/inst/u_ddr4_infrastructure/u_bufg_divClk/O
                         net (fo=50918, routed)       1.693     2.922    ddr_inst/inst/u_ddr4_mem_intfc/u_mig_ddr4_phy/inst/u_ddr4_phy_pll/div_clk
    PLL_X0Y11            PLLE4_ADV (Prop_PLL_CLKIN_CLKOUTPHY)
                                                     -1.141     1.781 f  ddr_inst/inst/u_ddr4_mem_intfc/u_mig_ddr4_phy/inst/u_ddr4_phy_pll/plle_loop[2].gen_plle4.PLLE4_BASE_INST_OTHER/CLKOUTPHY
                         net (fo=8, routed)           0.132     1.913    ddr_inst/inst/u_ddr4_mem_intfc/u_mig_ddr4_phy/inst/generate_block1.u_ddr_xiphy/byte_num[10].xiphy_byte_wrapper.u_xiphy_byte_wrapper/I_CONTROL[0].GEN_I_CONTROL.u_xiphy_control/pll_clk[0]
    BITSLICE_CONTROL_X0Y44
                         BITSLICE_CONTROL (Prop_CONTROL_BITSLICE_CONTROL_PLL_CLK_TX_DIV2_CLK_Q)
                                                      0.177     2.090 r  ddr_inst/inst/u_ddr4_mem_intfc/u_mig_ddr4_phy/inst/generate_block1.u_ddr_xiphy/byte_num[10].xiphy_byte_wrapper.u_xiphy_byte_wrapper/I_CONTROL[0].GEN_I_CONTROL.u_xiphy_control/xiphy_control/TX_DIV2_CLK_Q
    BITSLICE_CONTROL_X0Y44
                         BITSLICE_CONTROL (Prop_CONTROL_BITSLICE_CONTROL_TX_DIV2_CLK_Q_TX_DIV4_CLK_Q)
                                                      0.109     2.199 r  ddr_inst/inst/u_ddr4_mem_intfc/u_mig_ddr4_phy/inst/generate_block1.u_ddr_xiphy/byte_num[10].xiphy_byte_wrapper.u_xiphy_byte_wrapper/I_CONTROL[0].GEN_I_CONTROL.u_xiphy_control/xiphy_control/TX_DIV4_CLK_Q
    BITSLICE_CONTROL_X0Y44
                         BITSLICE_CONTROL (Prop_CONTROL_BITSLICE_CONTROL_TX_DIV4_CLK_Q_TX_BIT_CTRL_OUT5[26])
                                                      0.192     2.391 r  ddr_inst/inst/u_ddr4_mem_intfc/u_mig_ddr4_phy/inst/generate_block1.u_ddr_xiphy/byte_num[10].xiphy_byte_wrapper.u_xiphy_byte_wrapper/I_CONTROL[0].GEN_I_CONTROL.u_xiphy_control/xiphy_control/TX_BIT_CTRL_OUT5[26]
                         net (fo=1, routed)           0.024     2.415    ddr_inst/inst/u_ddr4_mem_intfc/u_mig_ddr4_phy/inst/generate_block1.u_ddr_xiphy/byte_num[10].xiphy_byte_wrapper.u_xiphy_byte_wrapper/I_BITSLICE_LOWER[5].GEN_RXTX_BITSLICE_EN.u_xiphy_bitslice_lower/TX_BIT_CTRL_OUT5[26]
    BITSLICE_RX_TX_X0Y291
                         RXTX_BITSLICE                                r  ddr_inst/inst/u_ddr4_mem_intfc/u_mig_ddr4_phy/inst/generate_block1.u_ddr_xiphy/byte_num[10].xiphy_byte_wrapper.u_xiphy_byte_wrapper/I_BITSLICE_LOWER[5].GEN_RXTX_BITSLICE_EN.u_xiphy_bitslice_lower/xiphy_rxtx_bitslice/TX_BIT_CTRL_IN[26]
                         clock pessimism              0.431     2.846    
                         clock uncertainty            0.157     3.003    
    BITSLICE_RX_TX_X0Y291
                         RXTX_BITSLICE (Hold_RXTX_BITSLICE_BITSLICE_RX_TX_TX_BIT_CTRL_IN[26]_D[0])
                                                      0.015     3.018    ddr_inst/inst/u_ddr4_mem_intfc/u_mig_ddr4_phy/inst/generate_block1.u_ddr_xiphy/byte_num[10].xiphy_byte_wrapper.u_xiphy_byte_wrapper/I_BITSLICE_LOWER[5].GEN_RXTX_BITSLICE_EN.u_xiphy_bitslice_lower/xiphy_rxtx_bitslice
  -------------------------------------------------------------------
                         required time                         -3.018    
                         arrival time                           3.726    
  -------------------------------------------------------------------
                         slack                                  0.708    





---------------------------------------------------------------------------------------------------
From Clock:  mmcm_clkout0
  To Clock:  mmcm_clkout5

Setup :            0  Failing Endpoints,  Worst Slack       10.977ns,  Total Violation        0.000ns
Hold  :           NA  Failing Endpoints,  Worst Slack           NA  ,  Total Violation           NA
---------------------------------------------------------------------------------------------------


Max Delay Paths
--------------------------------------------------------------------------------------
Slack (MET) :             10.977ns  (required time - arrival time)
  Source:                 ddr_inst/inst/u_ddr4_mem_intfc/u_ddr_cal_top/u_ddr_cal/u_xsdb_arbiter/slave_do_fclk_reg[8]/C
                            (rising edge-triggered cell FDRE clocked by mmcm_clkout0  {rise@0.000ns fall@1.666ns period=3.332ns})
  Destination:            ddr_inst/inst/u_ddr4_mem_intfc/u_ddr_cal_top/u_ddr_cal/u_xsdb_arbiter/u_slave_do_sync/SYNC[8].sync_reg_reg[0]/D
                            (rising edge-triggered cell FDRE clocked by mmcm_clkout5  {rise@0.000ns fall@6.664ns period=13.328ns})
  Path Group:             mmcm_clkout5
  Path Type:              Setup (Max at Slow Process Corner)
  Requirement:            12.000ns  (MaxDelay Path 12.000ns)
  Data Path Delay:        1.048ns  (logic 0.079ns (7.538%)  route 0.969ns (92.462%))
  Logic Levels:           0  
  Timing Exception:       MaxDelay Path 12.000ns -datapath_only

    Location             Delay type                Incr(ns)  Path(ns)    Netlist Resource(s)
  -------------------------------------------------------------------    -------------------
    SLICE_X84Y203                                     0.000     0.000 r  ddr_inst/inst/u_ddr4_mem_intfc/u_ddr_cal_top/u_ddr_cal/u_xsdb_arbiter/slave_do_fclk_reg[8]/C
    SLICE_X84Y203        FDRE (Prop_CFF_SLICEL_C_Q)
                                                      0.079     0.079 r  ddr_inst/inst/u_ddr4_mem_intfc/u_ddr_cal_top/u_ddr_cal/u_xsdb_arbiter/slave_do_fclk_reg[8]/Q
                         net (fo=1, routed)           0.969     1.048    ddr_inst/inst/u_ddr4_mem_intfc/u_ddr_cal_top/u_ddr_cal/u_xsdb_arbiter/u_slave_do_sync/out[8]
    SLICE_X81Y201        FDRE                                         r  ddr_inst/inst/u_ddr4_mem_intfc/u_ddr_cal_top/u_ddr_cal/u_xsdb_arbiter/u_slave_do_sync/SYNC[8].sync_reg_reg[0]/D
  -------------------------------------------------------------------    -------------------

                         max delay                   12.000    12.000    
    SLICE_X81Y201        FDRE (Setup_DFF2_SLICEL_C_D)
                                                      0.025    12.025    ddr_inst/inst/u_ddr4_mem_intfc/u_ddr_cal_top/u_ddr_cal/u_xsdb_arbiter/u_slave_do_sync/SYNC[8].sync_reg_reg[0]
  -------------------------------------------------------------------
                         required time                         12.025    
                         arrival time                          -1.048    
  -------------------------------------------------------------------
                         slack                                 10.977    





---------------------------------------------------------------------------------------------------
From Clock:  clk_100_mmcm
  To Clock:  mmcm_clkout5

Setup :            0  Failing Endpoints,  Worst Slack        9.541ns,  Total Violation        0.000ns
Hold  :           NA  Failing Endpoints,  Worst Slack           NA  ,  Total Violation           NA
---------------------------------------------------------------------------------------------------


Max Delay Paths
--------------------------------------------------------------------------------------
Slack (MET) :             9.541ns  (required time - arrival time)
  Source:                 jtag_lite/inst/jtag_axi_engine_u/tx_fifo_i/inst_fifo_gen/gconvfifo.rf/grf.rf/gntv_or_sync_fifo.gcx.clkx/rd_pntr_cdc_inst/src_gray_ff_reg[3]/C
                            (rising edge-triggered cell FDRE clocked by clk_100_mmcm  {rise@0.000ns fall@5.000ns period=10.000ns})
  Destination:            jtag_lite/inst/jtag_axi_engine_u/tx_fifo_i/inst_fifo_gen/gconvfifo.rf/grf.rf/gntv_or_sync_fifo.gcx.clkx/rd_pntr_cdc_inst/dest_graysync_ff_reg[0][3]/D
                            (rising edge-triggered cell FDRE clocked by mmcm_clkout5  {rise@0.000ns fall@6.664ns period=13.328ns})
  Path Group:             mmcm_clkout5
  Path Type:              Setup (Max at Slow Process Corner)
  Requirement:            10.000ns  (MaxDelay Path 10.000ns)
  Data Path Delay:        0.484ns  (logic 0.078ns (16.116%)  route 0.406ns (83.884%))
  Logic Levels:           0  
  Timing Exception:       MaxDelay Path 10.000ns -datapath_only

    Location             Delay type                Incr(ns)  Path(ns)    Netlist Resource(s)
  -------------------------------------------------------------------    -------------------
    SLICE_X75Y297                                     0.000     0.000 r  jtag_lite/inst/jtag_axi_engine_u/tx_fifo_i/inst_fifo_gen/gconvfifo.rf/grf.rf/gntv_or_sync_fifo.gcx.clkx/rd_pntr_cdc_inst/src_gray_ff_reg[3]/C
    SLICE_X75Y297        FDRE (Prop_HFF2_SLICEM_C_Q)
                                                      0.078     0.078 r  jtag_lite/inst/jtag_axi_engine_u/tx_fifo_i/inst_fifo_gen/gconvfifo.rf/grf.rf/gntv_or_sync_fifo.gcx.clkx/rd_pntr_cdc_inst/src_gray_ff_reg[3]/Q
                         net (fo=1, routed)           0.406     0.484    jtag_lite/inst/jtag_axi_engine_u/tx_fifo_i/inst_fifo_gen/gconvfifo.rf/grf.rf/gntv_or_sync_fifo.gcx.clkx/rd_pntr_cdc_inst/async_path[3]
    SLICE_X75Y297        FDRE                                         r  jtag_lite/inst/jtag_axi_engine_u/tx_fifo_i/inst_fifo_gen/gconvfifo.rf/grf.rf/gntv_or_sync_fifo.gcx.clkx/rd_pntr_cdc_inst/dest_graysync_ff_reg[0][3]/D
  -------------------------------------------------------------------    -------------------

                         max delay                   10.000    10.000    
    SLICE_X75Y297        FDRE (Setup_CFF2_SLICEM_C_D)
                                                      0.025    10.025    jtag_lite/inst/jtag_axi_engine_u/tx_fifo_i/inst_fifo_gen/gconvfifo.rf/grf.rf/gntv_or_sync_fifo.gcx.clkx/rd_pntr_cdc_inst/dest_graysync_ff_reg[0][3]
  -------------------------------------------------------------------
                         required time                         10.025    
                         arrival time                          -0.484    
  -------------------------------------------------------------------
                         slack                                  9.541    





---------------------------------------------------------------------------------------------------
From Clock:  clk_200_mmcm
  To Clock:  mmcm_clkout5

Setup :            0  Failing Endpoints,  Worst Slack        4.493ns,  Total Violation        0.000ns
Hold  :           NA  Failing Endpoints,  Worst Slack           NA  ,  Total Violation           NA
---------------------------------------------------------------------------------------------------


Max Delay Paths
--------------------------------------------------------------------------------------
Slack (MET) :             4.493ns  (required time - arrival time)
  Source:                 jtag_mem/inst/jtag_axi_engine_u/tx_fifo_i/inst_fifo_gen/gconvfifo.rf/grf.rf/gntv_or_sync_fifo.gcx.clkx/rd_pntr_cdc_inst/src_gray_ff_reg[1]/C
                            (rising edge-triggered cell FDRE clocked by clk_200_mmcm  {rise@0.000ns fall@2.500ns period=5.000ns})
  Destination:            jtag_mem/inst/jtag_axi_engine_u/tx_fifo_i/inst_fifo_gen/gconvfifo.rf/grf.rf/gntv_or_sync_fifo.gcx.clkx/rd_pntr_cdc_inst/dest_graysync_ff_reg[0][1]/D
                            (rising edge-triggered cell FDRE clocked by mmcm_clkout5  {rise@0.000ns fall@6.664ns period=13.328ns})
  Path Group:             mmcm_clkout5
  Path Type:              Setup (Max at Slow Process Corner)
  Requirement:            5.000ns  (MaxDelay Path 5.000ns)
  Data Path Delay:        0.532ns  (logic 0.078ns (14.662%)  route 0.454ns (85.338%))
  Logic Levels:           0  
  Timing Exception:       MaxDelay Path 5.000ns -datapath_only

    Location             Delay type                Incr(ns)  Path(ns)    Netlist Resource(s)
  -------------------------------------------------------------------    -------------------
    SLICE_X63Y376                                     0.000     0.000 r  jtag_mem/inst/jtag_axi_engine_u/tx_fifo_i/inst_fifo_gen/gconvfifo.rf/grf.rf/gntv_or_sync_fifo.gcx.clkx/rd_pntr_cdc_inst/src_gray_ff_reg[1]/C
    SLICE_X63Y376        FDRE (Prop_HFF2_SLICEM_C_Q)
                                                      0.078     0.078 r  jtag_mem/inst/jtag_axi_engine_u/tx_fifo_i/inst_fifo_gen/gconvfifo.rf/grf.rf/gntv_or_sync_fifo.gcx.clkx/rd_pntr_cdc_inst/src_gray_ff_reg[1]/Q
                         net (fo=1, routed)           0.454     0.532    jtag_mem/inst/jtag_axi_engine_u/tx_fifo_i/inst_fifo_gen/gconvfifo.rf/grf.rf/gntv_or_sync_fifo.gcx.clkx/rd_pntr_cdc_inst/async_path[1]
    SLICE_X63Y376        FDRE                                         r  jtag_mem/inst/jtag_axi_engine_u/tx_fifo_i/inst_fifo_gen/gconvfifo.rf/grf.rf/gntv_or_sync_fifo.gcx.clkx/rd_pntr_cdc_inst/dest_graysync_ff_reg[0][1]/D
  -------------------------------------------------------------------    -------------------

                         max delay                    5.000     5.000    
    SLICE_X63Y376        FDRE (Setup_CFF2_SLICEM_C_D)
                                                      0.025     5.025    jtag_mem/inst/jtag_axi_engine_u/tx_fifo_i/inst_fifo_gen/gconvfifo.rf/grf.rf/gntv_or_sync_fifo.gcx.clkx/rd_pntr_cdc_inst/dest_graysync_ff_reg[0][1]
  -------------------------------------------------------------------
                         required time                          5.025    
                         arrival time                          -0.532    
  -------------------------------------------------------------------
                         slack                                  4.493    





---------------------------------------------------------------------------------------------------
From Clock:  dbg_hub/inst/BSCANID.u_xsdbm_id/SWITCH_N_EXT_BSCAN.bscan_inst/SERIES7_BSCAN.bscan_inst/INTERNAL_TCK
  To Clock:  mmcm_clkout5

Setup :            0  Failing Endpoints,  Worst Slack       49.290ns,  Total Violation        0.000ns
Hold  :           NA  Failing Endpoints,  Worst Slack           NA  ,  Total Violation           NA
---------------------------------------------------------------------------------------------------


Max Delay Paths
--------------------------------------------------------------------------------------
Slack (MET) :             49.290ns  (required time - arrival time)
  Source:                 dbg_hub/inst/BSCANID.u_xsdbm_id/CORE_XSDB.UUT_MASTER/U_ICON_INTERFACE/U_CMD6_WR/U_WR_FIFO/SUBCORE_FIFO.xsdbm_v3_0_0_wrfifo_inst/inst_fifo_gen/gconvfifo.rf/grf.rf/gntv_or_sync_fifo.gcx.clkx/gnxpm_cdc.wr_pntr_gc_reg[2]/C
                            (rising edge-triggered cell FDCE clocked by dbg_hub/inst/BSCANID.u_xsdbm_id/SWITCH_N_EXT_BSCAN.bscan_inst/SERIES7_BSCAN.bscan_inst/INTERNAL_TCK  {rise@0.000ns fall@25.000ns period=50.000ns})
  Destination:            dbg_hub/inst/BSCANID.u_xsdbm_id/CORE_XSDB.UUT_MASTER/U_ICON_INTERFACE/U_CMD6_WR/U_WR_FIFO/SUBCORE_FIFO.xsdbm_v3_0_0_wrfifo_inst/inst_fifo_gen/gconvfifo.rf/grf.rf/gntv_or_sync_fifo.gcx.clkx/gnxpm_cdc.gsync_stage[1].rd_stg_inst/Q_reg_reg[2]/D
                            (rising edge-triggered cell FDCE clocked by mmcm_clkout5  {rise@0.000ns fall@6.664ns period=13.328ns})
  Path Group:             mmcm_clkout5
  Path Type:              Setup (Max at Slow Process Corner)
  Requirement:            50.000ns  (MaxDelay Path 50.000ns)
  Data Path Delay:        0.735ns  (logic 0.078ns (10.612%)  route 0.657ns (89.388%))
  Logic Levels:           0  
  Timing Exception:       MaxDelay Path 50.000ns -datapath_only

    Location             Delay type                Incr(ns)  Path(ns)    Netlist Resource(s)
  -------------------------------------------------------------------    -------------------
    SLICE_X79Y197                                     0.000     0.000 r  dbg_hub/inst/BSCANID.u_xsdbm_id/CORE_XSDB.UUT_MASTER/U_ICON_INTERFACE/U_CMD6_WR/U_WR_FIFO/SUBCORE_FIFO.xsdbm_v3_0_0_wrfifo_inst/inst_fifo_gen/gconvfifo.rf/grf.rf/gntv_or_sync_fifo.gcx.clkx/gnxpm_cdc.wr_pntr_gc_reg[2]/C
    SLICE_X79Y197        FDCE (Prop_GFF_SLICEM_C_Q)
                                                      0.078     0.078 r  dbg_hub/inst/BSCANID.u_xsdbm_id/CORE_XSDB.UUT_MASTER/U_ICON_INTERFACE/U_CMD6_WR/U_WR_FIFO/SUBCORE_FIFO.xsdbm_v3_0_0_wrfifo_inst/inst_fifo_gen/gconvfifo.rf/grf.rf/gntv_or_sync_fifo.gcx.clkx/gnxpm_cdc.wr_pntr_gc_reg[2]/Q
                         net (fo=1, routed)           0.657     0.735    dbg_hub/inst/BSCANID.u_xsdbm_id/CORE_XSDB.UUT_MASTER/U_ICON_INTERFACE/U_CMD6_WR/U_WR_FIFO/SUBCORE_FIFO.xsdbm_v3_0_0_wrfifo_inst/inst_fifo_gen/gconvfifo.rf/grf.rf/gntv_or_sync_fifo.gcx.clkx/gnxpm_cdc.gsync_stage[1].rd_stg_inst/Q[2]
    SLICE_X79Y197        FDCE                                         r  dbg_hub/inst/BSCANID.u_xsdbm_id/CORE_XSDB.UUT_MASTER/U_ICON_INTERFACE/U_CMD6_WR/U_WR_FIFO/SUBCORE_FIFO.xsdbm_v3_0_0_wrfifo_inst/inst_fifo_gen/gconvfifo.rf/grf.rf/gntv_or_sync_fifo.gcx.clkx/gnxpm_cdc.gsync_stage[1].rd_stg_inst/Q_reg_reg[2]/D
  -------------------------------------------------------------------    -------------------

                         max delay                   50.000    50.000    
    SLICE_X79Y197        FDCE (Setup_DFF2_SLICEM_C_D)
                                                      0.025    50.025    dbg_hub/inst/BSCANID.u_xsdbm_id/CORE_XSDB.UUT_MASTER/U_ICON_INTERFACE/U_CMD6_WR/U_WR_FIFO/SUBCORE_FIFO.xsdbm_v3_0_0_wrfifo_inst/inst_fifo_gen/gconvfifo.rf/grf.rf/gntv_or_sync_fifo.gcx.clkx/gnxpm_cdc.gsync_stage[1].rd_stg_inst/Q_reg_reg[2]
  -------------------------------------------------------------------
                         required time                         50.025    
                         arrival time                          -0.735    
  -------------------------------------------------------------------
                         slack                                 49.290    





---------------------------------------------------------------------------------------------------
From Clock:  mmcm_clkout0
  To Clock:  mmcm_clkout6

Setup :            0  Failing Endpoints,  Worst Slack        1.899ns,  Total Violation        0.000ns
Hold  :            0  Failing Endpoints,  Worst Slack        0.106ns,  Total Violation        0.000ns
---------------------------------------------------------------------------------------------------


Max Delay Paths
--------------------------------------------------------------------------------------
Slack (MET) :             1.899ns  (required time - arrival time)
  Source:                 ddr_inst/inst/u_ddr4_mem_intfc/u_ddr_cal_top/sample_gts_reg/C
                            (rising edge-triggered cell FDRE clocked by mmcm_clkout0  {rise@0.000ns fall@1.666ns period=3.332ns})
  Destination:            ddr_inst/inst/u_ddr4_mem_intfc/u_ddr_cal_riu/sample_gts_riu_reg/D
                            (rising edge-triggered cell FDRE clocked by mmcm_clkout6  {rise@0.000ns fall@3.332ns period=6.664ns})
  Path Group:             mmcm_clkout6
  Path Type:              Setup (Max at Slow Process Corner)
  Requirement:            3.332ns  (mmcm_clkout6 rise@6.664ns - mmcm_clkout0 rise@3.332ns)
  Data Path Delay:        1.026ns  (logic 0.078ns (7.602%)  route 0.948ns (92.398%))
  Logic Levels:           0  
  Clock Path Skew:        -0.256ns (DCD - SCD + CPR)
    Destination Clock Delay (DCD):    3.446ns = ( 10.110 - 6.664 ) 
    Source Clock Delay      (SCD):    3.123ns = ( 6.455 - 3.332 ) 
    Clock Pessimism Removal (CPR):    -0.578ns
  Clock Uncertainty:      0.176ns  ((TSJ^2 + DJ^2)^1/2) / 2 + PE
    Total System Jitter     (TSJ):    0.071ns
    Discrete Jitter          (DJ):    0.088ns
    Phase Error              (PE):    0.120ns
  Clock Net Delay (Source):      1.894ns (routing 0.635ns, distribution 1.259ns)
  Clock Net Delay (Destination): 1.661ns (routing 0.575ns, distribution 1.086ns)

    Location             Delay type                Incr(ns)  Path(ns)    Netlist Resource(s)
  -------------------------------------------------------------------    -------------------
                         (clock mmcm_clkout0 rise edge)
                                                      3.332     3.332 r  
    G13                                               0.000     3.332 r  c0_sys_clk_p (IN)
                         net (fo=0)                   0.100     3.432    ddr_inst/inst/u_ddr4_mem_intfc/u_mig_ddr4_phy/inst/u_ddr4_phy_pll/diff_input_clk.u_ibufg_sys_clk/I
    HPIOBDIFFINBUF_X0Y108
                         DIFFINBUF (Prop_DIFFINBUF_HPIOBDIFFINBUF_DIFF_IN_P_O)
                                                      0.549     3.981 r  ddr_inst/inst/u_ddr4_mem_intfc/u_mig_ddr4_phy/inst/u_ddr4_phy_pll/diff_input_clk.u_ibufg_sys_clk/DIFFINBUF_INST/O
                         net (fo=1, routed)           0.050     4.031    ddr_inst/inst/u_ddr4_mem_intfc/u_mig_ddr4_phy/inst/u_ddr4_phy_pll/diff_input_clk.u_ibufg_sys_clk/OUT
    G13                  IBUFCTRL (Prop_IBUFCTRL_HPIOB_M_I_O)
                                                      0.000     4.031 r  ddr_inst/inst/u_ddr4_mem_intfc/u_mig_ddr4_phy/inst/u_ddr4_phy_pll/diff_input_clk.u_ibufg_sys_clk/IBUFCTRL_INST/O
                         net (fo=2, routed)           0.384     4.415    ddr_inst/inst/u_ddr4_infrastructure/mmcm_clk_in
    MMCM_X0Y4            MMCME4_ADV (Prop_MMCM_CLKIN1_CLKOUT0)
                                                     -0.127     4.288 r  ddr_inst/inst/u_ddr4_infrastructure/gen_mmcme4.u_mmcme_adv_inst/CLKOUT0
                         net (fo=1, routed)           0.245     4.533    ddr_inst/inst/u_ddr4_infrastructure/mmcm_clkout0
    BUFGCE_X0Y118        BUFGCE (Prop_BUFCE_BUFGCE_I_O)
                                                      0.028     4.561 r  ddr_inst/inst/u_ddr4_infrastructure/u_bufg_divClk/O
    X4Y5 (CLOCK_ROOT)    net (fo=50918, routed)       1.894     6.455    ddr_inst/inst/u_ddr4_mem_intfc/u_ddr_cal_top/dReg_reg[10]
    SLICE_X82Y229        FDRE                                         r  ddr_inst/inst/u_ddr4_mem_intfc/u_ddr_cal_top/sample_gts_reg/C
  -------------------------------------------------------------------    -------------------
    SLICE_X82Y229        FDRE (Prop_BFF_SLICEM_C_Q)
                                                      0.078     6.533 r  ddr_inst/inst/u_ddr4_mem_intfc/u_ddr_cal_top/sample_gts_reg/Q
                         net (fo=1, routed)           0.948     7.481    ddr_inst/inst/u_ddr4_mem_intfc/u_ddr_cal_riu/sample_gts
    SLICE_X82Y225        FDRE                                         r  ddr_inst/inst/u_ddr4_mem_intfc/u_ddr_cal_riu/sample_gts_riu_reg/D
  -------------------------------------------------------------------    -------------------

                         (clock mmcm_clkout6 rise edge)
                                                      6.664     6.664 r  
    G13                                               0.000     6.664 r  c0_sys_clk_p (IN)
                         net (fo=0)                   0.079     6.743    ddr_inst/inst/u_ddr4_mem_intfc/u_mig_ddr4_phy/inst/u_ddr4_phy_pll/diff_input_clk.u_ibufg_sys_clk/I
    HPIOBDIFFINBUF_X0Y108
                         DIFFINBUF (Prop_DIFFINBUF_HPIOBDIFFINBUF_DIFF_IN_P_O)
                                                      0.453     7.196 r  ddr_inst/inst/u_ddr4_mem_intfc/u_mig_ddr4_phy/inst/u_ddr4_phy_pll/diff_input_clk.u_ibufg_sys_clk/DIFFINBUF_INST/O
                         net (fo=1, routed)           0.040     7.236    ddr_inst/inst/u_ddr4_mem_intfc/u_mig_ddr4_phy/inst/u_ddr4_phy_pll/diff_input_clk.u_ibufg_sys_clk/OUT
    G13                  IBUFCTRL (Prop_IBUFCTRL_HPIOB_M_I_O)
                                                      0.000     7.236 r  ddr_inst/inst/u_ddr4_mem_intfc/u_mig_ddr4_phy/inst/u_ddr4_phy_pll/diff_input_clk.u_ibufg_sys_clk/IBUFCTRL_INST/O
                         net (fo=2, routed)           0.333     7.569    ddr_inst/inst/u_ddr4_infrastructure/mmcm_clk_in
    MMCM_X0Y4            MMCME4_ADV (Prop_MMCM_CLKIN1_CLKOUT6)
                                                      0.630     8.199 r  ddr_inst/inst/u_ddr4_infrastructure/gen_mmcme4.u_mmcme_adv_inst/CLKOUT6
                         net (fo=1, routed)           0.226     8.425    ddr_inst/inst/u_ddr4_infrastructure/mmcm_clkout6
    BUFGCE_X0Y116        BUFGCE (Prop_BUFCE_BUFGCE_I_O)
                                                      0.024     8.449 r  ddr_inst/inst/u_ddr4_infrastructure/u_bufg_riuClk/O
    X4Y5 (CLOCK_ROOT)    net (fo=1761, routed)        1.661    10.110    ddr_inst/inst/u_ddr4_mem_intfc/u_ddr_cal_riu/CLK
    SLICE_X82Y225        FDRE                                         r  ddr_inst/inst/u_ddr4_mem_intfc/u_ddr_cal_riu/sample_gts_riu_reg/C
                         clock pessimism             -0.578     9.531    
                         clock uncertainty           -0.176     9.355    
    SLICE_X82Y225        FDRE (Setup_FFF_SLICEM_C_D)
                                                      0.025     9.380    ddr_inst/inst/u_ddr4_mem_intfc/u_ddr_cal_riu/sample_gts_riu_reg
  -------------------------------------------------------------------
                         required time                          9.380    
                         arrival time                          -7.481    
  -------------------------------------------------------------------
                         slack                                  1.899    





Min Delay Paths
--------------------------------------------------------------------------------------
Slack (MET) :             0.106ns  (arrival time - required time)
  Source:                 ddr_inst/inst/u_ddr4_mem_intfc/u_ddr_cal_top/sample_gts_reg/C
                            (rising edge-triggered cell FDRE clocked by mmcm_clkout0  {rise@0.000ns fall@1.666ns period=3.332ns})
  Destination:            ddr_inst/inst/u_ddr4_mem_intfc/u_ddr_cal_riu/sample_gts_riu_reg/D
                            (rising edge-triggered cell FDRE clocked by mmcm_clkout6  {rise@0.000ns fall@3.332ns period=6.664ns})
  Path Group:             mmcm_clkout6
  Path Type:              Hold (Min at Fast Process Corner)
  Requirement:            0.000ns  (mmcm_clkout6 rise@0.000ns - mmcm_clkout0 rise@0.000ns)
  Data Path Delay:        0.483ns  (logic 0.038ns (7.867%)  route 0.445ns (92.132%))
  Logic Levels:           0  
  Clock Path Skew:        0.154ns (DCD - SCD - CPR)
    Destination Clock Delay (DCD):    1.846ns
    Source Clock Delay      (SCD):    2.061ns
    Clock Pessimism Removal (CPR):    -0.369ns
  Clock Uncertainty:      0.176ns  ((TSJ^2 + DJ^2)^1/2) / 2 + PE
    Total System Jitter     (TSJ):    0.071ns
    Discrete Jitter          (DJ):    0.088ns
    Phase Error              (PE):    0.120ns
  Clock Net Delay (Source):      1.046ns (routing 0.349ns, distribution 0.697ns)
  Clock Net Delay (Destination): 1.168ns (routing 0.387ns, distribution 0.781ns)

    Location             Delay type                Incr(ns)  Path(ns)    Netlist Resource(s)
  -------------------------------------------------------------------    -------------------
                         (clock mmcm_clkout0 rise edge)
                                                      0.000     0.000 r  
    G13                                               0.000     0.000 r  c0_sys_clk_p (IN)
                         net (fo=0)                   0.079     0.079    ddr_inst/inst/u_ddr4_mem_intfc/u_mig_ddr4_phy/inst/u_ddr4_phy_pll/diff_input_clk.u_ibufg_sys_clk/I
    HPIOBDIFFINBUF_X0Y108
                         DIFFINBUF (Prop_DIFFINBUF_HPIOBDIFFINBUF_DIFF_IN_P_O)
                                                      0.308     0.387 r  ddr_inst/inst/u_ddr4_mem_intfc/u_mig_ddr4_phy/inst/u_ddr4_phy_pll/diff_input_clk.u_ibufg_sys_clk/DIFFINBUF_INST/O
                         net (fo=1, routed)           0.040     0.427    ddr_inst/inst/u_ddr4_mem_intfc/u_mig_ddr4_phy/inst/u_ddr4_phy_pll/diff_input_clk.u_ibufg_sys_clk/OUT
    G13                  IBUFCTRL (Prop_IBUFCTRL_HPIOB_M_I_O)
                                                      0.000     0.427 r  ddr_inst/inst/u_ddr4_mem_intfc/u_mig_ddr4_phy/inst/u_ddr4_phy_pll/diff_input_clk.u_ibufg_sys_clk/IBUFCTRL_INST/O
                         net (fo=2, routed)           0.196     0.623    ddr_inst/inst/u_ddr4_infrastructure/mmcm_clk_in
    MMCM_X0Y4            MMCME4_ADV (Prop_MMCM_CLKIN1_CLKOUT0)
                                                      0.230     0.853 r  ddr_inst/inst/u_ddr4_infrastructure/gen_mmcme4.u_mmcme_adv_inst/CLKOUT0
                         net (fo=1, routed)           0.146     0.999    ddr_inst/inst/u_ddr4_infrastructure/mmcm_clkout0
    BUFGCE_X0Y118        BUFGCE (Prop_BUFCE_BUFGCE_I_O)
                                                      0.017     1.016 r  ddr_inst/inst/u_ddr4_infrastructure/u_bufg_divClk/O
    X4Y5 (CLOCK_ROOT)    net (fo=50918, routed)       1.046     2.061    ddr_inst/inst/u_ddr4_mem_intfc/u_ddr_cal_top/dReg_reg[10]
    SLICE_X82Y229        FDRE                                         r  ddr_inst/inst/u_ddr4_mem_intfc/u_ddr_cal_top/sample_gts_reg/C
  -------------------------------------------------------------------    -------------------
    SLICE_X82Y229        FDRE (Prop_BFF_SLICEM_C_Q)
                                                      0.038     2.099 r  ddr_inst/inst/u_ddr4_mem_intfc/u_ddr_cal_top/sample_gts_reg/Q
                         net (fo=1, routed)           0.445     2.544    ddr_inst/inst/u_ddr4_mem_intfc/u_ddr_cal_riu/sample_gts
    SLICE_X82Y225        FDRE                                         r  ddr_inst/inst/u_ddr4_mem_intfc/u_ddr_cal_riu/sample_gts_riu_reg/D
  -------------------------------------------------------------------    -------------------

                         (clock mmcm_clkout6 rise edge)
                                                      0.000     0.000 r  
    G13                                               0.000     0.000 r  c0_sys_clk_p (IN)
                         net (fo=0)                   0.100     0.100    ddr_inst/inst/u_ddr4_mem_intfc/u_mig_ddr4_phy/inst/u_ddr4_phy_pll/diff_input_clk.u_ibufg_sys_clk/I
    HPIOBDIFFINBUF_X0Y108
                         DIFFINBUF (Prop_DIFFINBUF_HPIOBDIFFINBUF_DIFF_IN_P_O)
                                                      0.406     0.506 r  ddr_inst/inst/u_ddr4_mem_intfc/u_mig_ddr4_phy/inst/u_ddr4_phy_pll/diff_input_clk.u_ibufg_sys_clk/DIFFINBUF_INST/O
                         net (fo=1, routed)           0.050     0.556    ddr_inst/inst/u_ddr4_mem_intfc/u_mig_ddr4_phy/inst/u_ddr4_phy_pll/diff_input_clk.u_ibufg_sys_clk/OUT
    G13                  IBUFCTRL (Prop_IBUFCTRL_HPIOB_M_I_O)
                                                      0.000     0.556 r  ddr_inst/inst/u_ddr4_mem_intfc/u_mig_ddr4_phy/inst/u_ddr4_phy_pll/diff_input_clk.u_ibufg_sys_clk/IBUFCTRL_INST/O
                         net (fo=2, routed)           0.222     0.778    ddr_inst/inst/u_ddr4_infrastructure/mmcm_clk_in
    MMCM_X0Y4            MMCME4_ADV (Prop_MMCM_CLKIN1_CLKOUT6)
                                                     -0.295     0.483 r  ddr_inst/inst/u_ddr4_infrastructure/gen_mmcme4.u_mmcme_adv_inst/CLKOUT6
                         net (fo=1, routed)           0.176     0.659    ddr_inst/inst/u_ddr4_infrastructure/mmcm_clkout6
    BUFGCE_X0Y116        BUFGCE (Prop_BUFCE_BUFGCE_I_O)
                                                      0.019     0.678 r  ddr_inst/inst/u_ddr4_infrastructure/u_bufg_riuClk/O
    X4Y5 (CLOCK_ROOT)    net (fo=1761, routed)        1.168     1.846    ddr_inst/inst/u_ddr4_mem_intfc/u_ddr_cal_riu/CLK
    SLICE_X82Y225        FDRE                                         r  ddr_inst/inst/u_ddr4_mem_intfc/u_ddr_cal_riu/sample_gts_riu_reg/C
                         clock pessimism              0.369     2.216    
                         clock uncertainty            0.176     2.392    
    SLICE_X82Y225        FDRE (Hold_FFF_SLICEM_C_D)
                                                      0.046     2.438    ddr_inst/inst/u_ddr4_mem_intfc/u_ddr_cal_riu/sample_gts_riu_reg
  -------------------------------------------------------------------
                         required time                         -2.438    
                         arrival time                           2.544    
  -------------------------------------------------------------------
                         slack                                  0.106    





---------------------------------------------------------------------------------------------------
From Clock:  mmcm_clkout5
  To Clock:  clk_100_mmcm

Setup :            0  Failing Endpoints,  Worst Slack      999.541ns,  Total Violation        0.000ns
Hold  :           NA  Failing Endpoints,  Worst Slack           NA  ,  Total Violation           NA
---------------------------------------------------------------------------------------------------


Max Delay Paths
--------------------------------------------------------------------------------------
Slack (MET) :             999.541ns  (required time - arrival time)
  Source:                 jtag_lite/inst/jtag_axi_engine_u/rx_fifo_i/inst_fifo_gen/gconvfifo.rf/grf.rf/gntv_or_sync_fifo.gcx.clkx/rd_pntr_cdc_inst/src_gray_ff_reg[3]/C
                            (rising edge-triggered cell FDRE clocked by mmcm_clkout5  {rise@0.000ns fall@6.664ns period=13.328ns})
  Destination:            jtag_lite/inst/jtag_axi_engine_u/rx_fifo_i/inst_fifo_gen/gconvfifo.rf/grf.rf/gntv_or_sync_fifo.gcx.clkx/rd_pntr_cdc_inst/dest_graysync_ff_reg[0][3]/D
                            (rising edge-triggered cell FDRE clocked by clk_100_mmcm  {rise@0.000ns fall@5.000ns period=10.000ns})
  Path Group:             clk_100_mmcm
  Path Type:              Setup (Max at Slow Process Corner)
  Requirement:            1000.000ns  (MaxDelay Path 1000.000ns)
  Data Path Delay:        0.484ns  (logic 0.078ns (16.116%)  route 0.406ns (83.884%))
  Logic Levels:           0  
  Timing Exception:       MaxDelay Path 1000.000ns -datapath_only

    Location             Delay type                Incr(ns)  Path(ns)    Netlist Resource(s)
  -------------------------------------------------------------------    -------------------
    SLICE_X75Y419                                     0.000     0.000 r  jtag_lite/inst/jtag_axi_engine_u/rx_fifo_i/inst_fifo_gen/gconvfifo.rf/grf.rf/gntv_or_sync_fifo.gcx.clkx/rd_pntr_cdc_inst/src_gray_ff_reg[3]/C
    SLICE_X75Y419        FDRE (Prop_HFF2_SLICEM_C_Q)
                                                      0.078     0.078 r  jtag_lite/inst/jtag_axi_engine_u/rx_fifo_i/inst_fifo_gen/gconvfifo.rf/grf.rf/gntv_or_sync_fifo.gcx.clkx/rd_pntr_cdc_inst/src_gray_ff_reg[3]/Q
                         net (fo=1, routed)           0.406     0.484    jtag_lite/inst/jtag_axi_engine_u/rx_fifo_i/inst_fifo_gen/gconvfifo.rf/grf.rf/gntv_or_sync_fifo.gcx.clkx/rd_pntr_cdc_inst/async_path[3]
    SLICE_X75Y419        FDRE                                         r  jtag_lite/inst/jtag_axi_engine_u/rx_fifo_i/inst_fifo_gen/gconvfifo.rf/grf.rf/gntv_or_sync_fifo.gcx.clkx/rd_pntr_cdc_inst/dest_graysync_ff_reg[0][3]/D
  -------------------------------------------------------------------    -------------------

                         max delay                 1000.000  1000.000    
    SLICE_X75Y419        FDRE (Setup_CFF2_SLICEM_C_D)
                                                      0.025  1000.025    jtag_lite/inst/jtag_axi_engine_u/rx_fifo_i/inst_fifo_gen/gconvfifo.rf/grf.rf/gntv_or_sync_fifo.gcx.clkx/rd_pntr_cdc_inst/dest_graysync_ff_reg[0][3]
  -------------------------------------------------------------------
                         required time                       1000.025    
                         arrival time                          -0.484    
  -------------------------------------------------------------------
                         slack                                999.541    





---------------------------------------------------------------------------------------------------
From Clock:  clk_200_mmcm
  To Clock:  clk_100_mmcm

Setup :            0  Failing Endpoints,  Worst Slack        3.850ns,  Total Violation        0.000ns
Hold  :           NA  Failing Endpoints,  Worst Slack           NA  ,  Total Violation           NA
---------------------------------------------------------------------------------------------------


Max Delay Paths
--------------------------------------------------------------------------------------
Slack (MET) :             3.850ns  (required time - arrival time)
  Source:                 ernic_inst/inst/u_xpm_fifo_axil_wrap/xpm_fifo_axil_inst/axi_read_addr_channel.xpm_fifo_base_rach_dut/gen_cdc_pntr.rd_pntr_cdc_inst/src_gray_ff_reg[0]/C
                            (rising edge-triggered cell FDRE clocked by clk_200_mmcm  {rise@0.000ns fall@2.500ns period=5.000ns})
  Destination:            ernic_inst/inst/u_xpm_fifo_axil_wrap/xpm_fifo_axil_inst/axi_read_addr_channel.xpm_fifo_base_rach_dut/gen_cdc_pntr.rd_pntr_cdc_inst/dest_graysync_ff_reg[0][0]/D
                            (rising edge-triggered cell FDRE clocked by clk_100_mmcm  {rise@0.000ns fall@5.000ns period=10.000ns})
  Path Group:             clk_100_mmcm
  Path Type:              Setup (Max at Slow Process Corner)
  Requirement:            5.000ns  (MaxDelay Path 5.000ns)
  Data Path Delay:        1.175ns  (logic 0.079ns (6.723%)  route 1.096ns (93.277%))
  Logic Levels:           0  
  Timing Exception:       MaxDelay Path 5.000ns -datapath_only

    Location             Delay type                Incr(ns)  Path(ns)    Netlist Resource(s)
  -------------------------------------------------------------------    -------------------
    SLICE_X87Y185                                     0.000     0.000 r  ernic_inst/inst/u_xpm_fifo_axil_wrap/xpm_fifo_axil_inst/axi_read_addr_channel.xpm_fifo_base_rach_dut/gen_cdc_pntr.rd_pntr_cdc_inst/src_gray_ff_reg[0]/C
    SLICE_X87Y185        FDRE (Prop_HFF_SLICEM_C_Q)
                                                      0.079     0.079 r  ernic_inst/inst/u_xpm_fifo_axil_wrap/xpm_fifo_axil_inst/axi_read_addr_channel.xpm_fifo_base_rach_dut/gen_cdc_pntr.rd_pntr_cdc_inst/src_gray_ff_reg[0]/Q
                         net (fo=1, routed)           1.096     1.175    ernic_inst/inst/u_xpm_fifo_axil_wrap/xpm_fifo_axil_inst/axi_read_addr_channel.xpm_fifo_base_rach_dut/gen_cdc_pntr.rd_pntr_cdc_inst/async_path[0]
    SLICE_X81Y175        FDRE                                         r  ernic_inst/inst/u_xpm_fifo_axil_wrap/xpm_fifo_axil_inst/axi_read_addr_channel.xpm_fifo_base_rach_dut/gen_cdc_pntr.rd_pntr_cdc_inst/dest_graysync_ff_reg[0][0]/D
  -------------------------------------------------------------------    -------------------

                         max delay                    5.000     5.000    
    SLICE_X81Y175        FDRE (Setup_HFF2_SLICEL_C_D)
                                                      0.025     5.025    ernic_inst/inst/u_xpm_fifo_axil_wrap/xpm_fifo_axil_inst/axi_read_addr_channel.xpm_fifo_base_rach_dut/gen_cdc_pntr.rd_pntr_cdc_inst/dest_graysync_ff_reg[0][0]
  -------------------------------------------------------------------
                         required time                          5.025    
                         arrival time                          -1.175    
  -------------------------------------------------------------------
                         slack                                  3.850    





---------------------------------------------------------------------------------------------------
From Clock:  mmcm_clkout0
  To Clock:  clk_200_mmcm

Setup :            0  Failing Endpoints,  Worst Slack        2.093ns,  Total Violation        0.000ns
Hold  :           NA  Failing Endpoints,  Worst Slack           NA  ,  Total Violation           NA
---------------------------------------------------------------------------------------------------


Max Delay Paths
--------------------------------------------------------------------------------------
Slack (MET) :             2.093ns  (required time - arrival time)
  Source:                 ddr_ic/inst/axi_interconnect_inst/si_converter_bank/gen_conv_slot[4].clock_conv_inst/gen_async_readwrite.asyncfifo_rw/inst_fifo_gen/gaxi_full_lite.gwrite_ch.gwdch2.axi_wdch/grf.rf/gntv_or_sync_fifo.gcx.clkx/rd_pntr_cdc_inst/src_gray_ff_reg[4]/C
                            (rising edge-triggered cell FDRE clocked by mmcm_clkout0  {rise@0.000ns fall@1.666ns period=3.332ns})
  Destination:            ddr_ic/inst/axi_interconnect_inst/si_converter_bank/gen_conv_slot[4].clock_conv_inst/gen_async_readwrite.asyncfifo_rw/inst_fifo_gen/gaxi_full_lite.gwrite_ch.gwdch2.axi_wdch/grf.rf/gntv_or_sync_fifo.gcx.clkx/rd_pntr_cdc_inst/dest_graysync_ff_reg[0][4]/D
                            (rising edge-triggered cell FDRE clocked by clk_200_mmcm  {rise@0.000ns fall@2.500ns period=5.000ns})
  Path Group:             clk_200_mmcm
  Path Type:              Setup (Max at Slow Process Corner)
  Requirement:            3.332ns  (MaxDelay Path 3.332ns)
  Data Path Delay:        1.264ns  (logic 0.077ns (6.092%)  route 1.187ns (93.908%))
  Logic Levels:           0  
  Timing Exception:       MaxDelay Path 3.332ns -datapath_only

    Location             Delay type                Incr(ns)  Path(ns)    Netlist Resource(s)
  -------------------------------------------------------------------    -------------------
    SLICE_X79Y353                                     0.000     0.000 r  ddr_ic/inst/axi_interconnect_inst/si_converter_bank/gen_conv_slot[4].clock_conv_inst/gen_async_readwrite.asyncfifo_rw/inst_fifo_gen/gaxi_full_lite.gwrite_ch.gwdch2.axi_wdch/grf.rf/gntv_or_sync_fifo.gcx.clkx/rd_pntr_cdc_inst/src_gray_ff_reg[4]/C
    SLICE_X79Y353        FDRE (Prop_CFF2_SLICEM_C_Q)
                                                      0.077     0.077 r  ddr_ic/inst/axi_interconnect_inst/si_converter_bank/gen_conv_slot[4].clock_conv_inst/gen_async_readwrite.asyncfifo_rw/inst_fifo_gen/gaxi_full_lite.gwrite_ch.gwdch2.axi_wdch/grf.rf/gntv_or_sync_fifo.gcx.clkx/rd_pntr_cdc_inst/src_gray_ff_reg[4]/Q
                         net (fo=1, routed)           1.187     1.264    ddr_ic/inst/axi_interconnect_inst/si_converter_bank/gen_conv_slot[4].clock_conv_inst/gen_async_readwrite.asyncfifo_rw/inst_fifo_gen/gaxi_full_lite.gwrite_ch.gwdch2.axi_wdch/grf.rf/gntv_or_sync_fifo.gcx.clkx/rd_pntr_cdc_inst/async_path[4]
    SLICE_X79Y353        FDRE                                         r  ddr_ic/inst/axi_interconnect_inst/si_converter_bank/gen_conv_slot[4].clock_conv_inst/gen_async_readwrite.asyncfifo_rw/inst_fifo_gen/gaxi_full_lite.gwrite_ch.gwdch2.axi_wdch/grf.rf/gntv_or_sync_fifo.gcx.clkx/rd_pntr_cdc_inst/dest_graysync_ff_reg[0][4]/D
  -------------------------------------------------------------------    -------------------

                         max delay                    3.332     3.332    
    SLICE_X79Y353        FDRE (Setup_GFF2_SLICEM_C_D)
                                                      0.025     3.357    ddr_ic/inst/axi_interconnect_inst/si_converter_bank/gen_conv_slot[4].clock_conv_inst/gen_async_readwrite.asyncfifo_rw/inst_fifo_gen/gaxi_full_lite.gwrite_ch.gwdch2.axi_wdch/grf.rf/gntv_or_sync_fifo.gcx.clkx/rd_pntr_cdc_inst/dest_graysync_ff_reg[0][4]
  -------------------------------------------------------------------
                         required time                          3.357    
                         arrival time                          -1.264    
  -------------------------------------------------------------------
                         slack                                  2.093    





---------------------------------------------------------------------------------------------------
From Clock:  mmcm_clkout5
  To Clock:  clk_200_mmcm

Setup :            0  Failing Endpoints,  Worst Slack      999.433ns,  Total Violation        0.000ns
Hold  :           NA  Failing Endpoints,  Worst Slack           NA  ,  Total Violation           NA
---------------------------------------------------------------------------------------------------


Max Delay Paths
--------------------------------------------------------------------------------------
Slack (MET) :             999.433ns  (required time - arrival time)
  Source:                 jtag_mem/inst/jtag_axi_engine_u/rx_fifo_i/inst_fifo_gen/gconvfifo.rf/grf.rf/gntv_or_sync_fifo.gcx.clkx/rd_pntr_cdc_inst/src_gray_ff_reg[5]/C
                            (rising edge-triggered cell FDRE clocked by mmcm_clkout5  {rise@0.000ns fall@6.664ns period=13.328ns})
  Destination:            jtag_mem/inst/jtag_axi_engine_u/rx_fifo_i/inst_fifo_gen/gconvfifo.rf/grf.rf/gntv_or_sync_fifo.gcx.clkx/rd_pntr_cdc_inst/dest_graysync_ff_reg[0][5]/D
                            (rising edge-triggered cell FDRE clocked by clk_200_mmcm  {rise@0.000ns fall@2.500ns period=5.000ns})
  Path Group:             clk_200_mmcm
  Path Type:              Setup (Max at Slow Process Corner)
  Requirement:            1000.000ns  (MaxDelay Path 1000.000ns)
  Data Path Delay:        0.592ns  (logic 0.080ns (13.514%)  route 0.512ns (86.486%))
  Logic Levels:           0  
  Timing Exception:       MaxDelay Path 1000.000ns -datapath_only

    Location             Delay type                Incr(ns)  Path(ns)    Netlist Resource(s)
  -------------------------------------------------------------------    -------------------
    SLICE_X9Y352                                      0.000     0.000 r  jtag_mem/inst/jtag_axi_engine_u/rx_fifo_i/inst_fifo_gen/gconvfifo.rf/grf.rf/gntv_or_sync_fifo.gcx.clkx/rd_pntr_cdc_inst/src_gray_ff_reg[5]/C
    SLICE_X9Y352         FDRE (Prop_CFF2_SLICEL_C_Q)
                                                      0.080     0.080 r  jtag_mem/inst/jtag_axi_engine_u/rx_fifo_i/inst_fifo_gen/gconvfifo.rf/grf.rf/gntv_or_sync_fifo.gcx.clkx/rd_pntr_cdc_inst/src_gray_ff_reg[5]/Q
                         net (fo=1, routed)           0.512     0.592    jtag_mem/inst/jtag_axi_engine_u/rx_fifo_i/inst_fifo_gen/gconvfifo.rf/grf.rf/gntv_or_sync_fifo.gcx.clkx/rd_pntr_cdc_inst/async_path[5]
    SLICE_X8Y351         FDRE                                         r  jtag_mem/inst/jtag_axi_engine_u/rx_fifo_i/inst_fifo_gen/gconvfifo.rf/grf.rf/gntv_or_sync_fifo.gcx.clkx/rd_pntr_cdc_inst/dest_graysync_ff_reg[0][5]/D
  -------------------------------------------------------------------    -------------------

                         max delay                 1000.000  1000.000    
    SLICE_X8Y351         FDRE (Setup_DFF2_SLICEM_C_D)
                                                      0.025  1000.025    jtag_mem/inst/jtag_axi_engine_u/rx_fifo_i/inst_fifo_gen/gconvfifo.rf/grf.rf/gntv_or_sync_fifo.gcx.clkx/rd_pntr_cdc_inst/dest_graysync_ff_reg[0][5]
  -------------------------------------------------------------------
                         required time                       1000.025    
                         arrival time                          -0.592    
  -------------------------------------------------------------------
                         slack                                999.433    





---------------------------------------------------------------------------------------------------
From Clock:  clk_100_mmcm
  To Clock:  clk_200_mmcm

Setup :            0  Failing Endpoints,  Worst Slack        2.548ns,  Total Violation        0.000ns
Hold  :            0  Failing Endpoints,  Worst Slack        0.539ns,  Total Violation        0.000ns
---------------------------------------------------------------------------------------------------


Max Delay Paths
--------------------------------------------------------------------------------------
Slack (MET) :             2.548ns  (required time - arrival time)
  Source:                 ernic_inst/inst/arbitrationloss/ARBGEN1.arb_6q_reg/C
                            (rising edge-triggered cell FDRE clocked by clk_100_mmcm  {rise@0.000ns fall@5.000ns period=10.000ns})
  Destination:            ernic_inst/inst/arbitrationloss/ARBGEN1.s_axi_lite_aresetn_sync_reg/D
                            (rising edge-triggered cell FDRE clocked by clk_200_mmcm  {rise@0.000ns fall@2.500ns period=5.000ns})
  Path Group:             clk_200_mmcm
  Path Type:              Setup (Max at Slow Process Corner)
  Requirement:            5.000ns  (clk_200_mmcm rise@5.000ns - clk_100_mmcm rise@0.000ns)
  Data Path Delay:        1.931ns  (logic 0.080ns (4.143%)  route 1.851ns (95.857%))
  Logic Levels:           0  
  Clock Path Skew:        -0.353ns (DCD - SCD + CPR)
    Destination Clock Delay (DCD):    4.317ns = ( 9.317 - 5.000 ) 
    Source Clock Delay      (SCD):    4.107ns
    Clock Pessimism Removal (CPR):    -0.563ns
  Clock Uncertainty:      0.194ns  ((TSJ^2 + DJ^2)^1/2) / 2 + PE
    Total System Jitter     (TSJ):    0.071ns
    Discrete Jitter          (DJ):    0.129ns
    Phase Error              (PE):    0.120ns
  Clock Net Delay (Source):      2.791ns (routing 1.399ns, distribution 1.392ns)
  Clock Net Delay (Destination): 2.479ns (routing 1.231ns, distribution 1.248ns)

    Location             Delay type                Incr(ns)  Path(ns)    Netlist Resource(s)
  -------------------------------------------------------------------    -------------------
                         (clock clk_100_mmcm rise edge)
                                                      0.000     0.000 r  
    AM15                                              0.000     0.000 r  clk_p (IN)
                         net (fo=0)                   0.100     0.100    clk_in_ibufds/I
    HPIOBDIFFINBUF_X0Y10 DIFFINBUF (Prop_DIFFINBUF_HPIOBDIFFINBUF_DIFF_IN_P_O)
                                                      0.617     0.717 r  clk_in_ibufds/DIFFINBUF_INST/O
                         net (fo=1, routed)           0.050     0.767    clk_in_ibufds/OUT
    AM15                 IBUFCTRL (Prop_IBUFCTRL_HPIOB_M_I_O)
                                                      0.000     0.767 r  clk_in_ibufds/IBUFCTRL_INST/O
                         net (fo=1, routed)           0.397     1.164    clk_in
    MMCM_X0Y0            MMCME4_ADV (Prop_MMCM_CLKIN1_CLKOUT1)
                                                     -0.127     1.037 r  clk_mmcm/CLKOUT1
                         net (fo=1, routed)           0.251     1.288    clk_100_mmcm
    BUFGCE_X0Y3          BUFGCE (Prop_BUFCE_BUFGCE_I_O)
                                                      0.028     1.316 r  clk_100_bufg/O
    X3Y4 (CLOCK_ROOT)    net (fo=1021, routed)        2.791     4.107    ernic_inst/inst/arbitrationloss/s_axi_lite_aclk
    SLICE_X74Y205        FDRE                                         r  ernic_inst/inst/arbitrationloss/ARBGEN1.arb_6q_reg/C
  -------------------------------------------------------------------    -------------------
    SLICE_X74Y205        FDRE (Prop_HFF2_SLICEL_C_Q)
                                                      0.080     4.187 r  ernic_inst/inst/arbitrationloss/ARBGEN1.arb_6q_reg/Q
                         net (fo=2, routed)           1.851     6.038    ernic_inst/inst/arbitrationloss/s_axi_lite_aresetn_1
    SLICE_X62Y208        FDRE                                         r  ernic_inst/inst/arbitrationloss/ARBGEN1.s_axi_lite_aresetn_sync_reg/D
  -------------------------------------------------------------------    -------------------

                         (clock clk_200_mmcm rise edge)
                                                      5.000     5.000 r  
    AM15                                              0.000     5.000 r  clk_p (IN)
                         net (fo=0)                   0.079     5.079    clk_in_ibufds/I
    HPIOBDIFFINBUF_X0Y10 DIFFINBUF (Prop_DIFFINBUF_HPIOBDIFFINBUF_DIFF_IN_P_O)
                                                      0.507     5.586 r  clk_in_ibufds/DIFFINBUF_INST/O
                         net (fo=1, routed)           0.040     5.626    clk_in_ibufds/OUT
    AM15                 IBUFCTRL (Prop_IBUFCTRL_HPIOB_M_I_O)
                                                      0.000     5.626 r  clk_in_ibufds/IBUFCTRL_INST/O
                         net (fo=1, routed)           0.344     5.970    clk_in
    MMCM_X0Y0            MMCME4_ADV (Prop_MMCM_CLKIN1_CLKOUT0)
                                                      0.630     6.600 r  clk_mmcm/CLKOUT0
                         net (fo=1, routed)           0.215     6.815    clk_200_mmcm
    BUFGCE_X0Y9          BUFGCE (Prop_BUFCE_BUFGCE_I_O)
                                                      0.024     6.839 r  clk_200_bufg/O
    X2Y3 (CLOCK_ROOT)    net (fo=57585, routed)       2.479     9.317    ernic_inst/inst/arbitrationloss/m_axi_aclk
    SLICE_X62Y208        FDRE                                         r  ernic_inst/inst/arbitrationloss/ARBGEN1.s_axi_lite_aresetn_sync_reg/C
                         clock pessimism             -0.563     8.754    
                         clock uncertainty           -0.194     8.561    
    SLICE_X62Y208        FDRE (Setup_EFF_SLICEL_C_D)
                                                      0.025     8.586    ernic_inst/inst/arbitrationloss/ARBGEN1.s_axi_lite_aresetn_sync_reg
  -------------------------------------------------------------------
                         required time                          8.586    
                         arrival time                          -6.038    
  -------------------------------------------------------------------
                         slack                                  2.548    





Min Delay Paths
--------------------------------------------------------------------------------------
Slack (MET) :             0.539ns  (arrival time - required time)
  Source:                 ernic_inst/inst/arbitrationloss/ARBGEN1.arb_6q_reg/C
                            (rising edge-triggered cell FDRE clocked by clk_100_mmcm  {rise@0.000ns fall@5.000ns period=10.000ns})
  Destination:            ernic_inst/inst/arbitrationloss/ARBGEN1.s_axi_lite_aresetn_sync_reg/D
                            (rising edge-triggered cell FDRE clocked by clk_200_mmcm  {rise@0.000ns fall@2.500ns period=5.000ns})
  Path Group:             clk_200_mmcm
  Path Type:              Hold (Min at Fast Process Corner)
  Requirement:            0.000ns  (clk_200_mmcm rise@0.000ns - clk_100_mmcm rise@0.000ns)
  Data Path Delay:        0.966ns  (logic 0.039ns (4.039%)  route 0.927ns (95.961%))
  Logic Levels:           0  
  Clock Path Skew:        0.187ns (DCD - SCD - CPR)
    Destination Clock Delay (DCD):    2.361ns
    Source Clock Delay      (SCD):    2.536ns
    Clock Pessimism Removal (CPR):    -0.362ns
  Clock Uncertainty:      0.194ns  ((TSJ^2 + DJ^2)^1/2) / 2 + PE
    Total System Jitter     (TSJ):    0.071ns
    Discrete Jitter          (DJ):    0.129ns
    Phase Error              (PE):    0.120ns
  Clock Net Delay (Source):      1.536ns (routing 0.768ns, distribution 0.768ns)
  Clock Net Delay (Destination): 1.703ns (routing 0.826ns, distribution 0.877ns)

    Location             Delay type                Incr(ns)  Path(ns)    Netlist Resource(s)
  -------------------------------------------------------------------    -------------------
                         (clock clk_100_mmcm rise edge)
                                                      0.000     0.000 r  
    AM15                                              0.000     0.000 r  clk_p (IN)
                         net (fo=0)                   0.079     0.079    clk_in_ibufds/I
    HPIOBDIFFINBUF_X0Y10 DIFFINBUF (Prop_DIFFINBUF_HPIOBDIFFINBUF_DIFF_IN_P_O)
                                                      0.283     0.362 r  clk_in_ibufds/DIFFINBUF_INST/O
                         net (fo=1, routed)           0.040     0.402    clk_in_ibufds/OUT
    AM15                 IBUFCTRL (Prop_IBUFCTRL_HPIOB_M_I_O)
                                                      0.000     0.402 r  clk_in_ibufds/IBUFCTRL_INST/O
                         net (fo=1, routed)           0.203     0.605    clk_in
    MMCM_X0Y0            MMCME4_ADV (Prop_MMCM_CLKIN1_CLKOUT1)
                                                      0.230     0.835 r  clk_mmcm/CLKOUT1
                         net (fo=1, routed)           0.149     0.984    clk_100_mmcm
    BUFGCE_X0Y3          BUFGCE (Prop_BUFCE_BUFGCE_I_O)
                                                      0.017     1.001 r  clk_100_bufg/O
    X3Y4 (CLOCK_ROOT)    net (fo=1021, routed)        1.536     2.536    ernic_inst/inst/arbitrationloss/s_axi_lite_aclk
    SLICE_X74Y205        FDRE                                         r  ernic_inst/inst/arbitrationloss/ARBGEN1.arb_6q_reg/C
  -------------------------------------------------------------------    -------------------
    SLICE_X74Y205        FDRE (Prop_HFF2_SLICEL_C_Q)
                                                      0.039     2.575 r  ernic_inst/inst/arbitrationloss/ARBGEN1.arb_6q_reg/Q
                         net (fo=2, routed)           0.927     3.502    ernic_inst/inst/arbitrationloss/s_axi_lite_aresetn_1
    SLICE_X62Y208        FDRE                                         r  ernic_inst/inst/arbitrationloss/ARBGEN1.s_axi_lite_aresetn_sync_reg/D
  -------------------------------------------------------------------    -------------------

                         (clock clk_200_mmcm rise edge)
                                                      0.000     0.000 r  
    AM15                                              0.000     0.000 r  clk_p (IN)
                         net (fo=0)                   0.100     0.100    clk_in_ibufds/I
    HPIOBDIFFINBUF_X0Y10 DIFFINBUF (Prop_DIFFINBUF_HPIOBDIFFINBUF_DIFF_IN_P_O)
                                                      0.388     0.488 r  clk_in_ibufds/DIFFINBUF_INST/O
                         net (fo=1, routed)           0.050     0.538    clk_in_ibufds/OUT
    AM15                 IBUFCTRL (Prop_IBUFCTRL_HPIOB_M_I_O)
                                                      0.000     0.538 r  clk_in_ibufds/IBUFCTRL_INST/O
                         net (fo=1, routed)           0.230     0.768    clk_in
    MMCM_X0Y0            MMCME4_ADV (Prop_MMCM_CLKIN1_CLKOUT0)
                                                     -0.295     0.473 r  clk_mmcm/CLKOUT0
                         net (fo=1, routed)           0.166     0.639    clk_200_mmcm
    BUFGCE_X0Y9          BUFGCE (Prop_BUFCE_BUFGCE_I_O)
                                                      0.019     0.658 r  clk_200_bufg/O
    X2Y3 (CLOCK_ROOT)    net (fo=57585, routed)       1.703     2.361    ernic_inst/inst/arbitrationloss/m_axi_aclk
    SLICE_X62Y208        FDRE                                         r  ernic_inst/inst/arbitrationloss/ARBGEN1.s_axi_lite_aresetn_sync_reg/C
                         clock pessimism              0.362     2.723    
                         clock uncertainty            0.194     2.917    
    SLICE_X62Y208        FDRE (Hold_EFF_SLICEL_C_D)
                                                      0.046     2.963    ernic_inst/inst/arbitrationloss/ARBGEN1.s_axi_lite_aresetn_sync_reg
  -------------------------------------------------------------------
                         required time                         -2.963    
                         arrival time                           3.502    
  -------------------------------------------------------------------
                         slack                                  0.539    





---------------------------------------------------------------------------------------------------
From Clock:  txoutclk_out[0]
  To Clock:  clk_200_mmcm

Setup :            0  Failing Endpoints,  Worst Slack        2.505ns,  Total Violation        0.000ns
Hold  :           NA  Failing Endpoints,  Worst Slack           NA  ,  Total Violation           NA
---------------------------------------------------------------------------------------------------


Max Delay Paths
--------------------------------------------------------------------------------------
Slack (MET) :             2.505ns  (required time - arrival time)
  Source:                 roce_fifo/wr_ptr_sync_gray_reg_reg[4]/C
                            (rising edge-triggered cell FDRE clocked by txoutclk_out[0]  {rise@0.000ns fall@1.552ns period=3.103ns})
  Destination:            roce_fifo/wr_ptr_gray_sync1_reg_reg[4]/D
                            (rising edge-triggered cell FDRE clocked by clk_200_mmcm  {rise@0.000ns fall@2.500ns period=5.000ns})
  Path Group:             clk_200_mmcm
  Path Type:              Setup (Max at Slow Process Corner)
  Requirement:            3.103ns  (MaxDelay Path 3.103ns)
  Data Path Delay:        0.623ns  (logic 0.079ns (12.681%)  route 0.544ns (87.319%))
  Logic Levels:           0  
  Timing Exception:       MaxDelay Path 3.103ns -datapath_only

    Location             Delay type                Incr(ns)  Path(ns)    Netlist Resource(s)
  -------------------------------------------------------------------    -------------------
    SLICE_X71Y184                                     0.000     0.000 r  roce_fifo/wr_ptr_sync_gray_reg_reg[4]/C
    SLICE_X71Y184        FDRE (Prop_DFF_SLICEL_C_Q)
                                                      0.079     0.079 r  roce_fifo/wr_ptr_sync_gray_reg_reg[4]/Q
                         net (fo=1, routed)           0.544     0.623    roce_fifo/wr_ptr_sync_gray_reg[4]
    SLICE_X70Y185        FDRE                                         r  roce_fifo/wr_ptr_gray_sync1_reg_reg[4]/D
  -------------------------------------------------------------------    -------------------

                         max delay                    3.103     3.103    
    SLICE_X70Y185        FDRE (Setup_FFF_SLICEM_C_D)
                                                      0.025     3.128    roce_fifo/wr_ptr_gray_sync1_reg_reg[4]
  -------------------------------------------------------------------
                         required time                          3.128    
                         arrival time                          -0.623    
  -------------------------------------------------------------------
                         slack                                  2.505    





---------------------------------------------------------------------------------------------------
From Clock:  clk_out2_mts_mmcm_rf_0
  To Clock:  clk_pl_0

Setup :            0  Failing Endpoints,  Worst Slack        7.416ns,  Total Violation        0.000ns
Hold  :           NA  Failing Endpoints,  Worst Slack           NA  ,  Total Violation           NA
---------------------------------------------------------------------------------------------------


Max Delay Paths
--------------------------------------------------------------------------------------
Slack (MET) :             7.416ns  (required time - arrival time)
  Source:                 rf_bd/mts_i/ctrl_interconnect/m04_couplers/auto_cc/inst/gen_clock_conv.gen_async_conv.asyncfifo_axi/inst_fifo_gen/gaxi_full_lite.gread_ch.grdch2.axi_rdch/grf.rf/gntv_or_sync_fifo.gcx.clkx/wr_pntr_cdc_inst/src_gray_ff_reg[2]/C
                            (rising edge-triggered cell FDRE clocked by clk_out2_mts_mmcm_rf_0  {rise@0.000ns fall@4.000ns period=8.000ns})
  Destination:            rf_bd/mts_i/ctrl_interconnect/m04_couplers/auto_cc/inst/gen_clock_conv.gen_async_conv.asyncfifo_axi/inst_fifo_gen/gaxi_full_lite.gread_ch.grdch2.axi_rdch/grf.rf/gntv_or_sync_fifo.gcx.clkx/wr_pntr_cdc_inst/dest_graysync_ff_reg[0][2]/D
                            (rising edge-triggered cell FDRE clocked by clk_pl_0  {rise@0.000ns fall@5.000ns period=10.000ns})
  Path Group:             clk_pl_0
  Path Type:              Setup (Max at Slow Process Corner)
  Requirement:            8.000ns  (MaxDelay Path 8.000ns)
  Data Path Delay:        0.609ns  (logic 0.076ns (12.479%)  route 0.533ns (87.521%))
  Logic Levels:           0  
  Timing Exception:       MaxDelay Path 8.000ns -datapath_only

    Location             Delay type                Incr(ns)  Path(ns)    Netlist Resource(s)
  -------------------------------------------------------------------    -------------------
    SLICE_X63Y253                                     0.000     0.000 r  rf_bd/mts_i/ctrl_interconnect/m04_couplers/auto_cc/inst/gen_clock_conv.gen_async_conv.asyncfifo_axi/inst_fifo_gen/gaxi_full_lite.gread_ch.grdch2.axi_rdch/grf.rf/gntv_or_sync_fifo.gcx.clkx/wr_pntr_cdc_inst/src_gray_ff_reg[2]/C
    SLICE_X63Y253        FDRE (Prop_EFF_SLICEM_C_Q)
                                                      0.076     0.076 r  rf_bd/mts_i/ctrl_interconnect/m04_couplers/auto_cc/inst/gen_clock_conv.gen_async_conv.asyncfifo_axi/inst_fifo_gen/gaxi_full_lite.gread_ch.grdch2.axi_rdch/grf.rf/gntv_or_sync_fifo.gcx.clkx/wr_pntr_cdc_inst/src_gray_ff_reg[2]/Q
                         net (fo=1, routed)           0.533     0.609    rf_bd/mts_i/ctrl_interconnect/m04_couplers/auto_cc/inst/gen_clock_conv.gen_async_conv.asyncfifo_axi/inst_fifo_gen/gaxi_full_lite.gread_ch.grdch2.axi_rdch/grf.rf/gntv_or_sync_fifo.gcx.clkx/wr_pntr_cdc_inst/async_path[2]
    SLICE_X63Y253        FDRE                                         r  rf_bd/mts_i/ctrl_interconnect/m04_couplers/auto_cc/inst/gen_clock_conv.gen_async_conv.asyncfifo_axi/inst_fifo_gen/gaxi_full_lite.gread_ch.grdch2.axi_rdch/grf.rf/gntv_or_sync_fifo.gcx.clkx/wr_pntr_cdc_inst/dest_graysync_ff_reg[0][2]/D
  -------------------------------------------------------------------    -------------------

                         max delay                    8.000     8.000    
    SLICE_X63Y253        FDRE (Setup_DFF2_SLICEM_C_D)
                                                      0.025     8.025    rf_bd/mts_i/ctrl_interconnect/m04_couplers/auto_cc/inst/gen_clock_conv.gen_async_conv.asyncfifo_axi/inst_fifo_gen/gaxi_full_lite.gread_ch.grdch2.axi_rdch/grf.rf/gntv_or_sync_fifo.gcx.clkx/wr_pntr_cdc_inst/dest_graysync_ff_reg[0][2]
  -------------------------------------------------------------------
                         required time                          8.025    
                         arrival time                          -0.609    
  -------------------------------------------------------------------
                         slack                                  7.416    





---------------------------------------------------------------------------------------------------
From Clock:  mmcm_clkout5
  To Clock:  dbg_hub/inst/BSCANID.u_xsdbm_id/SWITCH_N_EXT_BSCAN.bscan_inst/SERIES7_BSCAN.bscan_inst/INTERNAL_TCK

Setup :            0  Failing Endpoints,  Worst Slack       12.333ns,  Total Violation        0.000ns
Hold  :           NA  Failing Endpoints,  Worst Slack           NA  ,  Total Violation           NA
---------------------------------------------------------------------------------------------------


Max Delay Paths
--------------------------------------------------------------------------------------
Slack (MET) :             12.333ns  (required time - arrival time)
  Source:                 dbg_hub/inst/BSCANID.u_xsdbm_id/CORE_XSDB.UUT_MASTER/U_ICON_INTERFACE/U_CMD6_WR/U_WR_FIFO/SUBCORE_FIFO.xsdbm_v3_0_0_wrfifo_inst/inst_fifo_gen/gconvfifo.rf/grf.rf/gntv_or_sync_fifo.gcx.clkx/gnxpm_cdc.rd_pntr_gc_reg[1]/C
                            (rising edge-triggered cell FDCE clocked by mmcm_clkout5  {rise@0.000ns fall@6.664ns period=13.328ns})
  Destination:            dbg_hub/inst/BSCANID.u_xsdbm_id/CORE_XSDB.UUT_MASTER/U_ICON_INTERFACE/U_CMD6_WR/U_WR_FIFO/SUBCORE_FIFO.xsdbm_v3_0_0_wrfifo_inst/inst_fifo_gen/gconvfifo.rf/grf.rf/gntv_or_sync_fifo.gcx.clkx/gnxpm_cdc.gsync_stage[1].wr_stg_inst/Q_reg_reg[1]/D
                            (rising edge-triggered cell FDCE clocked by dbg_hub/inst/BSCANID.u_xsdbm_id/SWITCH_N_EXT_BSCAN.bscan_inst/SERIES7_BSCAN.bscan_inst/INTERNAL_TCK  {rise@0.000ns fall@25.000ns period=50.000ns})
  Path Group:             dbg_hub/inst/BSCANID.u_xsdbm_id/SWITCH_N_EXT_BSCAN.bscan_inst/SERIES7_BSCAN.bscan_inst/INTERNAL_TCK
  Path Type:              Setup (Max at Slow Process Corner)
  Requirement:            13.328ns  (MaxDelay Path 13.328ns)
  Data Path Delay:        1.020ns  (logic 0.080ns (7.843%)  route 0.940ns (92.157%))
  Logic Levels:           0  
  Timing Exception:       MaxDelay Path 13.328ns -datapath_only

    Location             Delay type                Incr(ns)  Path(ns)    Netlist Resource(s)
  -------------------------------------------------------------------    -------------------
    SLICE_X78Y199                                     0.000     0.000 r  dbg_hub/inst/BSCANID.u_xsdbm_id/CORE_XSDB.UUT_MASTER/U_ICON_INTERFACE/U_CMD6_WR/U_WR_FIFO/SUBCORE_FIFO.xsdbm_v3_0_0_wrfifo_inst/inst_fifo_gen/gconvfifo.rf/grf.rf/gntv_or_sync_fifo.gcx.clkx/gnxpm_cdc.rd_pntr_gc_reg[1]/C
    SLICE_X78Y199        FDCE (Prop_DFF2_SLICEM_C_Q)
                                                      0.080     0.080 r  dbg_hub/inst/BSCANID.u_xsdbm_id/CORE_XSDB.UUT_MASTER/U_ICON_INTERFACE/U_CMD6_WR/U_WR_FIFO/SUBCORE_FIFO.xsdbm_v3_0_0_wrfifo_inst/inst_fifo_gen/gconvfifo.rf/grf.rf/gntv_or_sync_fifo.gcx.clkx/gnxpm_cdc.rd_pntr_gc_reg[1]/Q
                         net (fo=1, routed)           0.940     1.020    dbg_hub/inst/BSCANID.u_xsdbm_id/CORE_XSDB.UUT_MASTER/U_ICON_INTERFACE/U_CMD6_WR/U_WR_FIFO/SUBCORE_FIFO.xsdbm_v3_0_0_wrfifo_inst/inst_fifo_gen/gconvfifo.rf/grf.rf/gntv_or_sync_fifo.gcx.clkx/gnxpm_cdc.gsync_stage[1].wr_stg_inst/Q[1]
    SLICE_X80Y194        FDCE                                         r  dbg_hub/inst/BSCANID.u_xsdbm_id/CORE_XSDB.UUT_MASTER/U_ICON_INTERFACE/U_CMD6_WR/U_WR_FIFO/SUBCORE_FIFO.xsdbm_v3_0_0_wrfifo_inst/inst_fifo_gen/gconvfifo.rf/grf.rf/gntv_or_sync_fifo.gcx.clkx/gnxpm_cdc.gsync_stage[1].wr_stg_inst/Q_reg_reg[1]/D
  -------------------------------------------------------------------    -------------------

                         max delay                   13.328    13.328    
    SLICE_X80Y194        FDCE (Setup_DFF2_SLICEL_C_D)
                                                      0.025    13.353    dbg_hub/inst/BSCANID.u_xsdbm_id/CORE_XSDB.UUT_MASTER/U_ICON_INTERFACE/U_CMD6_WR/U_WR_FIFO/SUBCORE_FIFO.xsdbm_v3_0_0_wrfifo_inst/inst_fifo_gen/gconvfifo.rf/grf.rf/gntv_or_sync_fifo.gcx.clkx/gnxpm_cdc.gsync_stage[1].wr_stg_inst/Q_reg_reg[1]
  -------------------------------------------------------------------
                         required time                         13.353    
                         arrival time                          -1.020    
  -------------------------------------------------------------------
                         slack                                 12.333    





---------------------------------------------------------------------------------------------------
From Clock:  clk_200_mmcm
  To Clock:  txoutclk_out[0]

Setup :            0  Failing Endpoints,  Worst Slack        4.450ns,  Total Violation        0.000ns
Hold  :           NA  Failing Endpoints,  Worst Slack           NA  ,  Total Violation           NA
---------------------------------------------------------------------------------------------------


Max Delay Paths
--------------------------------------------------------------------------------------
Slack (MET) :             4.450ns  (required time - arrival time)
  Source:                 roce_fifo/rd_ptr_gray_reg_reg[3]/C
                            (rising edge-triggered cell FDRE clocked by clk_200_mmcm  {rise@0.000ns fall@2.500ns period=5.000ns})
  Destination:            roce_fifo/rd_ptr_gray_sync1_reg_reg[3]/D
                            (rising edge-triggered cell FDRE clocked by txoutclk_out[0]  {rise@0.000ns fall@1.552ns period=3.103ns})
  Path Group:             txoutclk_out[0]
  Path Type:              Setup (Max at Slow Process Corner)
  Requirement:            5.000ns  (MaxDelay Path 5.000ns)
  Data Path Delay:        0.575ns  (logic 0.079ns (13.736%)  route 0.496ns (86.264%))
  Logic Levels:           0  
  Timing Exception:       MaxDelay Path 5.000ns -datapath_only

    Location             Delay type                Incr(ns)  Path(ns)    Netlist Resource(s)
  -------------------------------------------------------------------    -------------------
    SLICE_X73Y187                                     0.000     0.000 r  roce_fifo/rd_ptr_gray_reg_reg[3]/C
    SLICE_X73Y187        FDRE (Prop_HFF_SLICEL_C_Q)
                                                      0.079     0.079 r  roce_fifo/rd_ptr_gray_reg_reg[3]/Q
                         net (fo=2, routed)           0.496     0.575    roce_fifo/rd_ptr_gray_reg_reg_n_0_[3]
    SLICE_X71Y186        FDRE                                         r  roce_fifo/rd_ptr_gray_sync1_reg_reg[3]/D
  -------------------------------------------------------------------    -------------------

                         max delay                    5.000     5.000    
    SLICE_X71Y186        FDRE (Setup_DFF2_SLICEL_C_D)
                                                      0.025     5.025    roce_fifo/rd_ptr_gray_sync1_reg_reg[3]
  -------------------------------------------------------------------
                         required time                          5.025    
                         arrival time                          -0.575    
  -------------------------------------------------------------------
                         slack                                  4.450    





---------------------------------------------------------------------------------------------------
Path Group:  **async_default**
From Clock:  clk_200_mmcm
  To Clock:  clk_200_mmcm

Setup :            0  Failing Endpoints,  Worst Slack        2.487ns,  Total Violation        0.000ns
Hold  :            0  Failing Endpoints,  Worst Slack        0.103ns,  Total Violation        0.000ns
---------------------------------------------------------------------------------------------------


Max Delay Paths
--------------------------------------------------------------------------------------
Slack (MET) :             2.487ns  (required time - arrival time)
  Source:                 rst_200_sync/sync_reg_reg[3]/C
                            (rising edge-triggered cell FDPE clocked by clk_200_mmcm  {rise@0.000ns fall@2.500ns period=5.000ns})
  Destination:            roce_fifo/s_rst_sync1_reg_reg/PRE
                            (recovery check against rising-edge clock clk_200_mmcm  {rise@0.000ns fall@2.500ns period=5.000ns})
  Path Group:             **async_default**
  Path Type:              Recovery (Max at Slow Process Corner)
  Requirement:            5.000ns  (clk_200_mmcm rise@5.000ns - clk_200_mmcm rise@0.000ns)
  Data Path Delay:        2.290ns  (logic 0.081ns (3.537%)  route 2.209ns (96.463%))
  Logic Levels:           0  
  Clock Path Skew:        -0.090ns (DCD - SCD + CPR)
    Destination Clock Delay (DCD):    4.378ns = ( 9.378 - 5.000 ) 
    Source Clock Delay      (SCD):    4.064ns
    Clock Pessimism Removal (CPR):    -0.404ns
  Clock Uncertainty:      0.067ns  ((TSJ^2 + DJ^2)^1/2) / 2 + PE
    Total System Jitter     (TSJ):    0.071ns
    Discrete Jitter          (DJ):    0.113ns
    Phase Error              (PE):    0.000ns
  Clock Net Delay (Source):      2.754ns (routing 1.356ns, distribution 1.398ns)
  Clock Net Delay (Destination): 2.539ns (routing 1.231ns, distribution 1.308ns)

    Location             Delay type                Incr(ns)  Path(ns)    Netlist Resource(s)
  -------------------------------------------------------------------    -------------------
                         (clock clk_200_mmcm rise edge)
                                                      0.000     0.000 r  
    AM15                                              0.000     0.000 r  clk_p (IN)
                         net (fo=0)                   0.100     0.100    clk_in_ibufds/I
    HPIOBDIFFINBUF_X0Y10 DIFFINBUF (Prop_DIFFINBUF_HPIOBDIFFINBUF_DIFF_IN_P_O)
                                                      0.617     0.717 r  clk_in_ibufds/DIFFINBUF_INST/O
                         net (fo=1, routed)           0.050     0.767    clk_in_ibufds/OUT
    AM15                 IBUFCTRL (Prop_IBUFCTRL_HPIOB_M_I_O)
                                                      0.000     0.767 r  clk_in_ibufds/IBUFCTRL_INST/O
                         net (fo=1, routed)           0.397     1.164    clk_in
    MMCM_X0Y0            MMCME4_ADV (Prop_MMCM_CLKIN1_CLKOUT0)
                                                     -0.127     1.037 r  clk_mmcm/CLKOUT0
                         net (fo=1, routed)           0.245     1.282    clk_200_mmcm
    BUFGCE_X0Y9          BUFGCE (Prop_BUFCE_BUFGCE_I_O)
                                                      0.028     1.310 r  clk_200_bufg/O
    X2Y3 (CLOCK_ROOT)    net (fo=57585, routed)       2.754     4.064    rst_200_sync/clk_200
    SLICE_X57Y252        FDPE                                         r  rst_200_sync/sync_reg_reg[3]/C
  -------------------------------------------------------------------    -------------------
    SLICE_X57Y252        FDPE (Prop_DFF2_SLICEL_C_Q)
                                                      0.081     4.145 f  rst_200_sync/sync_reg_reg[3]/Q
                         net (fo=271, routed)         2.209     6.354    roce_fifo/Q[0]
    SLICE_X72Y183        FDPE                                         f  roce_fifo/s_rst_sync1_reg_reg/PRE
  -------------------------------------------------------------------    -------------------

                         (clock clk_200_mmcm rise edge)
                                                      5.000     5.000 r  
    AM15                                              0.000     5.000 r  clk_p (IN)
                         net (fo=0)                   0.079     5.079    clk_in_ibufds/I
    HPIOBDIFFINBUF_X0Y10 DIFFINBUF (Prop_DIFFINBUF_HPIOBDIFFINBUF_DIFF_IN_P_O)
                                                      0.507     5.586 r  clk_in_ibufds/DIFFINBUF_INST/O
                         net (fo=1, routed)           0.040     5.626    clk_in_ibufds/OUT
    AM15                 IBUFCTRL (Prop_IBUFCTRL_HPIOB_M_I_O)
                                                      0.000     5.626 r  clk_in_ibufds/IBUFCTRL_INST/O
                         net (fo=1, routed)           0.344     5.970    clk_in
    MMCM_X0Y0            MMCME4_ADV (Prop_MMCM_CLKIN1_CLKOUT0)
                                                      0.630     6.600 r  clk_mmcm/CLKOUT0
                         net (fo=1, routed)           0.215     6.815    clk_200_mmcm
    BUFGCE_X0Y9          BUFGCE (Prop_BUFCE_BUFGCE_I_O)
                                                      0.024     6.839 r  clk_200_bufg/O
    X2Y3 (CLOCK_ROOT)    net (fo=57585, routed)       2.539     9.378    roce_fifo/clk_200
    SLICE_X72Y183        FDPE                                         r  roce_fifo/s_rst_sync1_reg_reg/C
                         clock pessimism             -0.404     8.974    
                         clock uncertainty           -0.067     8.907    
    SLICE_X72Y183        FDPE (Recov_EFF_SLICEM_C_PRE)
                                                     -0.066     8.841    roce_fifo/s_rst_sync1_reg_reg
  -------------------------------------------------------------------
                         required time                          8.841    
                         arrival time                          -6.354    
  -------------------------------------------------------------------
                         slack                                  2.487    





Min Delay Paths
--------------------------------------------------------------------------------------
Slack (MET) :             0.103ns  (arrival time - required time)
  Source:                 ddr_ic/inst/axi_interconnect_inst/si_converter_bank/gen_conv_slot[2].clock_conv_inst/gen_async_readwrite.asyncfifo_rw/inst_fifo_gen/gaxi_full_lite.gwrite_ch.gwrch2.axi_wrch/grf.rf/rstblk/ngwrdrst.grst.g7serrst.gnsckt_wrst.gic_rst.rst_rd_reg2_inst/arststages_ff_reg[1]/C
                            (rising edge-triggered cell FDPE clocked by clk_200_mmcm  {rise@0.000ns fall@2.500ns period=5.000ns})
  Destination:            ddr_ic/inst/axi_interconnect_inst/si_converter_bank/gen_conv_slot[2].clock_conv_inst/gen_async_readwrite.asyncfifo_rw/inst_fifo_gen/gaxi_full_lite.gwrite_ch.gwrch2.axi_wrch/grf.rf/rstblk/ngwrdrst.grst.g7serrst.gnsckt_wrst.gic_rst.wr_rst_rd_ext_reg[0]/CLR
                            (removal check against rising-edge clock clk_200_mmcm  {rise@0.000ns fall@2.500ns period=5.000ns})
  Path Group:             **async_default**
  Path Type:              Removal (Min at Fast Process Corner)
  Requirement:            0.000ns  (clk_200_mmcm rise@0.000ns - clk_200_mmcm rise@0.000ns)
  Data Path Delay:        0.136ns  (logic 0.039ns (28.636%)  route 0.097ns (71.364%))
  Logic Levels:           0  
  Clock Path Skew:        0.053ns (DCD - SCD - CPR)
    Destination Clock Delay (DCD):    2.442ns
    Source Clock Delay      (SCD):    2.589ns
    Clock Pessimism Removal (CPR):    -0.200ns
  Clock Net Delay (Source):      1.592ns (routing 0.741ns, distribution 0.851ns)
  Clock Net Delay (Destination): 1.784ns (routing 0.826ns, distribution 0.958ns)

    Location             Delay type                Incr(ns)  Path(ns)    Netlist Resource(s)
  -------------------------------------------------------------------    -------------------
                         (clock clk_200_mmcm rise edge)
                                                      0.000     0.000 r  
    AM15                                              0.000     0.000 r  clk_p (IN)
                         net (fo=0)                   0.079     0.079    clk_in_ibufds/I
    HPIOBDIFFINBUF_X0Y10 DIFFINBUF (Prop_DIFFINBUF_HPIOBDIFFINBUF_DIFF_IN_P_O)
                                                      0.283     0.362 r  clk_in_ibufds/DIFFINBUF_INST/O
                         net (fo=1, routed)           0.040     0.402    clk_in_ibufds/OUT
    AM15                 IBUFCTRL (Prop_IBUFCTRL_HPIOB_M_I_O)
                                                      0.000     0.402 r  clk_in_ibufds/IBUFCTRL_INST/O
                         net (fo=1, routed)           0.203     0.605    clk_in
    MMCM_X0Y0            MMCME4_ADV (Prop_MMCM_CLKIN1_CLKOUT0)
                                                      0.230     0.835 r  clk_mmcm/CLKOUT0
                         net (fo=1, routed)           0.146     0.981    clk_200_mmcm
    BUFGCE_X0Y9          BUFGCE (Prop_BUFCE_BUFGCE_I_O)
                                                      0.017     0.998 r  clk_200_bufg/O
    X2Y3 (CLOCK_ROOT)    net (fo=57585, routed)       1.592     2.589    ddr_ic/inst/axi_interconnect_inst/si_converter_bank/gen_conv_slot[2].clock_conv_inst/gen_async_readwrite.asyncfifo_rw/inst_fifo_gen/gaxi_full_lite.gwrite_ch.gwrch2.axi_wrch/grf.rf/rstblk/ngwrdrst.grst.g7serrst.gnsckt_wrst.gic_rst.rst_rd_reg2_inst/dest_clk
    SLICE_X78Y328        FDPE                                         r  ddr_ic/inst/axi_interconnect_inst/si_converter_bank/gen_conv_slot[2].clock_conv_inst/gen_async_readwrite.asyncfifo_rw/inst_fifo_gen/gaxi_full_lite.gwrite_ch.gwrch2.axi_wrch/grf.rf/rstblk/ngwrdrst.grst.g7serrst.gnsckt_wrst.gic_rst.rst_rd_reg2_inst/arststages_ff_reg[1]/C
  -------------------------------------------------------------------    -------------------
    SLICE_X78Y328        FDPE (Prop_AFF2_SLICEM_C_Q)
                                                      0.039     2.628 f  ddr_ic/inst/axi_interconnect_inst/si_converter_bank/gen_conv_slot[2].clock_conv_inst/gen_async_readwrite.asyncfifo_rw/inst_fifo_gen/gaxi_full_lite.gwrite_ch.gwrch2.axi_wrch/grf.rf/rstblk/ngwrdrst.grst.g7serrst.gnsckt_wrst.gic_rst.rst_rd_reg2_inst/arststages_ff_reg[1]/Q
                         net (fo=3, routed)           0.097     2.725    ddr_ic/inst/axi_interconnect_inst/si_converter_bank/gen_conv_slot[2].clock_conv_inst/gen_async_readwrite.asyncfifo_rw/inst_fifo_gen/gaxi_full_lite.gwrite_ch.gwrch2.axi_wrch/grf.rf/rstblk/ngwrdrst.grst.rst_rd_reg2
    SLICE_X77Y328        FDCE                                         f  ddr_ic/inst/axi_interconnect_inst/si_converter_bank/gen_conv_slot[2].clock_conv_inst/gen_async_readwrite.asyncfifo_rw/inst_fifo_gen/gaxi_full_lite.gwrite_ch.gwrch2.axi_wrch/grf.rf/rstblk/ngwrdrst.grst.g7serrst.gnsckt_wrst.gic_rst.wr_rst_rd_ext_reg[0]/CLR
  -------------------------------------------------------------------    -------------------

                         (clock clk_200_mmcm rise edge)
                                                      0.000     0.000 r  
    AM15                                              0.000     0.000 r  clk_p (IN)
                         net (fo=0)                   0.100     0.100    clk_in_ibufds/I
    HPIOBDIFFINBUF_X0Y10 DIFFINBUF (Prop_DIFFINBUF_HPIOBDIFFINBUF_DIFF_IN_P_O)
                                                      0.388     0.488 r  clk_in_ibufds/DIFFINBUF_INST/O
                         net (fo=1, routed)           0.050     0.538    clk_in_ibufds/OUT
    AM15                 IBUFCTRL (Prop_IBUFCTRL_HPIOB_M_I_O)
                                                      0.000     0.538 r  clk_in_ibufds/IBUFCTRL_INST/O
                         net (fo=1, routed)           0.230     0.768    clk_in
    MMCM_X0Y0            MMCME4_ADV (Prop_MMCM_CLKIN1_CLKOUT0)
                                                     -0.295     0.473 r  clk_mmcm/CLKOUT0
                         net (fo=1, routed)           0.166     0.639    clk_200_mmcm
    BUFGCE_X0Y9          BUFGCE (Prop_BUFCE_BUFGCE_I_O)
                                                      0.019     0.658 r  clk_200_bufg/O
    X2Y3 (CLOCK_ROOT)    net (fo=57585, routed)       1.784     2.442    ddr_ic/inst/axi_interconnect_inst/si_converter_bank/gen_conv_slot[2].clock_conv_inst/gen_async_readwrite.asyncfifo_rw/inst_fifo_gen/gaxi_full_lite.gwrite_ch.gwrch2.axi_wrch/grf.rf/rstblk/s_aclk
    SLICE_X77Y328        FDCE                                         r  ddr_ic/inst/axi_interconnect_inst/si_converter_bank/gen_conv_slot[2].clock_conv_inst/gen_async_readwrite.asyncfifo_rw/inst_fifo_gen/gaxi_full_lite.gwrite_ch.gwrch2.axi_wrch/grf.rf/rstblk/ngwrdrst.grst.g7serrst.gnsckt_wrst.gic_rst.wr_rst_rd_ext_reg[0]/C
                         clock pessimism              0.200     2.642    
    SLICE_X77Y328        FDCE (Remov_EFF_SLICEL_C_CLR)
                                                     -0.020     2.622    ddr_ic/inst/axi_interconnect_inst/si_converter_bank/gen_conv_slot[2].clock_conv_inst/gen_async_readwrite.asyncfifo_rw/inst_fifo_gen/gaxi_full_lite.gwrite_ch.gwrch2.axi_wrch/grf.rf/rstblk/ngwrdrst.grst.g7serrst.gnsckt_wrst.gic_rst.wr_rst_rd_ext_reg[0]
  -------------------------------------------------------------------
                         required time                         -2.622    
                         arrival time                           2.725    
  -------------------------------------------------------------------
                         slack                                  0.103    





---------------------------------------------------------------------------------------------------
Path Group:  **async_default**
From Clock:  clk_out1_mts_mmcm_rf_0
  To Clock:  clk_out1_mts_mmcm_rf_0

Setup :            0  Failing Endpoints,  Worst Slack        0.343ns,  Total Violation        0.000ns
Hold  :            0  Failing Endpoints,  Worst Slack        1.083ns,  Total Violation        0.000ns
---------------------------------------------------------------------------------------------------


Max Delay Paths
--------------------------------------------------------------------------------------
Slack (MET) :             0.343ns  (required time - arrival time)
  Source:                 rf_bd/mts_i/rst_rf/U0/ACTIVE_LOW_PR_OUT_DFF[0].FDRE_PER_N/C
                            (rising edge-triggered cell FDRE clocked by clk_out1_mts_mmcm_rf_0  {rise@0.000ns fall@2.000ns period=4.000ns})
  Destination:            rf_bd/mts_i/usp_rf_data_converter_0/inst/i_rf_conv_mt_mrk_counter_adc20/mrk_cntr_started_ff_reg/CLR
                            (recovery check against rising-edge clock clk_out1_mts_mmcm_rf_0  {rise@0.000ns fall@2.000ns period=4.000ns})
  Path Group:             **async_default**
  Path Type:              Recovery (Max at Slow Process Corner)
  Requirement:            4.000ns  (clk_out1_mts_mmcm_rf_0 rise@4.000ns - clk_out1_mts_mmcm_rf_0 rise@0.000ns)
  Data Path Delay:        3.580ns  (logic 0.076ns (2.123%)  route 3.504ns (97.877%))
  Logic Levels:           0  
  Clock Path Skew:        0.043ns (DCD - SCD + CPR)
    Destination Clock Delay (DCD):    3.075ns = ( 7.075 - 4.000 ) 
    Source Clock Delay      (SCD):    3.046ns
    Clock Pessimism Removal (CPR):    0.013ns
  Clock Uncertainty:      0.054ns  ((TSJ^2 + DJ^2)^1/2) / 2 + PE
    Total System Jitter     (TSJ):    0.071ns
    Discrete Jitter          (DJ):    0.081ns
    Phase Error              (PE):    0.000ns
  Clock Net Delay (Source):      2.582ns (routing 1.061ns, distribution 1.521ns)
  Clock Net Delay (Destination): 2.529ns (routing 0.965ns, distribution 1.564ns)

    Location             Delay type                Incr(ns)  Path(ns)    Netlist Resource(s)
  -------------------------------------------------------------------    -------------------
                         (clock clk_out1_mts_mmcm_rf_0 rise edge)
                                                      0.000     0.000 r  
    AN11                                              0.000     0.000 r  PL_CLK_clk_p[0] (IN)
                         net (fo=0)                   0.100     0.100    rf_bd/mts_i/ibufds_pl_clk/U0/USE_IBUFDS.GEN_IBUFDS[0].IBUFDS_I/I
    HPIOBDIFFINBUF_X0Y34 DIFFINBUF (Prop_DIFFINBUF_HPIOBDIFFINBUF_DIFF_IN_P_O)
                                                      0.666     0.766 r  rf_bd/mts_i/ibufds_pl_clk/U0/USE_IBUFDS.GEN_IBUFDS[0].IBUFDS_I/DIFFINBUF_INST/O
                         net (fo=1, routed)           0.050     0.816    rf_bd/mts_i/ibufds_pl_clk/U0/USE_IBUFDS.GEN_IBUFDS[0].IBUFDS_I/OUT
    AN11                 IBUFCTRL (Prop_IBUFCTRL_HPIOB_M_I_O)
                                                      0.000     0.816 r  rf_bd/mts_i/ibufds_pl_clk/U0/USE_IBUFDS.GEN_IBUFDS[0].IBUFDS_I/IBUFCTRL_INST/O
                         net (fo=1, routed)           0.336     1.152    rf_bd/mts_i/bufg_pl_clk/U0/BUFG_I[0]
    BUFGCE_X0Y41         BUFGCE (Prop_BUFCE_BUFGCE_I_O)
                                                      0.028     1.180 r  rf_bd/mts_i/bufg_pl_clk/U0/USE_BUFG.GEN_BUFG[0].BUFG_U/O
                         net (fo=132, routed)         1.895     3.075    rf_bd/mts_i/mmcm_rf/inst/clk_in1
    MMCM_X0Y1            MMCME4_ADV (Prop_MMCM_CLKIN1_CLKOUT0)
                                                     -2.884     0.191 r  rf_bd/mts_i/mmcm_rf/inst/mmcme4_adv_inst/CLKOUT0
                         net (fo=1, routed)           0.245     0.436    rf_bd/mts_i/mmcm_rf/inst/clk_out1_mts_mmcm_rf_0
    BUFGCE_X0Y47         BUFGCE (Prop_BUFCE_BUFGCE_I_O)
                                                      0.028     0.464 r  rf_bd/mts_i/mmcm_rf/inst/clkout1_buf/O
    X2Y3 (CLOCK_ROOT)    net (fo=9800, routed)        2.582     3.046    rf_bd/mts_i/rst_rf/U0/slowest_sync_clk
    SLICE_X70Y280        FDRE                                         r  rf_bd/mts_i/rst_rf/U0/ACTIVE_LOW_PR_OUT_DFF[0].FDRE_PER_N/C
  -------------------------------------------------------------------    -------------------
    SLICE_X70Y280        FDRE (Prop_EFF_SLICEM_C_Q)
                                                      0.076     3.122 r  rf_bd/mts_i/rst_rf/U0/ACTIVE_LOW_PR_OUT_DFF[0].FDRE_PER_N/Q
                         net (fo=253, routed)         3.504     6.626    rf_bd/mts_i/usp_rf_data_converter_0/inst/i_rf_conv_mt_mrk_counter_adc20/rst_n
    SLICE_X114Y154       FDCE                                         f  rf_bd/mts_i/usp_rf_data_converter_0/inst/i_rf_conv_mt_mrk_counter_adc20/mrk_cntr_started_ff_reg/CLR  (IS_INVERTED)
  -------------------------------------------------------------------    -------------------

                         (clock clk_out1_mts_mmcm_rf_0 rise edge)
                                                      4.000     4.000 r  
    AN11                                              0.000     4.000 r  PL_CLK_clk_p[0] (IN)
                         net (fo=0)                   0.079     4.079    rf_bd/mts_i/ibufds_pl_clk/U0/USE_IBUFDS.GEN_IBUFDS[0].IBUFDS_I/I
    HPIOBDIFFINBUF_X0Y34 DIFFINBUF (Prop_DIFFINBUF_HPIOBDIFFINBUF_DIFF_IN_P_O)
                                                      0.556     4.635 r  rf_bd/mts_i/ibufds_pl_clk/U0/USE_IBUFDS.GEN_IBUFDS[0].IBUFDS_I/DIFFINBUF_INST/O
                         net (fo=1, routed)           0.040     4.675    rf_bd/mts_i/ibufds_pl_clk/U0/USE_IBUFDS.GEN_IBUFDS[0].IBUFDS_I/OUT
    AN11                 IBUFCTRL (Prop_IBUFCTRL_HPIOB_M_I_O)
                                                      0.000     4.675 r  rf_bd/mts_i/ibufds_pl_clk/U0/USE_IBUFDS.GEN_IBUFDS[0].IBUFDS_I/IBUFCTRL_INST/O
                         net (fo=1, routed)           0.301     4.976    rf_bd/mts_i/bufg_pl_clk/U0/BUFG_I[0]
    BUFGCE_X0Y41         BUFGCE (Prop_BUFCE_BUFGCE_I_O)
                                                      0.024     5.000 r  rf_bd/mts_i/bufg_pl_clk/U0/USE_BUFG.GEN_BUFG[0].BUFG_U/O
                         net (fo=132, routed)         1.704     6.704    rf_bd/mts_i/mmcm_rf/inst/clk_in1
    MMCM_X0Y1            MMCME4_ADV (Prop_MMCM_CLKIN1_CLKOUT0)
                                                     -2.397     4.307 r  rf_bd/mts_i/mmcm_rf/inst/mmcme4_adv_inst/CLKOUT0
                         net (fo=1, routed)           0.216     4.523    rf_bd/mts_i/mmcm_rf/inst/clk_out1_mts_mmcm_rf_0
    BUFGCE_X0Y47         BUFGCE (Prop_BUFCE_BUFGCE_I_O)
                                                      0.024     4.547 r  rf_bd/mts_i/mmcm_rf/inst/clkout1_buf/O
    X2Y3 (CLOCK_ROOT)    net (fo=9800, routed)        2.529     7.075    rf_bd/mts_i/usp_rf_data_converter_0/inst/i_rf_conv_mt_mrk_counter_adc20/clk
    SLICE_X114Y154       FDCE                                         r  rf_bd/mts_i/usp_rf_data_converter_0/inst/i_rf_conv_mt_mrk_counter_adc20/mrk_cntr_started_ff_reg/C
                         clock pessimism              0.013     7.089    
                         clock uncertainty           -0.054     7.035    
    SLICE_X114Y154       FDCE (Recov_CFF_SLICEL_C_CLR)
                                                     -0.066     6.969    rf_bd/mts_i/usp_rf_data_converter_0/inst/i_rf_conv_mt_mrk_counter_adc20/mrk_cntr_started_ff_reg
  -------------------------------------------------------------------
                         required time                          6.969    
                         arrival time                          -6.626    
  -------------------------------------------------------------------
                         slack                                  0.343    





Min Delay Paths
--------------------------------------------------------------------------------------
Slack (MET) :             1.083ns  (arrival time - required time)
  Source:                 rf_bd/mts_i/rst_rf/U0/ACTIVE_LOW_PR_OUT_DFF[0].FDRE_PER_N/C
                            (rising edge-triggered cell FDRE clocked by clk_out1_mts_mmcm_rf_0  {rise@0.000ns fall@2.000ns period=4.000ns})
  Destination:            rf_bd/mts_i/usp_rf_data_converter_0/inst/i_rf_conv_mt_mrk_counter_adc30/adc_status_r_reg[8]/CLR
                            (removal check against rising-edge clock clk_out1_mts_mmcm_rf_0  {rise@0.000ns fall@2.000ns period=4.000ns})
  Path Group:             **async_default**
  Path Type:              Removal (Min at Fast Process Corner)
  Requirement:            0.000ns  (clk_out1_mts_mmcm_rf_0 rise@0.000ns - clk_out1_mts_mmcm_rf_0 rise@0.000ns)
  Data Path Delay:        1.330ns  (logic 0.038ns (2.858%)  route 1.292ns (97.142%))
  Logic Levels:           0  
  Clock Path Skew:        0.266ns (DCD - SCD - CPR)
    Destination Clock Delay (DCD):    2.104ns
    Source Clock Delay      (SCD):    1.778ns
    Clock Pessimism Removal (CPR):    0.059ns
  Clock Net Delay (Source):      1.415ns (routing 0.583ns, distribution 0.832ns)
  Clock Net Delay (Destination): 1.747ns (routing 0.649ns, distribution 1.098ns)

    Location             Delay type                Incr(ns)  Path(ns)    Netlist Resource(s)
  -------------------------------------------------------------------    -------------------
                         (clock clk_out1_mts_mmcm_rf_0 rise edge)
                                                      0.000     0.000 r  
    AN11                                              0.000     0.000 r  PL_CLK_clk_p[0] (IN)
                         net (fo=0)                   0.079     0.079    rf_bd/mts_i/ibufds_pl_clk/U0/USE_IBUFDS.GEN_IBUFDS[0].IBUFDS_I/I
    HPIOBDIFFINBUF_X0Y34 DIFFINBUF (Prop_DIFFINBUF_HPIOBDIFFINBUF_DIFF_IN_P_O)
                                                      0.332     0.411 r  rf_bd/mts_i/ibufds_pl_clk/U0/USE_IBUFDS.GEN_IBUFDS[0].IBUFDS_I/DIFFINBUF_INST/O
                         net (fo=1, routed)           0.040     0.451    rf_bd/mts_i/ibufds_pl_clk/U0/USE_IBUFDS.GEN_IBUFDS[0].IBUFDS_I/OUT
    AN11                 IBUFCTRL (Prop_IBUFCTRL_HPIOB_M_I_O)
                                                      0.000     0.451 r  rf_bd/mts_i/ibufds_pl_clk/U0/USE_IBUFDS.GEN_IBUFDS[0].IBUFDS_I/IBUFCTRL_INST/O
                         net (fo=1, routed)           0.194     0.645    rf_bd/mts_i/bufg_pl_clk/U0/BUFG_I[0]
    BUFGCE_X0Y41         BUFGCE (Prop_BUFCE_BUFGCE_I_O)
                                                      0.017     0.662 r  rf_bd/mts_i/bufg_pl_clk/U0/USE_BUFG.GEN_BUFG[0].BUFG_U/O
                         net (fo=132, routed)         1.049     1.711    rf_bd/mts_i/mmcm_rf/inst/clk_in1
    MMCM_X0Y1            MMCME4_ADV (Prop_MMCM_CLKIN1_CLKOUT0)
                                                     -1.510     0.201 r  rf_bd/mts_i/mmcm_rf/inst/mmcme4_adv_inst/CLKOUT0
                         net (fo=1, routed)           0.146     0.347    rf_bd/mts_i/mmcm_rf/inst/clk_out1_mts_mmcm_rf_0
    BUFGCE_X0Y47         BUFGCE (Prop_BUFCE_BUFGCE_I_O)
                                                      0.017     0.364 r  rf_bd/mts_i/mmcm_rf/inst/clkout1_buf/O
    X2Y3 (CLOCK_ROOT)    net (fo=9800, routed)        1.415     1.778    rf_bd/mts_i/rst_rf/U0/slowest_sync_clk
    SLICE_X70Y280        FDRE                                         r  rf_bd/mts_i/rst_rf/U0/ACTIVE_LOW_PR_OUT_DFF[0].FDRE_PER_N/C
  -------------------------------------------------------------------    -------------------
    SLICE_X70Y280        FDRE (Prop_EFF_SLICEM_C_Q)
                                                      0.038     1.816 r  rf_bd/mts_i/rst_rf/U0/ACTIVE_LOW_PR_OUT_DFF[0].FDRE_PER_N/Q
                         net (fo=253, routed)         1.292     3.108    rf_bd/mts_i/usp_rf_data_converter_0/inst/i_rf_conv_mt_mrk_counter_adc30/rst_n
    SLICE_X113Y176       FDCE                                         f  rf_bd/mts_i/usp_rf_data_converter_0/inst/i_rf_conv_mt_mrk_counter_adc30/adc_status_r_reg[8]/CLR  (IS_INVERTED)
  -------------------------------------------------------------------    -------------------

                         (clock clk_out1_mts_mmcm_rf_0 rise edge)
                                                      0.000     0.000 r  
    AN11                                              0.000     0.000 r  PL_CLK_clk_p[0] (IN)
                         net (fo=0)                   0.100     0.100    rf_bd/mts_i/ibufds_pl_clk/U0/USE_IBUFDS.GEN_IBUFDS[0].IBUFDS_I/I
    HPIOBDIFFINBUF_X0Y34 DIFFINBUF (Prop_DIFFINBUF_HPIOBDIFFINBUF_DIFF_IN_P_O)
                                                      0.437     0.537 r  rf_bd/mts_i/ibufds_pl_clk/U0/USE_IBUFDS.GEN_IBUFDS[0].IBUFDS_I/DIFFINBUF_INST/O
                         net (fo=1, routed)           0.050     0.587    rf_bd/mts_i/ibufds_pl_clk/U0/USE_IBUFDS.GEN_IBUFDS[0].IBUFDS_I/OUT
    AN11                 IBUFCTRL (Prop_IBUFCTRL_HPIOB_M_I_O)
                                                      0.000     0.587 r  rf_bd/mts_i/ibufds_pl_clk/U0/USE_IBUFDS.GEN_IBUFDS[0].IBUFDS_I/IBUFCTRL_INST/O
                         net (fo=1, routed)           0.235     0.822    rf_bd/mts_i/bufg_pl_clk/U0/BUFG_I[0]
    BUFGCE_X0Y41         BUFGCE (Prop_BUFCE_BUFGCE_I_O)
                                                      0.019     0.841 r  rf_bd/mts_i/bufg_pl_clk/U0/USE_BUFG.GEN_BUFG[0].BUFG_U/O
                         net (fo=132, routed)         1.169     2.010    rf_bd/mts_i/mmcm_rf/inst/clk_in1
    MMCM_X0Y1            MMCME4_ADV (Prop_MMCM_CLKIN1_CLKOUT0)
                                                     -1.838     0.172 r  rf_bd/mts_i/mmcm_rf/inst/mmcme4_adv_inst/CLKOUT0
                         net (fo=1, routed)           0.166     0.338    rf_bd/mts_i/mmcm_rf/inst/clk_out1_mts_mmcm_rf_0
    BUFGCE_X0Y47         BUFGCE (Prop_BUFCE_BUFGCE_I_O)
                                                      0.019     0.357 r  rf_bd/mts_i/mmcm_rf/inst/clkout1_buf/O
    X2Y3 (CLOCK_ROOT)    net (fo=9800, routed)        1.747     2.104    rf_bd/mts_i/usp_rf_data_converter_0/inst/i_rf_conv_mt_mrk_counter_adc30/clk
    SLICE_X113Y176       FDCE                                         r  rf_bd/mts_i/usp_rf_data_converter_0/inst/i_rf_conv_mt_mrk_counter_adc30/adc_status_r_reg[8]/C
                         clock pessimism             -0.059     2.045    
    SLICE_X113Y176       FDCE (Remov_AFF_SLICEM_C_CLR)
                                                     -0.020     2.025    rf_bd/mts_i/usp_rf_data_converter_0/inst/i_rf_conv_mt_mrk_counter_adc30/adc_status_r_reg[8]
  -------------------------------------------------------------------
                         required time                         -2.025    
                         arrival time                           3.108    
  -------------------------------------------------------------------
                         slack                                  1.083    





---------------------------------------------------------------------------------------------------
Path Group:  **async_default**
From Clock:  clk_out2_mts_mmcm_rf_0
  To Clock:  clk_out2_mts_mmcm_rf_0

Setup :            0  Failing Endpoints,  Worst Slack        6.357ns,  Total Violation        0.000ns
Hold  :            0  Failing Endpoints,  Worst Slack        0.062ns,  Total Violation        0.000ns
---------------------------------------------------------------------------------------------------


Max Delay Paths
--------------------------------------------------------------------------------------
Slack (MET) :             6.357ns  (required time - arrival time)
  Source:                 rf_bd/mts_i/ctrl_interconnect/m04_couplers/auto_ds/inst/gen_downsizer.gen_simple_downsizer.axi_downsizer_inst/USE_WRITE.write_addr_inst/cmd_queue/inst/fifo_gen_inst/inst_fifo_gen/gconvfifo.rf/grf.rf/rstblk/ngwrdrst.grst.g7serrst.gnsckt_wrst.gcc_rst.sckt_wr_rst_cc_reg[0]/C
                            (rising edge-triggered cell FDRE clocked by clk_out2_mts_mmcm_rf_0  {rise@0.000ns fall@4.000ns period=8.000ns})
  Destination:            rf_bd/mts_i/ctrl_interconnect/m04_couplers/auto_ds/inst/gen_downsizer.gen_simple_downsizer.axi_downsizer_inst/USE_WRITE.write_addr_inst/cmd_queue/inst/fifo_gen_inst/inst_fifo_gen/gconvfifo.rf/grf.rf/gntv_or_sync_fifo.gl0.wr/wpntr/gcc0.gc0.count_reg[0]/PRE
                            (recovery check against rising-edge clock clk_out2_mts_mmcm_rf_0  {rise@0.000ns fall@4.000ns period=8.000ns})
  Path Group:             **async_default**
  Path Type:              Recovery (Max at Slow Process Corner)
  Requirement:            8.000ns  (clk_out2_mts_mmcm_rf_0 rise@8.000ns - clk_out2_mts_mmcm_rf_0 rise@0.000ns)
  Data Path Delay:        1.467ns  (logic 0.227ns (15.474%)  route 1.240ns (84.526%))
  Logic Levels:           1  (LUT3=1)
  Clock Path Skew:        -0.051ns (DCD - SCD + CPR)
    Destination Clock Delay (DCD):    2.768ns = ( 10.768 - 8.000 ) 
    Source Clock Delay      (SCD):    2.919ns
    Clock Pessimism Removal (CPR):    0.099ns
  Clock Uncertainty:      0.058ns  ((TSJ^2 + DJ^2)^1/2) / 2 + PE
    Total System Jitter     (TSJ):    0.071ns
    Discrete Jitter          (DJ):    0.093ns
    Phase Error              (PE):    0.000ns
  Clock Net Delay (Source):      2.449ns (routing 1.345ns, distribution 1.104ns)
  Clock Net Delay (Destination): 2.218ns (routing 1.222ns, distribution 0.996ns)

    Location             Delay type                Incr(ns)  Path(ns)    Netlist Resource(s)
  -------------------------------------------------------------------    -------------------
                         (clock clk_out2_mts_mmcm_rf_0 rise edge)
                                                      0.000     0.000 r  
    AN11                                              0.000     0.000 r  PL_CLK_clk_p[0] (IN)
                         net (fo=0)                   0.100     0.100    rf_bd/mts_i/ibufds_pl_clk/U0/USE_IBUFDS.GEN_IBUFDS[0].IBUFDS_I/I
    HPIOBDIFFINBUF_X0Y34 DIFFINBUF (Prop_DIFFINBUF_HPIOBDIFFINBUF_DIFF_IN_P_O)
                                                      0.666     0.766 r  rf_bd/mts_i/ibufds_pl_clk/U0/USE_IBUFDS.GEN_IBUFDS[0].IBUFDS_I/DIFFINBUF_INST/O
                         net (fo=1, routed)           0.050     0.816    rf_bd/mts_i/ibufds_pl_clk/U0/USE_IBUFDS.GEN_IBUFDS[0].IBUFDS_I/OUT
    AN11                 IBUFCTRL (Prop_IBUFCTRL_HPIOB_M_I_O)
                                                      0.000     0.816 r  rf_bd/mts_i/ibufds_pl_clk/U0/USE_IBUFDS.GEN_IBUFDS[0].IBUFDS_I/IBUFCTRL_INST/O
                         net (fo=1, routed)           0.336     1.152    rf_bd/mts_i/bufg_pl_clk/U0/BUFG_I[0]
    BUFGCE_X0Y41         BUFGCE (Prop_BUFCE_BUFGCE_I_O)
                                                      0.028     1.180 r  rf_bd/mts_i/bufg_pl_clk/U0/USE_BUFG.GEN_BUFG[0].BUFG_U/O
                         net (fo=132, routed)         1.895     3.075    rf_bd/mts_i/mmcm_rf/inst/clk_in1
    MMCM_X0Y1            MMCME4_ADV (Prop_MMCM_CLKIN1_CLKOUT1)
                                                     -2.884     0.191 r  rf_bd/mts_i/mmcm_rf/inst/mmcme4_adv_inst/CLKOUT1
                         net (fo=1, routed)           0.251     0.442    rf_bd/mts_i/mmcm_rf/inst/clk_out2_mts_mmcm_rf_0
    BUFGCE_X0Y39         BUFGCE (Prop_BUFCE_BUFGCE_I_O)
                                                      0.028     0.470 r  rf_bd/mts_i/mmcm_rf/inst/clkout2_buf/O
    X1Y3 (CLOCK_ROOT)    net (fo=33659, routed)       2.449     2.919    rf_bd/mts_i/ctrl_interconnect/m04_couplers/auto_ds/inst/gen_downsizer.gen_simple_downsizer.axi_downsizer_inst/USE_WRITE.write_addr_inst/cmd_queue/inst/fifo_gen_inst/inst_fifo_gen/gconvfifo.rf/grf.rf/rstblk/clk
    SLICE_X12Y217        FDRE                                         r  rf_bd/mts_i/ctrl_interconnect/m04_couplers/auto_ds/inst/gen_downsizer.gen_simple_downsizer.axi_downsizer_inst/USE_WRITE.write_addr_inst/cmd_queue/inst/fifo_gen_inst/inst_fifo_gen/gconvfifo.rf/grf.rf/rstblk/ngwrdrst.grst.g7serrst.gnsckt_wrst.gcc_rst.sckt_wr_rst_cc_reg[0]/C
  -------------------------------------------------------------------    -------------------
    SLICE_X12Y217        FDRE (Prop_AFF_SLICEL_C_Q)
                                                      0.079     2.998 f  rf_bd/mts_i/ctrl_interconnect/m04_couplers/auto_ds/inst/gen_downsizer.gen_simple_downsizer.axi_downsizer_inst/USE_WRITE.write_addr_inst/cmd_queue/inst/fifo_gen_inst/inst_fifo_gen/gconvfifo.rf/grf.rf/rstblk/ngwrdrst.grst.g7serrst.gnsckt_wrst.gcc_rst.sckt_wr_rst_cc_reg[0]/Q
                         net (fo=3, routed)           0.448     3.446    rf_bd/mts_i/ctrl_interconnect/m04_couplers/auto_ds/inst/gen_downsizer.gen_simple_downsizer.axi_downsizer_inst/USE_WRITE.write_addr_inst/cmd_queue/inst/fifo_gen_inst/inst_fifo_gen/gconvfifo.rf/grf.rf/rstblk/ngwrdrst.grst.g7serrst.gnsckt_wrst.gcc_rst.sckt_wr_rst_cc[0]
    SLICE_X12Y217        LUT3 (Prop_B6LUT_SLICEL_I1_O)
                                                      0.148     3.594 f  rf_bd/mts_i/ctrl_interconnect/m04_couplers/auto_ds/inst/gen_downsizer.gen_simple_downsizer.axi_downsizer_inst/USE_WRITE.write_addr_inst/cmd_queue/inst/fifo_gen_inst/inst_fifo_gen/gconvfifo.rf/grf.rf/rstblk/gpregsm1.curr_fwft_state[1]_i_2/O
                         net (fo=32, routed)          0.792     4.386    rf_bd/mts_i/ctrl_interconnect/m04_couplers/auto_ds/inst/gen_downsizer.gen_simple_downsizer.axi_downsizer_inst/USE_WRITE.write_addr_inst/cmd_queue/inst/fifo_gen_inst/inst_fifo_gen/gconvfifo.rf/grf.rf/gntv_or_sync_fifo.gl0.wr/wpntr/AR[0]
    SLICE_X9Y215         FDPE                                         f  rf_bd/mts_i/ctrl_interconnect/m04_couplers/auto_ds/inst/gen_downsizer.gen_simple_downsizer.axi_downsizer_inst/USE_WRITE.write_addr_inst/cmd_queue/inst/fifo_gen_inst/inst_fifo_gen/gconvfifo.rf/grf.rf/gntv_or_sync_fifo.gl0.wr/wpntr/gcc0.gc0.count_reg[0]/PRE
  -------------------------------------------------------------------    -------------------

                         (clock clk_out2_mts_mmcm_rf_0 rise edge)
                                                      8.000     8.000 r  
    AN11                                              0.000     8.000 r  PL_CLK_clk_p[0] (IN)
                         net (fo=0)                   0.079     8.079    rf_bd/mts_i/ibufds_pl_clk/U0/USE_IBUFDS.GEN_IBUFDS[0].IBUFDS_I/I
    HPIOBDIFFINBUF_X0Y34 DIFFINBUF (Prop_DIFFINBUF_HPIOBDIFFINBUF_DIFF_IN_P_O)
                                                      0.556     8.635 r  rf_bd/mts_i/ibufds_pl_clk/U0/USE_IBUFDS.GEN_IBUFDS[0].IBUFDS_I/DIFFINBUF_INST/O
                         net (fo=1, routed)           0.040     8.675    rf_bd/mts_i/ibufds_pl_clk/U0/USE_IBUFDS.GEN_IBUFDS[0].IBUFDS_I/OUT
    AN11                 IBUFCTRL (Prop_IBUFCTRL_HPIOB_M_I_O)
                                                      0.000     8.675 r  rf_bd/mts_i/ibufds_pl_clk/U0/USE_IBUFDS.GEN_IBUFDS[0].IBUFDS_I/IBUFCTRL_INST/O
                         net (fo=1, routed)           0.301     8.976    rf_bd/mts_i/bufg_pl_clk/U0/BUFG_I[0]
    BUFGCE_X0Y41         BUFGCE (Prop_BUFCE_BUFGCE_I_O)
                                                      0.024     9.000 r  rf_bd/mts_i/bufg_pl_clk/U0/USE_BUFG.GEN_BUFG[0].BUFG_U/O
                         net (fo=132, routed)         1.704    10.704    rf_bd/mts_i/mmcm_rf/inst/clk_in1
    MMCM_X0Y1            MMCME4_ADV (Prop_MMCM_CLKIN1_CLKOUT1)
                                                     -2.397     8.307 r  rf_bd/mts_i/mmcm_rf/inst/mmcme4_adv_inst/CLKOUT1
                         net (fo=1, routed)           0.220     8.527    rf_bd/mts_i/mmcm_rf/inst/clk_out2_mts_mmcm_rf_0
    BUFGCE_X0Y39         BUFGCE (Prop_BUFCE_BUFGCE_I_O)
                                                      0.024     8.551 r  rf_bd/mts_i/mmcm_rf/inst/clkout2_buf/O
    X1Y3 (CLOCK_ROOT)    net (fo=33659, routed)       2.218    10.768    rf_bd/mts_i/ctrl_interconnect/m04_couplers/auto_ds/inst/gen_downsizer.gen_simple_downsizer.axi_downsizer_inst/USE_WRITE.write_addr_inst/cmd_queue/inst/fifo_gen_inst/inst_fifo_gen/gconvfifo.rf/grf.rf/gntv_or_sync_fifo.gl0.wr/wpntr/clk
    SLICE_X9Y215         FDPE                                         r  rf_bd/mts_i/ctrl_interconnect/m04_couplers/auto_ds/inst/gen_downsizer.gen_simple_downsizer.axi_downsizer_inst/USE_WRITE.write_addr_inst/cmd_queue/inst/fifo_gen_inst/inst_fifo_gen/gconvfifo.rf/grf.rf/gntv_or_sync_fifo.gl0.wr/wpntr/gcc0.gc0.count_reg[0]/C
                         clock pessimism              0.099    10.868    
                         clock uncertainty           -0.058    10.810    
    SLICE_X9Y215         FDPE (Recov_CFF2_SLICEL_C_PRE)
                                                     -0.066    10.744    rf_bd/mts_i/ctrl_interconnect/m04_couplers/auto_ds/inst/gen_downsizer.gen_simple_downsizer.axi_downsizer_inst/USE_WRITE.write_addr_inst/cmd_queue/inst/fifo_gen_inst/inst_fifo_gen/gconvfifo.rf/grf.rf/gntv_or_sync_fifo.gl0.wr/wpntr/gcc0.gc0.count_reg[0]
  -------------------------------------------------------------------
                         required time                         10.744    
                         arrival time                          -4.386    
  -------------------------------------------------------------------
                         slack                                  6.357    





Min Delay Paths
--------------------------------------------------------------------------------------
Slack (MET) :             0.062ns  (arrival time - required time)
  Source:                 rf_bd/mts_i/ctrl_interconnect/m06_couplers/auto_cc/inst/gen_clock_conv.gen_async_conv.asyncfifo_axi/inst_fifo_gen/gaxi_full_lite.gwrite_ch.gwrch2.axi_wrch/grf.rf/rstblk/ngwrdrst.grst.g7serrst.gnsckt_wrst.gic_rst.sckt_wr_rst_ic_reg/C
                            (rising edge-triggered cell FDPE clocked by clk_out2_mts_mmcm_rf_0  {rise@0.000ns fall@4.000ns period=8.000ns})
  Destination:            rf_bd/mts_i/ctrl_interconnect/m06_couplers/auto_cc/inst/gen_clock_conv.gen_async_conv.asyncfifo_axi/inst_fifo_gen/gaxi_full_lite.gwrite_ch.gwrch2.axi_wrch/grf.rf/gntv_or_sync_fifo.gl0.wr/wpntr/gic0.gc0.count_d1_reg[0]/PRE
                            (removal check against rising-edge clock clk_out2_mts_mmcm_rf_0  {rise@0.000ns fall@4.000ns period=8.000ns})
  Path Group:             **async_default**
  Path Type:              Removal (Min at Slow Process Corner)
  Requirement:            0.000ns  (clk_out2_mts_mmcm_rf_0 rise@0.000ns - clk_out2_mts_mmcm_rf_0 rise@0.000ns)
  Data Path Delay:        0.232ns  (logic 0.059ns (25.385%)  route 0.173ns (74.615%))
  Logic Levels:           0  
  Clock Path Skew:        0.202ns (DCD - SCD - CPR)
    Destination Clock Delay (DCD):    3.023ns
    Source Clock Delay      (SCD):    2.778ns
    Clock Pessimism Removal (CPR):    0.042ns
  Clock Net Delay (Source):      2.228ns (routing 1.222ns, distribution 1.006ns)
  Clock Net Delay (Destination): 2.553ns (routing 1.345ns, distribution 1.208ns)

    Location             Delay type                Incr(ns)  Path(ns)    Netlist Resource(s)
  -------------------------------------------------------------------    -------------------
                         (clock clk_out2_mts_mmcm_rf_0 rise edge)
                                                      0.000     0.000 r  
    AN11                                              0.000     0.000 r  PL_CLK_clk_p[0] (IN)
                         net (fo=0)                   0.079     0.079    rf_bd/mts_i/ibufds_pl_clk/U0/USE_IBUFDS.GEN_IBUFDS[0].IBUFDS_I/I
    HPIOBDIFFINBUF_X0Y34 DIFFINBUF (Prop_DIFFINBUF_HPIOBDIFFINBUF_DIFF_IN_P_O)
                                                      0.556     0.635 r  rf_bd/mts_i/ibufds_pl_clk/U0/USE_IBUFDS.GEN_IBUFDS[0].IBUFDS_I/DIFFINBUF_INST/O
                         net (fo=1, routed)           0.040     0.675    rf_bd/mts_i/ibufds_pl_clk/U0/USE_IBUFDS.GEN_IBUFDS[0].IBUFDS_I/OUT
    AN11                 IBUFCTRL (Prop_IBUFCTRL_HPIOB_M_I_O)
                                                      0.000     0.675 r  rf_bd/mts_i/ibufds_pl_clk/U0/USE_IBUFDS.GEN_IBUFDS[0].IBUFDS_I/IBUFCTRL_INST/O
                         net (fo=1, routed)           0.301     0.976    rf_bd/mts_i/bufg_pl_clk/U0/BUFG_I[0]
    BUFGCE_X0Y41         BUFGCE (Prop_BUFCE_BUFGCE_I_O)
                                                      0.024     1.000 r  rf_bd/mts_i/bufg_pl_clk/U0/USE_BUFG.GEN_BUFG[0].BUFG_U/O
                         net (fo=132, routed)         1.704     2.704    rf_bd/mts_i/mmcm_rf/inst/clk_in1
    MMCM_X0Y1            MMCME4_ADV (Prop_MMCM_CLKIN1_CLKOUT1)
                                                     -2.397     0.307 r  rf_bd/mts_i/mmcm_rf/inst/mmcme4_adv_inst/CLKOUT1
                         net (fo=1, routed)           0.220     0.527    rf_bd/mts_i/mmcm_rf/inst/clk_out2_mts_mmcm_rf_0
    BUFGCE_X0Y39         BUFGCE (Prop_BUFCE_BUFGCE_I_O)
                                                      0.024     0.551 r  rf_bd/mts_i/mmcm_rf/inst/clkout2_buf/O
    X1Y3 (CLOCK_ROOT)    net (fo=33659, routed)       2.228     2.778    rf_bd/mts_i/ctrl_interconnect/m06_couplers/auto_cc/inst/gen_clock_conv.gen_async_conv.asyncfifo_axi/inst_fifo_gen/gaxi_full_lite.gwrite_ch.gwrch2.axi_wrch/grf.rf/rstblk/m_aclk
    SLICE_X3Y239         FDPE                                         r  rf_bd/mts_i/ctrl_interconnect/m06_couplers/auto_cc/inst/gen_clock_conv.gen_async_conv.asyncfifo_axi/inst_fifo_gen/gaxi_full_lite.gwrite_ch.gwrch2.axi_wrch/grf.rf/rstblk/ngwrdrst.grst.g7serrst.gnsckt_wrst.gic_rst.sckt_wr_rst_ic_reg/C
  -------------------------------------------------------------------    -------------------
    SLICE_X3Y239         FDPE (Prop_CFF2_SLICEL_C_Q)
                                                      0.059     2.837 f  rf_bd/mts_i/ctrl_interconnect/m06_couplers/auto_cc/inst/gen_clock_conv.gen_async_conv.asyncfifo_axi/inst_fifo_gen/gaxi_full_lite.gwrite_ch.gwrch2.axi_wrch/grf.rf/rstblk/ngwrdrst.grst.g7serrst.gnsckt_wrst.gic_rst.sckt_wr_rst_ic_reg/Q
                         net (fo=15, routed)          0.173     3.011    rf_bd/mts_i/ctrl_interconnect/m06_couplers/auto_cc/inst/gen_clock_conv.gen_async_conv.asyncfifo_axi/inst_fifo_gen/gaxi_full_lite.gwrite_ch.gwrch2.axi_wrch/grf.rf/gntv_or_sync_fifo.gl0.wr/wpntr/AR[0]
    SLICE_X2Y240         FDPE                                         f  rf_bd/mts_i/ctrl_interconnect/m06_couplers/auto_cc/inst/gen_clock_conv.gen_async_conv.asyncfifo_axi/inst_fifo_gen/gaxi_full_lite.gwrite_ch.gwrch2.axi_wrch/grf.rf/gntv_or_sync_fifo.gl0.wr/wpntr/gic0.gc0.count_d1_reg[0]/PRE
  -------------------------------------------------------------------    -------------------

                         (clock clk_out2_mts_mmcm_rf_0 rise edge)
                                                      0.000     0.000 r  
    AN11                                              0.000     0.000 r  PL_CLK_clk_p[0] (IN)
                         net (fo=0)                   0.100     0.100    rf_bd/mts_i/ibufds_pl_clk/U0/USE_IBUFDS.GEN_IBUFDS[0].IBUFDS_I/I
    HPIOBDIFFINBUF_X0Y34 DIFFINBUF (Prop_DIFFINBUF_HPIOBDIFFINBUF_DIFF_IN_P_O)
                                                      0.666     0.766 r  rf_bd/mts_i/ibufds_pl_clk/U0/USE_IBUFDS.GEN_IBUFDS[0].IBUFDS_I/DIFFINBUF_INST/O
                         net (fo=1, routed)           0.050     0.816    rf_bd/mts_i/ibufds_pl_clk/U0/USE_IBUFDS.GEN_IBUFDS[0].IBUFDS_I/OUT
    AN11                 IBUFCTRL (Prop_IBUFCTRL_HPIOB_M_I_O)
                                                      0.000     0.816 r  rf_bd/mts_i/ibufds_pl_clk/U0/USE_IBUFDS.GEN_IBUFDS[0].IBUFDS_I/IBUFCTRL_INST/O
                         net (fo=1, routed)           0.336     1.152    rf_bd/mts_i/bufg_pl_clk/U0/BUFG_I[0]
    BUFGCE_X0Y41         BUFGCE (Prop_BUFCE_BUFGCE_I_O)
                                                      0.028     1.180 r  rf_bd/mts_i/bufg_pl_clk/U0/USE_BUFG.GEN_BUFG[0].BUFG_U/O
                         net (fo=132, routed)         1.895     3.075    rf_bd/mts_i/mmcm_rf/inst/clk_in1
    MMCM_X0Y1            MMCME4_ADV (Prop_MMCM_CLKIN1_CLKOUT1)
                                                     -2.884     0.191 r  rf_bd/mts_i/mmcm_rf/inst/mmcme4_adv_inst/CLKOUT1
                         net (fo=1, routed)           0.251     0.442    rf_bd/mts_i/mmcm_rf/inst/clk_out2_mts_mmcm_rf_0
    BUFGCE_X0Y39         BUFGCE (Prop_BUFCE_BUFGCE_I_O)
                                                      0.028     0.470 r  rf_bd/mts_i/mmcm_rf/inst/clkout2_buf/O
    X1Y3 (CLOCK_ROOT)    net (fo=33659, routed)       2.553     3.023    rf_bd/mts_i/ctrl_interconnect/m06_couplers/auto_cc/inst/gen_clock_conv.gen_async_conv.asyncfifo_axi/inst_fifo_gen/gaxi_full_lite.gwrite_ch.gwrch2.axi_wrch/grf.rf/gntv_or_sync_fifo.gl0.wr/wpntr/m_aclk
    SLICE_X2Y240         FDPE                                         r  rf_bd/mts_i/ctrl_interconnect/m06_couplers/auto_cc/inst/gen_clock_conv.gen_async_conv.asyncfifo_axi/inst_fifo_gen/gaxi_full_lite.gwrite_ch.gwrch2.axi_wrch/grf.rf/gntv_or_sync_fifo.gl0.wr/wpntr/gic0.gc0.count_d1_reg[0]/C
                         clock pessimism             -0.042     2.981    
    SLICE_X2Y240         FDPE (Remov_EFF_SLICEL_C_PRE)
                                                     -0.032     2.949    rf_bd/mts_i/ctrl_interconnect/m06_couplers/auto_cc/inst/gen_clock_conv.gen_async_conv.asyncfifo_axi/inst_fifo_gen/gaxi_full_lite.gwrite_ch.gwrch2.axi_wrch/grf.rf/gntv_or_sync_fifo.gl0.wr/wpntr/gic0.gc0.count_d1_reg[0]
  -------------------------------------------------------------------
                         required time                         -2.949    
                         arrival time                           3.011    
  -------------------------------------------------------------------
                         slack                                  0.062    





---------------------------------------------------------------------------------------------------
Path Group:  **async_default**
From Clock:  clk_pl_0
  To Clock:  clk_pl_0

Setup :            0  Failing Endpoints,  Worst Slack        7.029ns,  Total Violation        0.000ns
Hold  :            0  Failing Endpoints,  Worst Slack        0.040ns,  Total Violation        0.000ns
---------------------------------------------------------------------------------------------------


Max Delay Paths
--------------------------------------------------------------------------------------
Slack (MET) :             7.029ns  (required time - arrival time)
  Source:                 rf_bd/mts_i/rst_ps/U0/ACTIVE_LOW_PR_OUT_DFF[0].FDRE_PER_N/C
                            (rising edge-triggered cell FDRE clocked by clk_pl_0  {rise@0.000ns fall@5.000ns period=10.000ns})
  Destination:            rf_bd/mts_i/usp_rf_data_converter_0/inst/i_mts_sysref_count_adc/sysref_count_ff_reg[1]/CLR
                            (recovery check against rising-edge clock clk_pl_0  {rise@0.000ns fall@5.000ns period=10.000ns})
  Path Group:             **async_default**
  Path Type:              Recovery (Max at Slow Process Corner)
  Requirement:            10.000ns  (clk_pl_0 rise@10.000ns - clk_pl_0 rise@0.000ns)
  Data Path Delay:        2.776ns  (logic 0.107ns (3.854%)  route 2.669ns (96.146%))
  Logic Levels:           1  (BUFGCE=1)
  Clock Path Skew:        0.001ns (DCD - SCD + CPR)
    Destination Clock Delay (DCD):    2.297ns = ( 12.297 - 10.000 ) 
    Source Clock Delay      (SCD):    2.403ns
    Clock Pessimism Removal (CPR):    0.107ns
  Clock Uncertainty:      0.130ns  ((TSJ^2 + DJ^2)^1/2) / 2 + PE
    Total System Jitter     (TSJ):    0.071ns
    Discrete Jitter          (DJ):    0.250ns
    Phase Error              (PE):    0.000ns
  Clock Net Delay (Source):      2.177ns (routing 0.662ns, distribution 1.515ns)
  Clock Net Delay (Destination): 2.115ns (routing 0.599ns, distribution 1.516ns)

    Location             Delay type                Incr(ns)  Path(ns)    Netlist Resource(s)
  -------------------------------------------------------------------    -------------------
                         (clock clk_pl_0 rise edge)
                                                      0.000     0.000 r  
    PS8_X0Y0             PS8                          0.000     0.000 r  rf_bd/mts_i/zynq_ultra_ps_e_0/inst/PS8_i/PLCLK[0]
                         net (fo=1, routed)           0.198     0.198    rf_bd/mts_i/zynq_ultra_ps_e_0/inst/pl_clk_unbuffered[0]
    BUFG_PS_X0Y48        BUFG_PS (Prop_BUFG_PS_I_O)
                                                      0.028     0.226 r  rf_bd/mts_i/zynq_ultra_ps_e_0/inst/buffer_pl_clk_0.PL_CLK_0_BUFG/O
    X2Y3 (CLOCK_ROOT)    net (fo=32915, routed)       2.177     2.403    rf_bd/mts_i/rst_ps/U0/slowest_sync_clk
    SLICE_X66Y289        FDRE                                         r  rf_bd/mts_i/rst_ps/U0/ACTIVE_LOW_PR_OUT_DFF[0].FDRE_PER_N/C
  -------------------------------------------------------------------    -------------------
    SLICE_X66Y289        FDRE (Prop_EFF2_SLICEM_C_Q)
                                                      0.079     2.482 r  rf_bd/mts_i/rst_ps/U0/ACTIVE_LOW_PR_OUT_DFF[0].FDRE_PER_N/Q
                         net (fo=1, routed)           1.243     3.725    rf_bd/mts_i/rst_ps/U0/peripheral_aresetn[0]_bufg_place
    BUFGCE_X0Y127        BUFGCE (Prop_BUFCE_BUFGCE_I_O)
                                                      0.028     3.753 r  rf_bd/mts_i/rst_ps/U0/ACTIVE_LOW_PR_OUT_DFF[0].FDRE_PER_N_bufg_place/O
                         net (fo=3357, routed)        1.426     5.179    rf_bd/mts_i/usp_rf_data_converter_0/inst/i_mts_sysref_count_adc/reset_b
    SLICE_X104Y185       FDCE                                         f  rf_bd/mts_i/usp_rf_data_converter_0/inst/i_mts_sysref_count_adc/sysref_count_ff_reg[1]/CLR  (IS_INVERTED)
  -------------------------------------------------------------------    -------------------

                         (clock clk_pl_0 rise edge)
                                                     10.000    10.000 r  
    PS8_X0Y0             PS8                          0.000    10.000 r  rf_bd/mts_i/zynq_ultra_ps_e_0/inst/PS8_i/PLCLK[0]
                         net (fo=1, routed)           0.157    10.157    rf_bd/mts_i/zynq_ultra_ps_e_0/inst/pl_clk_unbuffered[0]
    BUFG_PS_X0Y48        BUFG_PS (Prop_BUFG_PS_I_O)
                                                      0.025    10.182 r  rf_bd/mts_i/zynq_ultra_ps_e_0/inst/buffer_pl_clk_0.PL_CLK_0_BUFG/O
    X2Y3 (CLOCK_ROOT)    net (fo=32915, routed)       2.115    12.297    rf_bd/mts_i/usp_rf_data_converter_0/inst/i_mts_sysref_count_adc/clk
    SLICE_X104Y185       FDCE                                         r  rf_bd/mts_i/usp_rf_data_converter_0/inst/i_mts_sysref_count_adc/sysref_count_ff_reg[1]/C
                         clock pessimism              0.107    12.404    
                         clock uncertainty           -0.130    12.274    
    SLICE_X104Y185       FDCE (Recov_DFF_SLICEM_C_CLR)
                                                     -0.066    12.208    rf_bd/mts_i/usp_rf_data_converter_0/inst/i_mts_sysref_count_adc/sysref_count_ff_reg[1]
  -------------------------------------------------------------------
                         required time                         12.208    
                         arrival time                          -5.179    
  -------------------------------------------------------------------
                         slack                                  7.029    





Min Delay Paths
--------------------------------------------------------------------------------------
Slack (MET) :             0.040ns  (arrival time - required time)
  Source:                 rf_bd/mts_i/ctrl_interconnect/m06_couplers/auto_cc/inst/gen_clock_conv.gen_async_conv.asyncfifo_axi/inst_fifo_gen/gaxi_full_lite.gwrite_ch.gwrch2.axi_wrch/grf.rf/rstblk/ngwrdrst.grst.g7serrst.gnsckt_wrst.gic_rst.rst_rd_reg2_inst/arststages_ff_reg[1]/C
                            (rising edge-triggered cell FDPE clocked by clk_pl_0  {rise@0.000ns fall@5.000ns period=10.000ns})
  Destination:            rf_bd/mts_i/ctrl_interconnect/m06_couplers/auto_cc/inst/gen_clock_conv.gen_async_conv.asyncfifo_axi/inst_fifo_gen/gaxi_full_lite.gwrite_ch.gwrch2.axi_wrch/grf.rf/rstblk/ngwrdrst.grst.g7serrst.gnsckt_wrst.gic_rst.wr_rst_rd_ext_reg[0]/CLR
                            (removal check against rising-edge clock clk_pl_0  {rise@0.000ns fall@5.000ns period=10.000ns})
  Path Group:             **async_default**
  Path Type:              Removal (Min at Slow Process Corner)
  Requirement:            0.000ns  (clk_pl_0 rise@0.000ns - clk_pl_0 rise@0.000ns)
  Data Path Delay:        0.253ns  (logic 0.060ns (23.672%)  route 0.193ns (76.328%))
  Logic Levels:           0  
  Clock Path Skew:        0.245ns (DCD - SCD - CPR)
    Destination Clock Delay (DCD):    2.551ns
    Source Clock Delay      (SCD):    2.199ns
    Clock Pessimism Removal (CPR):    0.107ns
  Clock Net Delay (Source):      2.017ns (routing 0.599ns, distribution 1.418ns)
  Clock Net Delay (Destination): 2.325ns (routing 0.662ns, distribution 1.663ns)

    Location             Delay type                Incr(ns)  Path(ns)    Netlist Resource(s)
  -------------------------------------------------------------------    -------------------
                         (clock clk_pl_0 rise edge)
                                                      0.000     0.000 r  
    PS8_X0Y0             PS8                          0.000     0.000 r  rf_bd/mts_i/zynq_ultra_ps_e_0/inst/PS8_i/PLCLK[0]
                         net (fo=1, routed)           0.157     0.157    rf_bd/mts_i/zynq_ultra_ps_e_0/inst/pl_clk_unbuffered[0]
    BUFG_PS_X0Y48        BUFG_PS (Prop_BUFG_PS_I_O)
                                                      0.025     0.182 r  rf_bd/mts_i/zynq_ultra_ps_e_0/inst/buffer_pl_clk_0.PL_CLK_0_BUFG/O
    X2Y3 (CLOCK_ROOT)    net (fo=32915, routed)       2.017     2.199    rf_bd/mts_i/ctrl_interconnect/m06_couplers/auto_cc/inst/gen_clock_conv.gen_async_conv.asyncfifo_axi/inst_fifo_gen/gaxi_full_lite.gwrite_ch.gwrch2.axi_wrch/grf.rf/rstblk/ngwrdrst.grst.g7serrst.gnsckt_wrst.gic_rst.rst_rd_reg2_inst/dest_clk
    SLICE_X3Y238         FDPE                                         r  rf_bd/mts_i/ctrl_interconnect/m06_couplers/auto_cc/inst/gen_clock_conv.gen_async_conv.asyncfifo_axi/inst_fifo_gen/gaxi_full_lite.gwrite_ch.gwrch2.axi_wrch/grf.rf/rstblk/ngwrdrst.grst.g7serrst.gnsckt_wrst.gic_rst.rst_rd_reg2_inst/arststages_ff_reg[1]/C
  -------------------------------------------------------------------    -------------------
    SLICE_X3Y238         FDPE (Prop_FFF2_SLICEL_C_Q)
                                                      0.060     2.259 f  rf_bd/mts_i/ctrl_interconnect/m06_couplers/auto_cc/inst/gen_clock_conv.gen_async_conv.asyncfifo_axi/inst_fifo_gen/gaxi_full_lite.gwrite_ch.gwrch2.axi_wrch/grf.rf/rstblk/ngwrdrst.grst.g7serrst.gnsckt_wrst.gic_rst.rst_rd_reg2_inst/arststages_ff_reg[1]/Q
                         net (fo=3, routed)           0.193     2.452    rf_bd/mts_i/ctrl_interconnect/m06_couplers/auto_cc/inst/gen_clock_conv.gen_async_conv.asyncfifo_axi/inst_fifo_gen/gaxi_full_lite.gwrite_ch.gwrch2.axi_wrch/grf.rf/rstblk/ngwrdrst.grst.rst_rd_reg2
    SLICE_X2Y241         FDCE                                         f  rf_bd/mts_i/ctrl_interconnect/m06_couplers/auto_cc/inst/gen_clock_conv.gen_async_conv.asyncfifo_axi/inst_fifo_gen/gaxi_full_lite.gwrite_ch.gwrch2.axi_wrch/grf.rf/rstblk/ngwrdrst.grst.g7serrst.gnsckt_wrst.gic_rst.wr_rst_rd_ext_reg[0]/CLR
  -------------------------------------------------------------------    -------------------

                         (clock clk_pl_0 rise edge)
                                                      0.000     0.000 r  
    PS8_X0Y0             PS8                          0.000     0.000 r  rf_bd/mts_i/zynq_ultra_ps_e_0/inst/PS8_i/PLCLK[0]
                         net (fo=1, routed)           0.198     0.198    rf_bd/mts_i/zynq_ultra_ps_e_0/inst/pl_clk_unbuffered[0]
    BUFG_PS_X0Y48        BUFG_PS (Prop_BUFG_PS_I_O)
                                                      0.028     0.226 r  rf_bd/mts_i/zynq_ultra_ps_e_0/inst/buffer_pl_clk_0.PL_CLK_0_BUFG/O
    X2Y3 (CLOCK_ROOT)    net (fo=32915, routed)       2.325     2.551    rf_bd/mts_i/ctrl_interconnect/m06_couplers/auto_cc/inst/gen_clock_conv.gen_async_conv.asyncfifo_axi/inst_fifo_gen/gaxi_full_lite.gwrite_ch.gwrch2.axi_wrch/grf.rf/rstblk/s_aclk
    SLICE_X2Y241         FDCE                                         r  rf_bd/mts_i/ctrl_interconnect/m06_couplers/auto_cc/inst/gen_clock_conv.gen_async_conv.asyncfifo_axi/inst_fifo_gen/gaxi_full_lite.gwrite_ch.gwrch2.axi_wrch/grf.rf/rstblk/ngwrdrst.grst.g7serrst.gnsckt_wrst.gic_rst.wr_rst_rd_ext_reg[0]/C
                         clock pessimism             -0.107     2.444    
    SLICE_X2Y241         FDCE (Remov_EFF_SLICEL_C_CLR)
                                                     -0.032     2.412    rf_bd/mts_i/ctrl_interconnect/m06_couplers/auto_cc/inst/gen_clock_conv.gen_async_conv.asyncfifo_axi/inst_fifo_gen/gaxi_full_lite.gwrite_ch.gwrch2.axi_wrch/grf.rf/rstblk/ngwrdrst.grst.g7serrst.gnsckt_wrst.gic_rst.wr_rst_rd_ext_reg[0]
  -------------------------------------------------------------------
                         required time                         -2.412    
                         arrival time                           2.452    
  -------------------------------------------------------------------
                         slack                                  0.040    





---------------------------------------------------------------------------------------------------
Path Group:  **async_default**
From Clock:  dbg_hub/inst/BSCANID.u_xsdbm_id/SWITCH_N_EXT_BSCAN.bscan_inst/SERIES7_BSCAN.bscan_inst/INTERNAL_TCK
  To Clock:  dbg_hub/inst/BSCANID.u_xsdbm_id/SWITCH_N_EXT_BSCAN.bscan_inst/SERIES7_BSCAN.bscan_inst/INTERNAL_TCK

Setup :            0  Failing Endpoints,  Worst Slack       47.038ns,  Total Violation        0.000ns
Hold  :            0  Failing Endpoints,  Worst Slack        0.114ns,  Total Violation        0.000ns
---------------------------------------------------------------------------------------------------


Max Delay Paths
--------------------------------------------------------------------------------------
Slack (MET) :             47.038ns  (required time - arrival time)
  Source:                 dbg_hub/inst/BSCANID.u_xsdbm_id/SWITCH_N_EXT_BSCAN.bscan_switch/portno_reg[1]/C
                            (rising edge-triggered cell FDRE clocked by dbg_hub/inst/BSCANID.u_xsdbm_id/SWITCH_N_EXT_BSCAN.bscan_inst/SERIES7_BSCAN.bscan_inst/INTERNAL_TCK  {rise@0.000ns fall@25.000ns period=50.000ns})
  Destination:            dbg_hub/inst/BSCANID.u_xsdbm_id/CORE_XSDB.U_ICON/U_CMD/iTARGET_reg[14]/CLR
                            (recovery check against rising-edge clock dbg_hub/inst/BSCANID.u_xsdbm_id/SWITCH_N_EXT_BSCAN.bscan_inst/SERIES7_BSCAN.bscan_inst/INTERNAL_TCK  {rise@0.000ns fall@25.000ns period=50.000ns})
  Path Group:             **async_default**
  Path Type:              Recovery (Max at Slow Process Corner)
  Requirement:            50.000ns  (dbg_hub/inst/BSCANID.u_xsdbm_id/SWITCH_N_EXT_BSCAN.bscan_inst/SERIES7_BSCAN.bscan_inst/INTERNAL_TCK rise@50.000ns - dbg_hub/inst/BSCANID.u_xsdbm_id/SWITCH_N_EXT_BSCAN.bscan_inst/SERIES7_BSCAN.bscan_inst/INTERNAL_TCK rise@0.000ns)
  Data Path Delay:        2.736ns  (logic 0.314ns (11.477%)  route 2.422ns (88.523%))
  Logic Levels:           2  (LUT4=1 LUT6=1)
  Clock Path Skew:        -0.125ns (DCD - SCD + CPR)
    Destination Clock Delay (DCD):    2.605ns = ( 52.605 - 50.000 ) 
    Source Clock Delay      (SCD):    7.042ns
    Clock Pessimism Removal (CPR):    4.313ns
  Clock Uncertainty:      0.035ns  ((TSJ^2 + TIJ^2)^1/2 + DJ) / 2 + PE
    Total System Jitter     (TSJ):    0.071ns
    Total Input Jitter      (TIJ):    0.000ns
    Discrete Jitter          (DJ):    0.000ns
    Phase Error              (PE):    0.000ns
  Clock Net Delay (Source):      1.288ns (routing 0.171ns, distribution 1.117ns)
  Clock Net Delay (Destination): 1.148ns (routing 0.155ns, distribution 0.993ns)

    Location             Delay type                Incr(ns)  Path(ns)    Netlist Resource(s)
  -------------------------------------------------------------------    -------------------
                         (clock dbg_hub/inst/BSCANID.u_xsdbm_id/SWITCH_N_EXT_BSCAN.bscan_inst/SERIES7_BSCAN.bscan_inst/INTERNAL_TCK rise edge)
                                                      0.000     0.000 r  
    CONFIG_SITE_X0Y0     BSCANE2                      0.000     0.000 r  dbg_hub/inst/BSCANID.u_xsdbm_id/SWITCH_N_EXT_BSCAN.bscan_inst/SERIES7_BSCAN.bscan_inst/INTERNAL_TCK
    CONFIG_SITE_X0Y0     BSCANE2 (Prop_BSCAN1_CONFIG_SITE_INTERNAL_TCK_TCK)
                                                      4.300     4.300 r  dbg_hub/inst/BSCANID.u_xsdbm_id/SWITCH_N_EXT_BSCAN.bscan_inst/SERIES7_BSCAN.bscan_inst/TCK
                         net (fo=1, routed)           1.426     5.726    dbg_hub/inst/BSCANID.u_xsdbm_id/tck_bs
    BUFGCE_X0Y58         BUFGCE (Prop_BUFCE_BUFGCE_I_O)
                                                      0.028     5.754 r  dbg_hub/inst/BSCANID.u_xsdbm_id/SWITCH_N_EXT_BSCAN.u_bufg_icon_tck/O
    X4Y2 (CLOCK_ROOT)    net (fo=490, routed)         1.288     7.042    dbg_hub/inst/BSCANID.u_xsdbm_id/SWITCH_N_EXT_BSCAN.bscan_switch/s_bscan_tck
    SLICE_X106Y105       FDRE                                         r  dbg_hub/inst/BSCANID.u_xsdbm_id/SWITCH_N_EXT_BSCAN.bscan_switch/portno_reg[1]/C
  -------------------------------------------------------------------    -------------------
    SLICE_X106Y105       FDRE (Prop_EFF2_SLICEL_C_Q)
                                                      0.081     7.123 f  dbg_hub/inst/BSCANID.u_xsdbm_id/SWITCH_N_EXT_BSCAN.bscan_switch/portno_reg[1]/Q
                         net (fo=1, routed)           0.223     7.346    dbg_hub/inst/BSCANID.u_xsdbm_id/SWITCH_N_EXT_BSCAN.bscan_switch/portno[1]
    SLICE_X106Y105       LUT6 (Prop_H6LUT_SLICEL_I3_O)
                                                      0.090     7.436 f  dbg_hub/inst/BSCANID.u_xsdbm_id/SWITCH_N_EXT_BSCAN.bscan_switch/m_bscan_drck[0]_INST_0_i_1/O
                         net (fo=5, routed)           0.202     7.638    dbg_hub/inst/BSCANID.u_xsdbm_id/SWITCH_N_EXT_BSCAN.bscan_switch/m_bscan_drck[0]_INST_0_i_1_n_0
    SLICE_X105Y106       LUT4 (Prop_F5LUT_SLICEL_I3_O)
                                                      0.143     7.781 r  dbg_hub/inst/BSCANID.u_xsdbm_id/SWITCH_N_EXT_BSCAN.bscan_switch/m_bscan_sel[0]_INST_0/O
                         net (fo=11, routed)          1.997     9.778    dbg_hub/inst/BSCANID.u_xsdbm_id/CORE_XSDB.U_ICON/U_CMD/iTARGET_reg[6]_0
    SLICE_X79Y193        FDCE                                         f  dbg_hub/inst/BSCANID.u_xsdbm_id/CORE_XSDB.U_ICON/U_CMD/iTARGET_reg[14]/CLR  (IS_INVERTED)
  -------------------------------------------------------------------    -------------------

                         (clock dbg_hub/inst/BSCANID.u_xsdbm_id/SWITCH_N_EXT_BSCAN.bscan_inst/SERIES7_BSCAN.bscan_inst/INTERNAL_TCK rise edge)
                                                     50.000    50.000 r  
    CONFIG_SITE_X0Y0     BSCANE2                      0.000    50.000 r  dbg_hub/inst/BSCANID.u_xsdbm_id/SWITCH_N_EXT_BSCAN.bscan_inst/SERIES7_BSCAN.bscan_inst/INTERNAL_TCK
    CONFIG_SITE_X0Y0     BSCANE2 (Prop_BSCAN1_CONFIG_SITE_INTERNAL_TCK_TCK)
                                                      0.465    50.465 r  dbg_hub/inst/BSCANID.u_xsdbm_id/SWITCH_N_EXT_BSCAN.bscan_inst/SERIES7_BSCAN.bscan_inst/TCK
                         net (fo=1, routed)           0.968    51.433    dbg_hub/inst/BSCANID.u_xsdbm_id/tck_bs
    BUFGCE_X0Y58         BUFGCE (Prop_BUFCE_BUFGCE_I_O)
                                                      0.024    51.457 r  dbg_hub/inst/BSCANID.u_xsdbm_id/SWITCH_N_EXT_BSCAN.u_bufg_icon_tck/O
    X4Y2 (CLOCK_ROOT)    net (fo=490, routed)         1.148    52.605    dbg_hub/inst/BSCANID.u_xsdbm_id/CORE_XSDB.U_ICON/U_CMD/m_bscan_tck[0]
    SLICE_X79Y193        FDCE                                         r  dbg_hub/inst/BSCANID.u_xsdbm_id/CORE_XSDB.U_ICON/U_CMD/iTARGET_reg[14]/C
                         clock pessimism              4.313    56.918    
                         clock uncertainty           -0.035    56.882    
    SLICE_X79Y193        FDCE (Recov_AFF_SLICEM_C_CLR)
                                                     -0.066    56.816    dbg_hub/inst/BSCANID.u_xsdbm_id/CORE_XSDB.U_ICON/U_CMD/iTARGET_reg[14]
  -------------------------------------------------------------------
                         required time                         56.816    
                         arrival time                          -9.778    
  -------------------------------------------------------------------
                         slack                                 47.038    





Min Delay Paths
--------------------------------------------------------------------------------------
Slack (MET) :             0.114ns  (arrival time - required time)
  Source:                 dbg_hub/inst/BSCANID.u_xsdbm_id/CORE_XSDB.UUT_MASTER/U_ICON_INTERFACE/U_CMD6_RD/U_RD_FIFO/SUBCORE_FIFO.xsdbm_v3_0_0_rdfifo_inst/inst_fifo_gen/gconvfifo.rf/grf.rf/rstblk/ngwrdrst.grst.g7serrst.rd_rst_reg_reg[1]/C
                            (rising edge-triggered cell FDPE clocked by dbg_hub/inst/BSCANID.u_xsdbm_id/SWITCH_N_EXT_BSCAN.bscan_inst/SERIES7_BSCAN.bscan_inst/INTERNAL_TCK  {rise@0.000ns fall@25.000ns period=50.000ns})
  Destination:            dbg_hub/inst/BSCANID.u_xsdbm_id/CORE_XSDB.UUT_MASTER/U_ICON_INTERFACE/U_CMD6_RD/U_RD_FIFO/SUBCORE_FIFO.xsdbm_v3_0_0_rdfifo_inst/inst_fifo_gen/gconvfifo.rf/grf.rf/gntv_or_sync_fifo.gcx.clkx/gnxpm_cdc.rd_pntr_gc_reg[0]/CLR
                            (removal check against rising-edge clock dbg_hub/inst/BSCANID.u_xsdbm_id/SWITCH_N_EXT_BSCAN.bscan_inst/SERIES7_BSCAN.bscan_inst/INTERNAL_TCK  {rise@0.000ns fall@25.000ns period=50.000ns})
  Path Group:             **async_default**
  Path Type:              Removal (Min at Fast Process Corner)
  Requirement:            0.000ns  (dbg_hub/inst/BSCANID.u_xsdbm_id/SWITCH_N_EXT_BSCAN.bscan_inst/SERIES7_BSCAN.bscan_inst/INTERNAL_TCK rise@0.000ns - dbg_hub/inst/BSCANID.u_xsdbm_id/SWITCH_N_EXT_BSCAN.bscan_inst/SERIES7_BSCAN.bscan_inst/INTERNAL_TCK rise@0.000ns)
  Data Path Delay:        0.147ns  (logic 0.039ns (26.588%)  route 0.108ns (73.412%))
  Logic Levels:           0  
  Clock Path Skew:        0.053ns (DCD - SCD - CPR)
    Destination Clock Delay (DCD):    6.068ns
    Source Clock Delay      (SCD):    1.896ns
    Clock Pessimism Removal (CPR):    4.120ns
  Clock Net Delay (Source):      0.663ns (routing 0.096ns, distribution 0.567ns)
  Clock Net Delay (Destination): 0.760ns (routing 0.108ns, distribution 0.652ns)

    Location             Delay type                Incr(ns)  Path(ns)    Netlist Resource(s)
  -------------------------------------------------------------------    -------------------
                         (clock dbg_hub/inst/BSCANID.u_xsdbm_id/SWITCH_N_EXT_BSCAN.bscan_inst/SERIES7_BSCAN.bscan_inst/INTERNAL_TCK rise edge)
                                                      0.000     0.000 r  
    CONFIG_SITE_X0Y0     BSCANE2                      0.000     0.000 r  dbg_hub/inst/BSCANID.u_xsdbm_id/SWITCH_N_EXT_BSCAN.bscan_inst/SERIES7_BSCAN.bscan_inst/INTERNAL_TCK
    CONFIG_SITE_X0Y0     BSCANE2 (Prop_BSCAN1_CONFIG_SITE_INTERNAL_TCK_TCK)
                                                      0.465     0.465 r  dbg_hub/inst/BSCANID.u_xsdbm_id/SWITCH_N_EXT_BSCAN.bscan_inst/SERIES7_BSCAN.bscan_inst/TCK
                         net (fo=1, routed)           0.751     1.216    dbg_hub/inst/BSCANID.u_xsdbm_id/tck_bs
    BUFGCE_X0Y58         BUFGCE (Prop_BUFCE_BUFGCE_I_O)
                                                      0.017     1.233 r  dbg_hub/inst/BSCANID.u_xsdbm_id/SWITCH_N_EXT_BSCAN.u_bufg_icon_tck/O
    X4Y2 (CLOCK_ROOT)    net (fo=490, routed)         0.663     1.896    dbg_hub/inst/BSCANID.u_xsdbm_id/CORE_XSDB.UUT_MASTER/U_ICON_INTERFACE/U_CMD6_RD/U_RD_FIFO/SUBCORE_FIFO.xsdbm_v3_0_0_rdfifo_inst/inst_fifo_gen/gconvfifo.rf/grf.rf/rstblk/rd_clk
    SLICE_X82Y179        FDPE                                         r  dbg_hub/inst/BSCANID.u_xsdbm_id/CORE_XSDB.UUT_MASTER/U_ICON_INTERFACE/U_CMD6_RD/U_RD_FIFO/SUBCORE_FIFO.xsdbm_v3_0_0_rdfifo_inst/inst_fifo_gen/gconvfifo.rf/grf.rf/rstblk/ngwrdrst.grst.g7serrst.rd_rst_reg_reg[1]/C
  -------------------------------------------------------------------    -------------------
    SLICE_X82Y179        FDPE (Prop_EFF2_SLICEM_C_Q)
                                                      0.039     1.935 f  dbg_hub/inst/BSCANID.u_xsdbm_id/CORE_XSDB.UUT_MASTER/U_ICON_INTERFACE/U_CMD6_RD/U_RD_FIFO/SUBCORE_FIFO.xsdbm_v3_0_0_rdfifo_inst/inst_fifo_gen/gconvfifo.rf/grf.rf/rstblk/ngwrdrst.grst.g7serrst.rd_rst_reg_reg[1]/Q
                         net (fo=16, routed)          0.108     2.042    dbg_hub/inst/BSCANID.u_xsdbm_id/CORE_XSDB.UUT_MASTER/U_ICON_INTERFACE/U_CMD6_RD/U_RD_FIFO/SUBCORE_FIFO.xsdbm_v3_0_0_rdfifo_inst/inst_fifo_gen/gconvfifo.rf/grf.rf/gntv_or_sync_fifo.gcx.clkx/Q_reg_reg[0][0]
    SLICE_X83Y179        FDCE                                         f  dbg_hub/inst/BSCANID.u_xsdbm_id/CORE_XSDB.UUT_MASTER/U_ICON_INTERFACE/U_CMD6_RD/U_RD_FIFO/SUBCORE_FIFO.xsdbm_v3_0_0_rdfifo_inst/inst_fifo_gen/gconvfifo.rf/grf.rf/gntv_or_sync_fifo.gcx.clkx/gnxpm_cdc.rd_pntr_gc_reg[0]/CLR
  -------------------------------------------------------------------    -------------------

                         (clock dbg_hub/inst/BSCANID.u_xsdbm_id/SWITCH_N_EXT_BSCAN.bscan_inst/SERIES7_BSCAN.bscan_inst/INTERNAL_TCK rise edge)
                                                      0.000     0.000 r  
    CONFIG_SITE_X0Y0     BSCANE2                      0.000     0.000 r  dbg_hub/inst/BSCANID.u_xsdbm_id/SWITCH_N_EXT_BSCAN.bscan_inst/SERIES7_BSCAN.bscan_inst/INTERNAL_TCK
    CONFIG_SITE_X0Y0     BSCANE2 (Prop_BSCAN1_CONFIG_SITE_INTERNAL_TCK_TCK)
                                                      4.300     4.300 r  dbg_hub/inst/BSCANID.u_xsdbm_id/SWITCH_N_EXT_BSCAN.bscan_inst/SERIES7_BSCAN.bscan_inst/TCK
                         net (fo=1, routed)           0.989     5.289    dbg_hub/inst/BSCANID.u_xsdbm_id/tck_bs
    BUFGCE_X0Y58         BUFGCE (Prop_BUFCE_BUFGCE_I_O)
                                                      0.019     5.308 r  dbg_hub/inst/BSCANID.u_xsdbm_id/SWITCH_N_EXT_BSCAN.u_bufg_icon_tck/O
    X4Y2 (CLOCK_ROOT)    net (fo=490, routed)         0.760     6.068    dbg_hub/inst/BSCANID.u_xsdbm_id/CORE_XSDB.UUT_MASTER/U_ICON_INTERFACE/U_CMD6_RD/U_RD_FIFO/SUBCORE_FIFO.xsdbm_v3_0_0_rdfifo_inst/inst_fifo_gen/gconvfifo.rf/grf.rf/gntv_or_sync_fifo.gcx.clkx/rd_clk
    SLICE_X83Y179        FDCE                                         r  dbg_hub/inst/BSCANID.u_xsdbm_id/CORE_XSDB.UUT_MASTER/U_ICON_INTERFACE/U_CMD6_RD/U_RD_FIFO/SUBCORE_FIFO.xsdbm_v3_0_0_rdfifo_inst/inst_fifo_gen/gconvfifo.rf/grf.rf/gntv_or_sync_fifo.gcx.clkx/gnxpm_cdc.rd_pntr_gc_reg[0]/C
                         clock pessimism             -4.120     1.948    
    SLICE_X83Y179        FDCE (Remov_EFF_SLICEM_C_CLR)
                                                     -0.020     1.928    dbg_hub/inst/BSCANID.u_xsdbm_id/CORE_XSDB.UUT_MASTER/U_ICON_INTERFACE/U_CMD6_RD/U_RD_FIFO/SUBCORE_FIFO.xsdbm_v3_0_0_rdfifo_inst/inst_fifo_gen/gconvfifo.rf/grf.rf/gntv_or_sync_fifo.gcx.clkx/gnxpm_cdc.rd_pntr_gc_reg[0]
  -------------------------------------------------------------------
                         required time                         -1.928    
                         arrival time                           2.042    
  -------------------------------------------------------------------
                         slack                                  0.114    





---------------------------------------------------------------------------------------------------
Path Group:  **async_default**
From Clock:  mmcm_clkout0
  To Clock:  mmcm_clkout0

Setup :            0  Failing Endpoints,  Worst Slack        1.257ns,  Total Violation        0.000ns
Hold  :            0  Failing Endpoints,  Worst Slack        0.104ns,  Total Violation        0.000ns
---------------------------------------------------------------------------------------------------


Max Delay Paths
--------------------------------------------------------------------------------------
Slack (MET) :             1.257ns  (required time - arrival time)
  Source:                 ddr_ic/inst/axi_interconnect_inst/si_converter_bank/gen_conv_slot[2].clock_conv_inst/gen_async_readwrite.asyncfifo_rw/inst_fifo_gen/gaxi_full_lite.gwrite_ch.gwdch2.axi_wdch/grf.rf/rstblk/ngwrdrst.grst.g7serrst.gnsckt_wrst.gic_rst.sckt_rd_rst_ic_reg/C
                            (rising edge-triggered cell FDPE clocked by mmcm_clkout0  {rise@0.000ns fall@1.666ns period=3.332ns})
  Destination:            ddr_ic/inst/axi_interconnect_inst/si_converter_bank/gen_conv_slot[2].clock_conv_inst/gen_async_readwrite.asyncfifo_rw/inst_fifo_gen/gaxi_full_lite.gwrite_ch.gwdch2.axi_wdch/grf.rf/gntv_or_sync_fifo.gl0.rd/gras.rsts/ram_empty_fb_i_reg/PRE
                            (recovery check against rising-edge clock mmcm_clkout0  {rise@0.000ns fall@1.666ns period=3.332ns})
  Path Group:             **async_default**
  Path Type:              Recovery (Max at Slow Process Corner)
  Requirement:            3.332ns  (mmcm_clkout0 rise@3.332ns - mmcm_clkout0 rise@0.000ns)
  Data Path Delay:        1.690ns  (logic 0.080ns (4.733%)  route 1.610ns (95.267%))
  Logic Levels:           0  
  Clock Path Skew:        -0.267ns (DCD - SCD + CPR)
    Destination Clock Delay (DCD):    3.482ns = ( 6.814 - 3.332 ) 
    Source Clock Delay      (SCD):    3.269ns
    Clock Pessimism Removal (CPR):    -0.479ns
  Clock Uncertainty:      0.052ns  ((TSJ^2 + DJ^2)^1/2) / 2 + PE
    Total System Jitter     (TSJ):    0.071ns
    Discrete Jitter          (DJ):    0.077ns
    Phase Error              (PE):    0.000ns
  Clock Net Delay (Source):      2.040ns (routing 0.635ns, distribution 1.405ns)
  Clock Net Delay (Destination): 1.709ns (routing 0.578ns, distribution 1.131ns)

    Location             Delay type                Incr(ns)  Path(ns)    Netlist Resource(s)
  -------------------------------------------------------------------    -------------------
                         (clock mmcm_clkout0 rise edge)
                                                      0.000     0.000 r  
    G13                                               0.000     0.000 r  c0_sys_clk_p (IN)
                         net (fo=0)                   0.100     0.100    ddr_inst/inst/u_ddr4_mem_intfc/u_mig_ddr4_phy/inst/u_ddr4_phy_pll/diff_input_clk.u_ibufg_sys_clk/I
    HPIOBDIFFINBUF_X0Y108
                         DIFFINBUF (Prop_DIFFINBUF_HPIOBDIFFINBUF_DIFF_IN_P_O)
                                                      0.549     0.649 r  ddr_inst/inst/u_ddr4_mem_intfc/u_mig_ddr4_phy/inst/u_ddr4_phy_pll/diff_input_clk.u_ibufg_sys_clk/DIFFINBUF_INST/O
                         net (fo=1, routed)           0.050     0.699    ddr_inst/inst/u_ddr4_mem_intfc/u_mig_ddr4_phy/inst/u_ddr4_phy_pll/diff_input_clk.u_ibufg_sys_clk/OUT
    G13                  IBUFCTRL (Prop_IBUFCTRL_HPIOB_M_I_O)
                                                      0.000     0.699 r  ddr_inst/inst/u_ddr4_mem_intfc/u_mig_ddr4_phy/inst/u_ddr4_phy_pll/diff_input_clk.u_ibufg_sys_clk/IBUFCTRL_INST/O
                         net (fo=2, routed)           0.384     1.083    ddr_inst/inst/u_ddr4_infrastructure/mmcm_clk_in
    MMCM_X0Y4            MMCME4_ADV (Prop_MMCM_CLKIN1_CLKOUT0)
                                                     -0.127     0.956 r  ddr_inst/inst/u_ddr4_infrastructure/gen_mmcme4.u_mmcme_adv_inst/CLKOUT0
                         net (fo=1, routed)           0.245     1.201    ddr_inst/inst/u_ddr4_infrastructure/mmcm_clkout0
    BUFGCE_X0Y118        BUFGCE (Prop_BUFCE_BUFGCE_I_O)
                                                      0.028     1.229 r  ddr_inst/inst/u_ddr4_infrastructure/u_bufg_divClk/O
    X4Y5 (CLOCK_ROOT)    net (fo=50918, routed)       2.040     3.269    ddr_ic/inst/axi_interconnect_inst/si_converter_bank/gen_conv_slot[2].clock_conv_inst/gen_async_readwrite.asyncfifo_rw/inst_fifo_gen/gaxi_full_lite.gwrite_ch.gwdch2.axi_wdch/grf.rf/rstblk/m_aclk
    SLICE_X72Y395        FDPE                                         r  ddr_ic/inst/axi_interconnect_inst/si_converter_bank/gen_conv_slot[2].clock_conv_inst/gen_async_readwrite.asyncfifo_rw/inst_fifo_gen/gaxi_full_lite.gwrite_ch.gwdch2.axi_wdch/grf.rf/rstblk/ngwrdrst.grst.g7serrst.gnsckt_wrst.gic_rst.sckt_rd_rst_ic_reg/C
  -------------------------------------------------------------------    -------------------
    SLICE_X72Y395        FDPE (Prop_DFF2_SLICEM_C_Q)
                                                      0.080     3.349 f  ddr_ic/inst/axi_interconnect_inst/si_converter_bank/gen_conv_slot[2].clock_conv_inst/gen_async_readwrite.asyncfifo_rw/inst_fifo_gen/gaxi_full_lite.gwrite_ch.gwdch2.axi_wdch/grf.rf/rstblk/ngwrdrst.grst.g7serrst.gnsckt_wrst.gic_rst.sckt_rd_rst_ic_reg/Q
                         net (fo=23, routed)          1.610     4.960    ddr_ic/inst/axi_interconnect_inst/si_converter_bank/gen_conv_slot[2].clock_conv_inst/gen_async_readwrite.asyncfifo_rw/inst_fifo_gen/gaxi_full_lite.gwrite_ch.gwdch2.axi_wdch/grf.rf/gntv_or_sync_fifo.gl0.rd/gras.rsts/ram_empty_fb_i_reg_0
    SLICE_X81Y425        FDPE                                         f  ddr_ic/inst/axi_interconnect_inst/si_converter_bank/gen_conv_slot[2].clock_conv_inst/gen_async_readwrite.asyncfifo_rw/inst_fifo_gen/gaxi_full_lite.gwrite_ch.gwdch2.axi_wdch/grf.rf/gntv_or_sync_fifo.gl0.rd/gras.rsts/ram_empty_fb_i_reg/PRE
  -------------------------------------------------------------------    -------------------

                         (clock mmcm_clkout0 rise edge)
                                                      3.332     3.332 r  
    G13                                               0.000     3.332 r  c0_sys_clk_p (IN)
                         net (fo=0)                   0.079     3.411    ddr_inst/inst/u_ddr4_mem_intfc/u_mig_ddr4_phy/inst/u_ddr4_phy_pll/diff_input_clk.u_ibufg_sys_clk/I
    HPIOBDIFFINBUF_X0Y108
                         DIFFINBUF (Prop_DIFFINBUF_HPIOBDIFFINBUF_DIFF_IN_P_O)
                                                      0.453     3.864 r  ddr_inst/inst/u_ddr4_mem_intfc/u_mig_ddr4_phy/inst/u_ddr4_phy_pll/diff_input_clk.u_ibufg_sys_clk/DIFFINBUF_INST/O
                         net (fo=1, routed)           0.040     3.904    ddr_inst/inst/u_ddr4_mem_intfc/u_mig_ddr4_phy/inst/u_ddr4_phy_pll/diff_input_clk.u_ibufg_sys_clk/OUT
    G13                  IBUFCTRL (Prop_IBUFCTRL_HPIOB_M_I_O)
                                                      0.000     3.904 r  ddr_inst/inst/u_ddr4_mem_intfc/u_mig_ddr4_phy/inst/u_ddr4_phy_pll/diff_input_clk.u_ibufg_sys_clk/IBUFCTRL_INST/O
                         net (fo=2, routed)           0.333     4.237    ddr_inst/inst/u_ddr4_infrastructure/mmcm_clk_in
    MMCM_X0Y4            MMCME4_ADV (Prop_MMCM_CLKIN1_CLKOUT0)
                                                      0.630     4.867 r  ddr_inst/inst/u_ddr4_infrastructure/gen_mmcme4.u_mmcme_adv_inst/CLKOUT0
                         net (fo=1, routed)           0.215     5.082    ddr_inst/inst/u_ddr4_infrastructure/mmcm_clkout0
    BUFGCE_X0Y118        BUFGCE (Prop_BUFCE_BUFGCE_I_O)
                                                      0.024     5.106 r  ddr_inst/inst/u_ddr4_infrastructure/u_bufg_divClk/O
    X4Y5 (CLOCK_ROOT)    net (fo=50918, routed)       1.709     6.814    ddr_ic/inst/axi_interconnect_inst/si_converter_bank/gen_conv_slot[2].clock_conv_inst/gen_async_readwrite.asyncfifo_rw/inst_fifo_gen/gaxi_full_lite.gwrite_ch.gwdch2.axi_wdch/grf.rf/gntv_or_sync_fifo.gl0.rd/gras.rsts/m_aclk
    SLICE_X81Y425        FDPE                                         r  ddr_ic/inst/axi_interconnect_inst/si_converter_bank/gen_conv_slot[2].clock_conv_inst/gen_async_readwrite.asyncfifo_rw/inst_fifo_gen/gaxi_full_lite.gwrite_ch.gwdch2.axi_wdch/grf.rf/gntv_or_sync_fifo.gl0.rd/gras.rsts/ram_empty_fb_i_reg/C
                         clock pessimism             -0.479     6.335    
                         clock uncertainty           -0.052     6.282    
    SLICE_X81Y425        FDPE (Recov_HFF2_SLICEL_C_PRE)
                                                     -0.066     6.216    ddr_ic/inst/axi_interconnect_inst/si_converter_bank/gen_conv_slot[2].clock_conv_inst/gen_async_readwrite.asyncfifo_rw/inst_fifo_gen/gaxi_full_lite.gwrite_ch.gwdch2.axi_wdch/grf.rf/gntv_or_sync_fifo.gl0.rd/gras.rsts/ram_empty_fb_i_reg
  -------------------------------------------------------------------
                         required time                          6.216    
                         arrival time                          -4.960    
  -------------------------------------------------------------------
                         slack                                  1.257    





Min Delay Paths
--------------------------------------------------------------------------------------
Slack (MET) :             0.104ns  (arrival time - required time)
  Source:                 ddr_ic/inst/axi_interconnect_inst/si_data_fifo_bank/gen_fifo_slot[4].data_fifo_inst/gen_fifo.fifo_gen_inst/inst_fifo_gen/gaxi_full_lite.gread_ch.grdch2.axi_rdch/grf.rf/rstblk/grstd1.grst_full.grst_f.rst_d2_reg/C
                            (rising edge-triggered cell FDPE clocked by mmcm_clkout0  {rise@0.000ns fall@1.666ns period=3.332ns})
  Destination:            ddr_ic/inst/axi_interconnect_inst/si_data_fifo_bank/gen_fifo_slot[4].data_fifo_inst/gen_fifo.fifo_gen_inst/inst_fifo_gen/gaxi_full_lite.gread_ch.grdch2.axi_rdch/grf.rf/gntv_or_sync_fifo.gl0.wr/gwss.wsts/ram_full_fb_i_reg/PRE
                            (removal check against rising-edge clock mmcm_clkout0  {rise@0.000ns fall@1.666ns period=3.332ns})
  Path Group:             **async_default**
  Path Type:              Removal (Min at Fast Process Corner)
  Requirement:            0.000ns  (mmcm_clkout0 rise@0.000ns - mmcm_clkout0 rise@0.000ns)
  Data Path Delay:        0.142ns  (logic 0.039ns (27.423%)  route 0.103ns (72.577%))
  Logic Levels:           0  
  Clock Path Skew:        0.058ns (DCD - SCD - CPR)
    Destination Clock Delay (DCD):    1.934ns
    Source Clock Delay      (SCD):    2.132ns
    Clock Pessimism Removal (CPR):    -0.257ns
  Clock Net Delay (Source):      1.117ns (routing 0.349ns, distribution 0.768ns)
  Clock Net Delay (Destination): 1.265ns (routing 0.390ns, distribution 0.875ns)

    Location             Delay type                Incr(ns)  Path(ns)    Netlist Resource(s)
  -------------------------------------------------------------------    -------------------
                         (clock mmcm_clkout0 rise edge)
                                                      0.000     0.000 r  
    G13                                               0.000     0.000 r  c0_sys_clk_p (IN)
                         net (fo=0)                   0.079     0.079    ddr_inst/inst/u_ddr4_mem_intfc/u_mig_ddr4_phy/inst/u_ddr4_phy_pll/diff_input_clk.u_ibufg_sys_clk/I
    HPIOBDIFFINBUF_X0Y108
                         DIFFINBUF (Prop_DIFFINBUF_HPIOBDIFFINBUF_DIFF_IN_P_O)
                                                      0.308     0.387 r  ddr_inst/inst/u_ddr4_mem_intfc/u_mig_ddr4_phy/inst/u_ddr4_phy_pll/diff_input_clk.u_ibufg_sys_clk/DIFFINBUF_INST/O
                         net (fo=1, routed)           0.040     0.427    ddr_inst/inst/u_ddr4_mem_intfc/u_mig_ddr4_phy/inst/u_ddr4_phy_pll/diff_input_clk.u_ibufg_sys_clk/OUT
    G13                  IBUFCTRL (Prop_IBUFCTRL_HPIOB_M_I_O)
                                                      0.000     0.427 r  ddr_inst/inst/u_ddr4_mem_intfc/u_mig_ddr4_phy/inst/u_ddr4_phy_pll/diff_input_clk.u_ibufg_sys_clk/IBUFCTRL_INST/O
                         net (fo=2, routed)           0.196     0.623    ddr_inst/inst/u_ddr4_infrastructure/mmcm_clk_in
    MMCM_X0Y4            MMCME4_ADV (Prop_MMCM_CLKIN1_CLKOUT0)
                                                      0.230     0.853 r  ddr_inst/inst/u_ddr4_infrastructure/gen_mmcme4.u_mmcme_adv_inst/CLKOUT0
                         net (fo=1, routed)           0.146     0.999    ddr_inst/inst/u_ddr4_infrastructure/mmcm_clkout0
    BUFGCE_X0Y118        BUFGCE (Prop_BUFCE_BUFGCE_I_O)
                                                      0.017     1.016 r  ddr_inst/inst/u_ddr4_infrastructure/u_bufg_divClk/O
    X4Y5 (CLOCK_ROOT)    net (fo=50918, routed)       1.117     2.132    ddr_ic/inst/axi_interconnect_inst/si_data_fifo_bank/gen_fifo_slot[4].data_fifo_inst/gen_fifo.fifo_gen_inst/inst_fifo_gen/gaxi_full_lite.gread_ch.grdch2.axi_rdch/grf.rf/rstblk/s_aclk
    SLICE_X72Y293        FDPE                                         r  ddr_ic/inst/axi_interconnect_inst/si_data_fifo_bank/gen_fifo_slot[4].data_fifo_inst/gen_fifo.fifo_gen_inst/inst_fifo_gen/gaxi_full_lite.gread_ch.grdch2.axi_rdch/grf.rf/rstblk/grstd1.grst_full.grst_f.rst_d2_reg/C
  -------------------------------------------------------------------    -------------------
    SLICE_X72Y293        FDPE (Prop_AFF2_SLICEM_C_Q)
                                                      0.039     2.171 f  ddr_ic/inst/axi_interconnect_inst/si_data_fifo_bank/gen_fifo_slot[4].data_fifo_inst/gen_fifo.fifo_gen_inst/inst_fifo_gen/gaxi_full_lite.gread_ch.grdch2.axi_rdch/grf.rf/rstblk/grstd1.grst_full.grst_f.rst_d2_reg/Q
                         net (fo=3, routed)           0.103     2.274    ddr_ic/inst/axi_interconnect_inst/si_data_fifo_bank/gen_fifo_slot[4].data_fifo_inst/gen_fifo.fifo_gen_inst/inst_fifo_gen/gaxi_full_lite.gread_ch.grdch2.axi_rdch/grf.rf/gntv_or_sync_fifo.gl0.wr/gwss.wsts/out
    SLICE_X70Y293        FDPE                                         f  ddr_ic/inst/axi_interconnect_inst/si_data_fifo_bank/gen_fifo_slot[4].data_fifo_inst/gen_fifo.fifo_gen_inst/inst_fifo_gen/gaxi_full_lite.gread_ch.grdch2.axi_rdch/grf.rf/gntv_or_sync_fifo.gl0.wr/gwss.wsts/ram_full_fb_i_reg/PRE
  -------------------------------------------------------------------    -------------------

                         (clock mmcm_clkout0 rise edge)
                                                      0.000     0.000 r  
    G13                                               0.000     0.000 r  c0_sys_clk_p (IN)
                         net (fo=0)                   0.100     0.100    ddr_inst/inst/u_ddr4_mem_intfc/u_mig_ddr4_phy/inst/u_ddr4_phy_pll/diff_input_clk.u_ibufg_sys_clk/I
    HPIOBDIFFINBUF_X0Y108
                         DIFFINBUF (Prop_DIFFINBUF_HPIOBDIFFINBUF_DIFF_IN_P_O)
                                                      0.406     0.506 r  ddr_inst/inst/u_ddr4_mem_intfc/u_mig_ddr4_phy/inst/u_ddr4_phy_pll/diff_input_clk.u_ibufg_sys_clk/DIFFINBUF_INST/O
                         net (fo=1, routed)           0.050     0.556    ddr_inst/inst/u_ddr4_mem_intfc/u_mig_ddr4_phy/inst/u_ddr4_phy_pll/diff_input_clk.u_ibufg_sys_clk/OUT
    G13                  IBUFCTRL (Prop_IBUFCTRL_HPIOB_M_I_O)
                                                      0.000     0.556 r  ddr_inst/inst/u_ddr4_mem_intfc/u_mig_ddr4_phy/inst/u_ddr4_phy_pll/diff_input_clk.u_ibufg_sys_clk/IBUFCTRL_INST/O
                         net (fo=2, routed)           0.222     0.778    ddr_inst/inst/u_ddr4_infrastructure/mmcm_clk_in
    MMCM_X0Y4            MMCME4_ADV (Prop_MMCM_CLKIN1_CLKOUT0)
                                                     -0.295     0.483 r  ddr_inst/inst/u_ddr4_infrastructure/gen_mmcme4.u_mmcme_adv_inst/CLKOUT0
                         net (fo=1, routed)           0.166     0.649    ddr_inst/inst/u_ddr4_infrastructure/mmcm_clkout0
    BUFGCE_X0Y118        BUFGCE (Prop_BUFCE_BUFGCE_I_O)
                                                      0.019     0.668 r  ddr_inst/inst/u_ddr4_infrastructure/u_bufg_divClk/O
    X4Y5 (CLOCK_ROOT)    net (fo=50918, routed)       1.265     1.934    ddr_ic/inst/axi_interconnect_inst/si_data_fifo_bank/gen_fifo_slot[4].data_fifo_inst/gen_fifo.fifo_gen_inst/inst_fifo_gen/gaxi_full_lite.gread_ch.grdch2.axi_rdch/grf.rf/gntv_or_sync_fifo.gl0.wr/gwss.wsts/s_aclk
    SLICE_X70Y293        FDPE                                         r  ddr_ic/inst/axi_interconnect_inst/si_data_fifo_bank/gen_fifo_slot[4].data_fifo_inst/gen_fifo.fifo_gen_inst/inst_fifo_gen/gaxi_full_lite.gread_ch.grdch2.axi_rdch/grf.rf/gntv_or_sync_fifo.gl0.wr/gwss.wsts/ram_full_fb_i_reg/C
                         clock pessimism              0.257     2.190    
    SLICE_X70Y293        FDPE (Remov_EFF_SLICEM_C_PRE)
                                                     -0.020     2.170    ddr_ic/inst/axi_interconnect_inst/si_data_fifo_bank/gen_fifo_slot[4].data_fifo_inst/gen_fifo.fifo_gen_inst/inst_fifo_gen/gaxi_full_lite.gread_ch.grdch2.axi_rdch/grf.rf/gntv_or_sync_fifo.gl0.wr/gwss.wsts/ram_full_fb_i_reg
  -------------------------------------------------------------------
                         required time                         -2.170    
                         arrival time                           2.274    
  -------------------------------------------------------------------
                         slack                                  0.104    





---------------------------------------------------------------------------------------------------
Path Group:  **async_default**
From Clock:  mmcm_clkout5
  To Clock:  mmcm_clkout5

Setup :            0  Failing Endpoints,  Worst Slack       11.877ns,  Total Violation        0.000ns
Hold  :            0  Failing Endpoints,  Worst Slack        0.119ns,  Total Violation        0.000ns
---------------------------------------------------------------------------------------------------


Max Delay Paths
--------------------------------------------------------------------------------------
Slack (MET) :             11.877ns  (required time - arrival time)
  Source:                 dbg_hub/inst/BSCANID.u_xsdbm_id/CORE_XSDB.UUT_MASTER/U_ICON_INTERFACE/U_CMD6_WR/U_WR_FIFO/SUBCORE_FIFO.xsdbm_v3_0_0_wrfifo_inst/inst_fifo_gen/gconvfifo.rf/grf.rf/rstblk/ngwrdrst.grst.g7serrst.rd_rst_reg_reg[1]/C
                            (rising edge-triggered cell FDPE clocked by mmcm_clkout5  {rise@0.000ns fall@6.664ns period=13.328ns})
  Destination:            dbg_hub/inst/BSCANID.u_xsdbm_id/CORE_XSDB.UUT_MASTER/U_ICON_INTERFACE/U_CMD6_WR/U_WR_FIFO/SUBCORE_FIFO.xsdbm_v3_0_0_wrfifo_inst/inst_fifo_gen/gconvfifo.rf/grf.rf/gntv_or_sync_fifo.gcx.clkx/gnxpm_cdc.gsync_stage[1].rd_stg_inst/Q_reg_reg[2]/CLR
                            (recovery check against rising-edge clock mmcm_clkout5  {rise@0.000ns fall@6.664ns period=13.328ns})
  Path Group:             **async_default**
  Path Type:              Recovery (Max at Slow Process Corner)
  Requirement:            13.328ns  (mmcm_clkout5 rise@13.328ns - mmcm_clkout5 rise@0.000ns)
  Data Path Delay:        1.283ns  (logic 0.080ns (6.233%)  route 1.203ns (93.767%))
  Logic Levels:           0  
  Clock Path Skew:        -0.041ns (DCD - SCD + CPR)
    Destination Clock Delay (DCD):    3.797ns = ( 17.125 - 13.328 ) 
    Source Clock Delay      (SCD):    3.500ns
    Clock Pessimism Removal (CPR):    -0.338ns
  Clock Uncertainty:      0.061ns  ((TSJ^2 + DJ^2)^1/2) / 2 + PE
    Total System Jitter     (TSJ):    0.071ns
    Discrete Jitter          (DJ):    0.100ns
    Phase Error              (PE):    0.000ns
  Clock Net Delay (Source):      2.281ns (routing 0.746ns, distribution 1.535ns)
  Clock Net Delay (Destination): 2.033ns (routing 0.681ns, distribution 1.352ns)

    Location             Delay type                Incr(ns)  Path(ns)    Netlist Resource(s)
  -------------------------------------------------------------------    -------------------
                         (clock mmcm_clkout5 rise edge)
                                                      0.000     0.000 r  
    G13                                               0.000     0.000 r  c0_sys_clk_p (IN)
                         net (fo=0)                   0.100     0.100    ddr_inst/inst/u_ddr4_mem_intfc/u_mig_ddr4_phy/inst/u_ddr4_phy_pll/diff_input_clk.u_ibufg_sys_clk/I
    HPIOBDIFFINBUF_X0Y108
                         DIFFINBUF (Prop_DIFFINBUF_HPIOBDIFFINBUF_DIFF_IN_P_O)
                                                      0.549     0.649 r  ddr_inst/inst/u_ddr4_mem_intfc/u_mig_ddr4_phy/inst/u_ddr4_phy_pll/diff_input_clk.u_ibufg_sys_clk/DIFFINBUF_INST/O
                         net (fo=1, routed)           0.050     0.699    ddr_inst/inst/u_ddr4_mem_intfc/u_mig_ddr4_phy/inst/u_ddr4_phy_pll/diff_input_clk.u_ibufg_sys_clk/OUT
    G13                  IBUFCTRL (Prop_IBUFCTRL_HPIOB_M_I_O)
                                                      0.000     0.699 r  ddr_inst/inst/u_ddr4_mem_intfc/u_mig_ddr4_phy/inst/u_ddr4_phy_pll/diff_input_clk.u_ibufg_sys_clk/IBUFCTRL_INST/O
                         net (fo=2, routed)           0.384     1.083    ddr_inst/inst/u_ddr4_infrastructure/mmcm_clk_in
    MMCM_X0Y4            MMCME4_ADV (Prop_MMCM_CLKIN1_CLKOUT5)
                                                     -0.127     0.956 r  ddr_inst/inst/u_ddr4_infrastructure/gen_mmcme4.u_mmcme_adv_inst/CLKOUT5
                         net (fo=1, routed)           0.235     1.191    ddr_inst/inst/u_ddr4_infrastructure/mmcm_clkout5
    BUFGCE_X0Y98         BUFGCE (Prop_BUFCE_BUFGCE_I_O)
                                                      0.028     1.219 r  ddr_inst/inst/u_ddr4_infrastructure/u_bufg_dbg_clk/O
    X2Y4 (CLOCK_ROOT)    net (fo=3638, routed)        2.281     3.500    dbg_hub/inst/BSCANID.u_xsdbm_id/CORE_XSDB.UUT_MASTER/U_ICON_INTERFACE/U_CMD6_WR/U_WR_FIFO/SUBCORE_FIFO.xsdbm_v3_0_0_wrfifo_inst/inst_fifo_gen/gconvfifo.rf/grf.rf/rstblk/rd_clk
    SLICE_X79Y201        FDPE                                         r  dbg_hub/inst/BSCANID.u_xsdbm_id/CORE_XSDB.UUT_MASTER/U_ICON_INTERFACE/U_CMD6_WR/U_WR_FIFO/SUBCORE_FIFO.xsdbm_v3_0_0_wrfifo_inst/inst_fifo_gen/gconvfifo.rf/grf.rf/rstblk/ngwrdrst.grst.g7serrst.rd_rst_reg_reg[1]/C
  -------------------------------------------------------------------    -------------------
    SLICE_X79Y201        FDPE (Prop_AFF2_SLICEM_C_Q)
                                                      0.080     3.580 f  dbg_hub/inst/BSCANID.u_xsdbm_id/CORE_XSDB.UUT_MASTER/U_ICON_INTERFACE/U_CMD6_WR/U_WR_FIFO/SUBCORE_FIFO.xsdbm_v3_0_0_wrfifo_inst/inst_fifo_gen/gconvfifo.rf/grf.rf/rstblk/ngwrdrst.grst.g7serrst.rd_rst_reg_reg[1]/Q
                         net (fo=16, routed)          1.203     4.784    dbg_hub/inst/BSCANID.u_xsdbm_id/CORE_XSDB.UUT_MASTER/U_ICON_INTERFACE/U_CMD6_WR/U_WR_FIFO/SUBCORE_FIFO.xsdbm_v3_0_0_wrfifo_inst/inst_fifo_gen/gconvfifo.rf/grf.rf/gntv_or_sync_fifo.gcx.clkx/gnxpm_cdc.gsync_stage[1].rd_stg_inst/Q_reg_reg[0]_0[0]
    SLICE_X79Y197        FDCE                                         f  dbg_hub/inst/BSCANID.u_xsdbm_id/CORE_XSDB.UUT_MASTER/U_ICON_INTERFACE/U_CMD6_WR/U_WR_FIFO/SUBCORE_FIFO.xsdbm_v3_0_0_wrfifo_inst/inst_fifo_gen/gconvfifo.rf/grf.rf/gntv_or_sync_fifo.gcx.clkx/gnxpm_cdc.gsync_stage[1].rd_stg_inst/Q_reg_reg[2]/CLR
  -------------------------------------------------------------------    -------------------

                         (clock mmcm_clkout5 rise edge)
                                                     13.328    13.328 r  
    G13                                               0.000    13.328 r  c0_sys_clk_p (IN)
                         net (fo=0)                   0.079    13.407    ddr_inst/inst/u_ddr4_mem_intfc/u_mig_ddr4_phy/inst/u_ddr4_phy_pll/diff_input_clk.u_ibufg_sys_clk/I
    HPIOBDIFFINBUF_X0Y108
                         DIFFINBUF (Prop_DIFFINBUF_HPIOBDIFFINBUF_DIFF_IN_P_O)
                                                      0.453    13.860 r  ddr_inst/inst/u_ddr4_mem_intfc/u_mig_ddr4_phy/inst/u_ddr4_phy_pll/diff_input_clk.u_ibufg_sys_clk/DIFFINBUF_INST/O
                         net (fo=1, routed)           0.040    13.900    ddr_inst/inst/u_ddr4_mem_intfc/u_mig_ddr4_phy/inst/u_ddr4_phy_pll/diff_input_clk.u_ibufg_sys_clk/OUT
    G13                  IBUFCTRL (Prop_IBUFCTRL_HPIOB_M_I_O)
                                                      0.000    13.900 r  ddr_inst/inst/u_ddr4_mem_intfc/u_mig_ddr4_phy/inst/u_ddr4_phy_pll/diff_input_clk.u_ibufg_sys_clk/IBUFCTRL_INST/O
                         net (fo=2, routed)           0.333    14.233    ddr_inst/inst/u_ddr4_infrastructure/mmcm_clk_in
    MMCM_X0Y4            MMCME4_ADV (Prop_MMCM_CLKIN1_CLKOUT5)
                                                      0.630    14.863 r  ddr_inst/inst/u_ddr4_infrastructure/gen_mmcme4.u_mmcme_adv_inst/CLKOUT5
                         net (fo=1, routed)           0.206    15.069    ddr_inst/inst/u_ddr4_infrastructure/mmcm_clkout5
    BUFGCE_X0Y98         BUFGCE (Prop_BUFCE_BUFGCE_I_O)
                                                      0.024    15.093 r  ddr_inst/inst/u_ddr4_infrastructure/u_bufg_dbg_clk/O
    X2Y4 (CLOCK_ROOT)    net (fo=3638, routed)        2.033    17.125    dbg_hub/inst/BSCANID.u_xsdbm_id/CORE_XSDB.UUT_MASTER/U_ICON_INTERFACE/U_CMD6_WR/U_WR_FIFO/SUBCORE_FIFO.xsdbm_v3_0_0_wrfifo_inst/inst_fifo_gen/gconvfifo.rf/grf.rf/gntv_or_sync_fifo.gcx.clkx/gnxpm_cdc.gsync_stage[1].rd_stg_inst/rd_clk
    SLICE_X79Y197        FDCE                                         r  dbg_hub/inst/BSCANID.u_xsdbm_id/CORE_XSDB.UUT_MASTER/U_ICON_INTERFACE/U_CMD6_WR/U_WR_FIFO/SUBCORE_FIFO.xsdbm_v3_0_0_wrfifo_inst/inst_fifo_gen/gconvfifo.rf/grf.rf/gntv_or_sync_fifo.gcx.clkx/gnxpm_cdc.gsync_stage[1].rd_stg_inst/Q_reg_reg[2]/C
                         clock pessimism             -0.338    16.787    
                         clock uncertainty           -0.061    16.726    
    SLICE_X79Y197        FDCE (Recov_DFF2_SLICEM_C_CLR)
                                                     -0.066    16.660    dbg_hub/inst/BSCANID.u_xsdbm_id/CORE_XSDB.UUT_MASTER/U_ICON_INTERFACE/U_CMD6_WR/U_WR_FIFO/SUBCORE_FIFO.xsdbm_v3_0_0_wrfifo_inst/inst_fifo_gen/gconvfifo.rf/grf.rf/gntv_or_sync_fifo.gcx.clkx/gnxpm_cdc.gsync_stage[1].rd_stg_inst/Q_reg_reg[2]
  -------------------------------------------------------------------
                         required time                         16.660    
                         arrival time                          -4.784    
  -------------------------------------------------------------------
                         slack                                 11.877    





Min Delay Paths
--------------------------------------------------------------------------------------
Slack (MET) :             0.119ns  (arrival time - required time)
  Source:                 dbg_hub/inst/BSCANID.u_xsdbm_id/CORE_XSDB.UUT_MASTER/U_XSDB_BUS_CONTROLLER/clr_abort_rd_reg/C
                            (rising edge-triggered cell FDCE clocked by mmcm_clkout5  {rise@0.000ns fall@6.664ns period=13.328ns})
  Destination:            dbg_hub/inst/BSCANID.u_xsdbm_id/CORE_XSDB.UUT_MASTER/U_XSDB_BUS_CONTROLLER/U_RD_ABORT_FLAG/G_NEG_EDGE.flag_reg/CLR
                            (removal check against rising-edge clock mmcm_clkout5  {rise@0.000ns fall@6.664ns period=13.328ns})
  Path Group:             **async_default**
  Path Type:              Removal (Min at Fast Process Corner)
  Requirement:            0.000ns  (mmcm_clkout5 rise@0.000ns - mmcm_clkout5 rise@0.000ns)
  Data Path Delay:        0.142ns  (logic 0.038ns (26.743%)  route 0.104ns (73.257%))
  Logic Levels:           0  
  Clock Path Skew:        0.043ns (DCD - SCD - CPR)
    Destination Clock Delay (DCD):    2.047ns
    Source Clock Delay      (SCD):    2.256ns
    Clock Pessimism Removal (CPR):    -0.252ns
  Clock Net Delay (Source):      1.249ns (routing 0.406ns, distribution 0.843ns)
  Clock Net Delay (Destination): 1.387ns (routing 0.449ns, distribution 0.938ns)

    Location             Delay type                Incr(ns)  Path(ns)    Netlist Resource(s)
  -------------------------------------------------------------------    -------------------
                         (clock mmcm_clkout5 rise edge)
                                                      0.000     0.000 r  
    G13                                               0.000     0.000 r  c0_sys_clk_p (IN)
                         net (fo=0)                   0.079     0.079    ddr_inst/inst/u_ddr4_mem_intfc/u_mig_ddr4_phy/inst/u_ddr4_phy_pll/diff_input_clk.u_ibufg_sys_clk/I
    HPIOBDIFFINBUF_X0Y108
                         DIFFINBUF (Prop_DIFFINBUF_HPIOBDIFFINBUF_DIFF_IN_P_O)
                                                      0.308     0.387 r  ddr_inst/inst/u_ddr4_mem_intfc/u_mig_ddr4_phy/inst/u_ddr4_phy_pll/diff_input_clk.u_ibufg_sys_clk/DIFFINBUF_INST/O
                         net (fo=1, routed)           0.040     0.427    ddr_inst/inst/u_ddr4_mem_intfc/u_mig_ddr4_phy/inst/u_ddr4_phy_pll/diff_input_clk.u_ibufg_sys_clk/OUT
    G13                  IBUFCTRL (Prop_IBUFCTRL_HPIOB_M_I_O)
                                                      0.000     0.427 r  ddr_inst/inst/u_ddr4_mem_intfc/u_mig_ddr4_phy/inst/u_ddr4_phy_pll/diff_input_clk.u_ibufg_sys_clk/IBUFCTRL_INST/O
                         net (fo=2, routed)           0.196     0.623    ddr_inst/inst/u_ddr4_infrastructure/mmcm_clk_in
    MMCM_X0Y4            MMCME4_ADV (Prop_MMCM_CLKIN1_CLKOUT5)
                                                      0.230     0.853 r  ddr_inst/inst/u_ddr4_infrastructure/gen_mmcme4.u_mmcme_adv_inst/CLKOUT5
                         net (fo=1, routed)           0.138     0.991    ddr_inst/inst/u_ddr4_infrastructure/mmcm_clkout5
    BUFGCE_X0Y98         BUFGCE (Prop_BUFCE_BUFGCE_I_O)
                                                      0.017     1.008 r  ddr_inst/inst/u_ddr4_infrastructure/u_bufg_dbg_clk/O
    X2Y4 (CLOCK_ROOT)    net (fo=3638, routed)        1.249     2.256    dbg_hub/inst/BSCANID.u_xsdbm_id/CORE_XSDB.UUT_MASTER/U_XSDB_BUS_CONTROLLER/clk
    SLICE_X76Y204        FDCE                                         r  dbg_hub/inst/BSCANID.u_xsdbm_id/CORE_XSDB.UUT_MASTER/U_XSDB_BUS_CONTROLLER/clr_abort_rd_reg/C
  -------------------------------------------------------------------    -------------------
    SLICE_X76Y204        FDCE (Prop_BFF_SLICEM_C_Q)
                                                      0.038     2.294 f  dbg_hub/inst/BSCANID.u_xsdbm_id/CORE_XSDB.UUT_MASTER/U_XSDB_BUS_CONTROLLER/clr_abort_rd_reg/Q
                         net (fo=2, routed)           0.104     2.398    dbg_hub/inst/BSCANID.u_xsdbm_id/CORE_XSDB.UUT_MASTER/U_XSDB_BUS_CONTROLLER/U_RD_ABORT_FLAG/clr_abort_rd
    SLICE_X78Y204        FDCE                                         f  dbg_hub/inst/BSCANID.u_xsdbm_id/CORE_XSDB.UUT_MASTER/U_XSDB_BUS_CONTROLLER/U_RD_ABORT_FLAG/G_NEG_EDGE.flag_reg/CLR
  -------------------------------------------------------------------    -------------------

                         (clock mmcm_clkout5 rise edge)
                                                      0.000     0.000 r  
    G13                                               0.000     0.000 r  c0_sys_clk_p (IN)
                         net (fo=0)                   0.100     0.100    ddr_inst/inst/u_ddr4_mem_intfc/u_mig_ddr4_phy/inst/u_ddr4_phy_pll/diff_input_clk.u_ibufg_sys_clk/I
    HPIOBDIFFINBUF_X0Y108
                         DIFFINBUF (Prop_DIFFINBUF_HPIOBDIFFINBUF_DIFF_IN_P_O)
                                                      0.406     0.506 r  ddr_inst/inst/u_ddr4_mem_intfc/u_mig_ddr4_phy/inst/u_ddr4_phy_pll/diff_input_clk.u_ibufg_sys_clk/DIFFINBUF_INST/O
                         net (fo=1, routed)           0.050     0.556    ddr_inst/inst/u_ddr4_mem_intfc/u_mig_ddr4_phy/inst/u_ddr4_phy_pll/diff_input_clk.u_ibufg_sys_clk/OUT
    G13                  IBUFCTRL (Prop_IBUFCTRL_HPIOB_M_I_O)
                                                      0.000     0.556 r  ddr_inst/inst/u_ddr4_mem_intfc/u_mig_ddr4_phy/inst/u_ddr4_phy_pll/diff_input_clk.u_ibufg_sys_clk/IBUFCTRL_INST/O
                         net (fo=2, routed)           0.222     0.778    ddr_inst/inst/u_ddr4_infrastructure/mmcm_clk_in
    MMCM_X0Y4            MMCME4_ADV (Prop_MMCM_CLKIN1_CLKOUT5)
                                                     -0.295     0.483 r  ddr_inst/inst/u_ddr4_infrastructure/gen_mmcme4.u_mmcme_adv_inst/CLKOUT5
                         net (fo=1, routed)           0.158     0.641    ddr_inst/inst/u_ddr4_infrastructure/mmcm_clkout5
    BUFGCE_X0Y98         BUFGCE (Prop_BUFCE_BUFGCE_I_O)
                                                      0.019     0.660 r  ddr_inst/inst/u_ddr4_infrastructure/u_bufg_dbg_clk/O
    X2Y4 (CLOCK_ROOT)    net (fo=3638, routed)        1.387     2.047    dbg_hub/inst/BSCANID.u_xsdbm_id/CORE_XSDB.UUT_MASTER/U_XSDB_BUS_CONTROLLER/U_RD_ABORT_FLAG/clk
    SLICE_X78Y204        FDCE                                         r  dbg_hub/inst/BSCANID.u_xsdbm_id/CORE_XSDB.UUT_MASTER/U_XSDB_BUS_CONTROLLER/U_RD_ABORT_FLAG/G_NEG_EDGE.flag_reg/C
                         clock pessimism              0.252     2.299    
    SLICE_X78Y204        FDCE (Remov_HFF2_SLICEM_C_CLR)
                                                     -0.020     2.279    dbg_hub/inst/BSCANID.u_xsdbm_id/CORE_XSDB.UUT_MASTER/U_XSDB_BUS_CONTROLLER/U_RD_ABORT_FLAG/G_NEG_EDGE.flag_reg
  -------------------------------------------------------------------
                         required time                         -2.279    
                         arrival time                           2.398    
  -------------------------------------------------------------------
                         slack                                  0.119    





---------------------------------------------------------------------------------------------------
Path Group:  **async_default**
From Clock:  txoutclk_out[0]
  To Clock:  txoutclk_out[0]

Setup :            0  Failing Endpoints,  Worst Slack        1.026ns,  Total Violation        0.000ns
Hold  :            0  Failing Endpoints,  Worst Slack        0.822ns,  Total Violation        0.000ns
---------------------------------------------------------------------------------------------------


Max Delay Paths
--------------------------------------------------------------------------------------
Slack (MET) :             1.026ns  (required time - arrival time)
  Source:                 rst_mac_sync/sync_reg_reg[3]/C
                            (rising edge-triggered cell FDPE clocked by txoutclk_out[0]  {rise@0.000ns fall@1.552ns period=3.103ns})
  Destination:            roce_fifo/m_rst_sync1_reg_reg/PRE
                            (recovery check against rising-edge clock txoutclk_out[0]  {rise@0.000ns fall@1.552ns period=3.103ns})
  Path Group:             **async_default**
  Path Type:              Recovery (Max at Slow Process Corner)
  Requirement:            3.103ns  (txoutclk_out[0] rise@3.103ns - txoutclk_out[0] rise@0.000ns)
  Data Path Delay:        1.906ns  (logic 0.080ns (4.197%)  route 1.826ns (95.803%))
  Logic Levels:           0  
  Clock Path Skew:        -0.059ns (DCD - SCD + CPR)
    Destination Clock Delay (DCD):    2.391ns = ( 5.494 - 3.103 ) 
    Source Clock Delay      (SCD):    2.591ns
    Clock Pessimism Removal (CPR):    0.141ns
  Clock Uncertainty:      0.046ns  ((TSJ^2 + DJ^2)^1/2) / 2 + PE
    Total System Jitter     (TSJ):    0.071ns
    Discrete Jitter          (DJ):    0.060ns
    Phase Error              (PE):    0.000ns
  Clock Net Delay (Source):      2.376ns (routing 1.289ns, distribution 1.087ns)
  Clock Net Delay (Destination): 2.199ns (routing 1.171ns, distribution 1.028ns)

    Location             Delay type                Incr(ns)  Path(ns)    Netlist Resource(s)
  -------------------------------------------------------------------    -------------------
                         (clock txoutclk_out[0] rise edge)
                                                      0.000     0.000 r  
    GTYE4_CHANNEL_X0Y4   GTYE4_CHANNEL                0.000     0.000 r  cmac_inst/inst/cmac_usplus_0_gt_i/inst/gen_gtwizard_gtye4_top.cmac_usplus_0_gt_gtwizard_gtye4_inst/gen_gtwizard_gtye4.gen_channel_container[1].gen_enabled_channel.gtye4_channel_wrapper_inst/channel_inst/gtye4_channel_gen.gen_gtye4_channel_inst[0].GTYE4_CHANNEL_PRIM_INST/TXOUTCLK
                         net (fo=2, routed)           0.085     0.085    cmac_inst/inst/cmac_gtwiz_userclk_tx_inst/txoutclk_out[0]
    BUFG_GT_X0Y102       BUFG_GT (Prop_BUFG_GT_I_O)
                                                      0.130     0.215 r  cmac_inst/inst/cmac_gtwiz_userclk_tx_inst/gen_gtwiz_userclk_tx_main.bufg_gt_usrclk_inst/O
    X2Y2 (CLOCK_ROOT)    net (fo=10048, routed)       2.376     2.591    rst_mac_sync/gt_txusrclk2
    SLICE_X35Y176        FDPE                                         r  rst_mac_sync/sync_reg_reg[3]/C
  -------------------------------------------------------------------    -------------------
    SLICE_X35Y176        FDPE (Prop_DFF2_SLICEM_C_Q)
                                                      0.080     2.671 f  rst_mac_sync/sync_reg_reg[3]/Q
                         net (fo=388, routed)         1.826     4.497    roce_fifo/overflow_reg_reg_0[0]
    SLICE_X74Y189        FDPE                                         f  roce_fifo/m_rst_sync1_reg_reg/PRE
  -------------------------------------------------------------------    -------------------

                         (clock txoutclk_out[0] rise edge)
                                                      3.103     3.103 r  
    GTYE4_CHANNEL_X0Y4   GTYE4_CHANNEL                0.000     3.103 r  cmac_inst/inst/cmac_usplus_0_gt_i/inst/gen_gtwizard_gtye4_top.cmac_usplus_0_gt_gtwizard_gtye4_inst/gen_gtwizard_gtye4.gen_channel_container[1].gen_enabled_channel.gtye4_channel_wrapper_inst/channel_inst/gtye4_channel_gen.gen_gtye4_channel_inst[0].GTYE4_CHANNEL_PRIM_INST/TXOUTCLK
                         net (fo=2, routed)           0.078     3.181    cmac_inst/inst/cmac_gtwiz_userclk_tx_inst/txoutclk_out[0]
    BUFG_GT_X0Y102       BUFG_GT (Prop_BUFG_GT_I_O)
                                                      0.114     3.295 r  cmac_inst/inst/cmac_gtwiz_userclk_tx_inst/gen_gtwiz_userclk_tx_main.bufg_gt_usrclk_inst/O
    X2Y2 (CLOCK_ROOT)    net (fo=10048, routed)       2.199     5.494    roce_fifo/gt_txusrclk2
    SLICE_X74Y189        FDPE                                         r  roce_fifo/m_rst_sync1_reg_reg/C
                         clock pessimism              0.141     5.635    
                         clock uncertainty           -0.046     5.589    
    SLICE_X74Y189        FDPE (Recov_EFF_SLICEL_C_PRE)
                                                     -0.066     5.523    roce_fifo/m_rst_sync1_reg_reg
  -------------------------------------------------------------------
                         required time                          5.523    
                         arrival time                          -4.497    
  -------------------------------------------------------------------
                         slack                                  1.026    





Min Delay Paths
--------------------------------------------------------------------------------------
Slack (MET) :             0.822ns  (arrival time - required time)
  Source:                 rst_mac_sync/sync_reg_reg[3]/C
                            (rising edge-triggered cell FDPE clocked by txoutclk_out[0]  {rise@0.000ns fall@1.552ns period=3.103ns})
  Destination:            roce_fifo/m_rst_sync1_reg_reg/PRE
                            (removal check against rising-edge clock txoutclk_out[0]  {rise@0.000ns fall@1.552ns period=3.103ns})
  Path Group:             **async_default**
  Path Type:              Removal (Min at Fast Process Corner)
  Requirement:            0.000ns  (txoutclk_out[0] rise@0.000ns - txoutclk_out[0] rise@0.000ns)
  Data Path Delay:        0.941ns  (logic 0.041ns (4.355%)  route 0.900ns (95.645%))
  Logic Levels:           0  
  Clock Path Skew:        0.139ns (DCD - SCD - CPR)
    Destination Clock Delay (DCD):    1.658ns
    Source Clock Delay      (SCD):    1.424ns
    Clock Pessimism Removal (CPR):    0.095ns
  Clock Net Delay (Source):      1.299ns (routing 0.702ns, distribution 0.597ns)
  Clock Net Delay (Destination): 1.519ns (routing 0.783ns, distribution 0.736ns)

    Location             Delay type                Incr(ns)  Path(ns)    Netlist Resource(s)
  -------------------------------------------------------------------    -------------------
                         (clock txoutclk_out[0] rise edge)
                                                      0.000     0.000 r  
    GTYE4_CHANNEL_X0Y4   GTYE4_CHANNEL                0.000     0.000 r  cmac_inst/inst/cmac_usplus_0_gt_i/inst/gen_gtwizard_gtye4_top.cmac_usplus_0_gt_gtwizard_gtye4_inst/gen_gtwizard_gtye4.gen_channel_container[1].gen_enabled_channel.gtye4_channel_wrapper_inst/channel_inst/gtye4_channel_gen.gen_gtye4_channel_inst[0].GTYE4_CHANNEL_PRIM_INST/TXOUTCLK
                         net (fo=2, routed)           0.052     0.052    cmac_inst/inst/cmac_gtwiz_userclk_tx_inst/txoutclk_out[0]
    BUFG_GT_X0Y102       BUFG_GT (Prop_BUFG_GT_I_O)
                                                      0.073     0.125 r  cmac_inst/inst/cmac_gtwiz_userclk_tx_inst/gen_gtwiz_userclk_tx_main.bufg_gt_usrclk_inst/O
    X2Y2 (CLOCK_ROOT)    net (fo=10048, routed)       1.299     1.424    rst_mac_sync/gt_txusrclk2
    SLICE_X35Y176        FDPE                                         r  rst_mac_sync/sync_reg_reg[3]/C
  -------------------------------------------------------------------    -------------------
    SLICE_X35Y176        FDPE (Prop_DFF2_SLICEM_C_Q)
                                                      0.041     1.465 f  rst_mac_sync/sync_reg_reg[3]/Q
                         net (fo=388, routed)         0.900     2.365    roce_fifo/overflow_reg_reg_0[0]
    SLICE_X74Y189        FDPE                                         f  roce_fifo/m_rst_sync1_reg_reg/PRE
  -------------------------------------------------------------------    -------------------

                         (clock txoutclk_out[0] rise edge)
                                                      0.000     0.000 r  
    GTYE4_CHANNEL_X0Y4   GTYE4_CHANNEL                0.000     0.000 r  cmac_inst/inst/cmac_usplus_0_gt_i/inst/gen_gtwizard_gtye4_top.cmac_usplus_0_gt_gtwizard_gtye4_inst/gen_gtwizard_gtye4.gen_channel_container[1].gen_enabled_channel.gtye4_channel_wrapper_inst/channel_inst/gtye4_channel_gen.gen_gtye4_channel_inst[0].GTYE4_CHANNEL_PRIM_INST/TXOUTCLK
                         net (fo=2, routed)           0.057     0.057    cmac_inst/inst/cmac_gtwiz_userclk_tx_inst/txoutclk_out[0]
    BUFG_GT_X0Y102       BUFG_GT (Prop_BUFG_GT_I_O)
                                                      0.082     0.139 r  cmac_inst/inst/cmac_gtwiz_userclk_tx_inst/gen_gtwiz_userclk_tx_main.bufg_gt_usrclk_inst/O
    X2Y2 (CLOCK_ROOT)    net (fo=10048, routed)       1.519     1.658    roce_fifo/gt_txusrclk2
    SLICE_X74Y189        FDPE                                         r  roce_fifo/m_rst_sync1_reg_reg/C
                         clock pessimism             -0.095     1.563    
    SLICE_X74Y189        FDPE (Remov_EFF_SLICEL_C_PRE)
                                                     -0.020     1.543    roce_fifo/m_rst_sync1_reg_reg
  -------------------------------------------------------------------
                         required time                         -1.543    
                         arrival time                           2.365    
  -------------------------------------------------------------------
                         slack                                  0.822    





