Copyright 1986-2022 Xilinx, Inc. All Rights Reserved. Copyright 2022-2023 Advanced Micro Devices, Inc. All Rights Reserved.
--------------------------------------------------------------------------------------------------------------------------------------------------
| Tool Version      : Vivado v.2023.2 (lin64) Build 4029153 Fri Oct 13 20:13:54 MDT 2023
| Date              : Wed Sep 30 00:30:35 2026
| Host              : yijie running 64-bit Ubuntu 24.04.5 LTS
| Command           : report_timing_summary -file build/timing_summary.rpt
| Design            : mts_wrapper
| Device            : xczu48dr-ffvg1517
| Speed File        : -2  PRODUCTION 1.32 01-31-2021
| Design State      : Routed
| Temperature Grade : E
--------------------------------------------------------------------------------------------------------------------------------------------------

Timing Summary Report

------------------------------------------------------------------------------------------------
| Timer Settings
| --------------
------------------------------------------------------------------------------------------------

  Enable Multi Corner Analysis               :  Yes
  Enable Pessimism Removal                   :  Yes
  Pessimism Removal Resolution               :  Nearest Common Node
  Enable Input Delay Default Clock           :  No
  Enable Preset / Clear Arcs                 :  No
  Disable Flight Delays                      :  No
  Ignore I/O Paths                           :  No
  Timing Early Launch at Borrowing Latches   :  No
  Borrow Time for Max Delay Exceptions       :  Yes
  Merge Timing Exceptions                    :  Yes
  Inter-SLR Compensation                     :  Conservative

  Corner  Analyze    Analyze    
  Name    Max Paths  Min Paths  
  ------  ---------  ---------  
  Slow    Yes        Yes        
  Fast    Yes        Yes        


------------------------------------------------------------------------------------------------
| Report Methodology
| ------------------
------------------------------------------------------------------------------------------------

Rule      Severity  Description                                 Violations  
--------  --------  ------------------------------------------  ----------  
LUTAR-1   Warning   LUT drives async reset alert                21          
TIMING-9  Warning   Unknown CDC Logic                           1           
CLKC-56   Advisory  MMCME4 with global clock driver has no LOC  1           

Note: This report is based on the most recent report_methodology run and may not be up-to-date. Run report_methodology on the current design for the latest report.



check_timing report

Table of Contents
-----------------
1. checking no_clock (0)
2. checking constant_clock (0)
3. checking pulse_width_clock (0)
4. checking unconstrained_internal_endpoints (0)
5. checking no_input_delay (0)
6. checking no_output_delay (0)
7. checking multiple_clock (0)
8. checking generated_clocks (0)
9. checking loops (0)
10. checking partial_input_delay (0)
11. checking partial_output_delay (0)
12. checking latch_loops (0)

1. checking no_clock (0)
------------------------
 There are 0 register/latch pins with no clock.


2. checking constant_clock (0)
------------------------------
 There are 0 register/latch pins with constant_clock.


3. checking pulse_width_clock (0)
---------------------------------
 There are 0 register/latch pins which need pulse_width check


4. checking unconstrained_internal_endpoints (0)
------------------------------------------------
 There are 0 pins that are not constrained for maximum delay.

 There are 0 pins that are not constrained for maximum delay due to constant clock.


5. checking no_input_delay (0)
------------------------------
 There are 0 input ports with no input delay specified.

 There are 0 input ports with no input delay but user has a false path constraint.


6. checking no_output_delay (0)
-------------------------------
 There are 0 ports with no output delay specified.

 There are 0 ports with no output delay but user has a false path constraint

 There are 0 ports with no output delay but with a timing clock defined on it or propagating through it


7. checking multiple_clock (0)
------------------------------
 There are 0 register/latch pins with multiple clocks.


8. checking generated_clocks (0)
--------------------------------
 There are 0 generated clocks that are not connected to a clock source.


9. checking loops (0)
---------------------
 There are 0 combinational loops in the design.


10. checking partial_input_delay (0)
------------------------------------
 There are 0 input ports with partial input delay specified.


11. checking partial_output_delay (0)
-------------------------------------
 There are 0 ports with partial output delay specified.


12. checking latch_loops (0)
----------------------------
 There are 0 combinational latch loops in the design through latch input



------------------------------------------------------------------------------------------------
| Design Timing Summary
| ---------------------
------------------------------------------------------------------------------------------------

    WNS(ns)      TNS(ns)  TNS Failing Endpoints  TNS Total Endpoints      WHS(ns)      THS(ns)  THS Failing Endpoints  THS Total Endpoints     WPWS(ns)     TPWS(ns)  TPWS Failing Endpoints  TPWS Total Endpoints  
    -------      -------  ---------------------  -------------------      -------      -------  ---------------------  -------------------     --------     --------  ----------------------  --------------------  
      0.110        0.000                      0               247637        0.010        0.000                      0               247387        0.100        0.000                       0                 72409  


All user specified timing constraints are met.


------------------------------------------------------------------------------------------------
| Clock Summary
| -------------
------------------------------------------------------------------------------------------------

Clock                     Waveform(ns)         Period(ns)      Frequency(MHz)
-----                     ------------         ----------      --------------
PL_CLK                    {0.000 1.000}        2.000           500.000         
  clk_out1_mts_mmcm_rf_0  {0.000 2.000}        4.000           250.000         
  clk_out2_mts_mmcm_rf_0  {0.000 4.000}        8.000           125.000         
  clkfbout_mts_mmcm_rf_0  {0.000 1.000}        2.000           500.000         
RFADC0_CLK                {0.000 4.000}        8.000           125.000         
RFADC1_CLK                {0.000 4.000}        8.000           125.000         
RFADC2_CLK                {0.000 4.000}        8.000           125.000         
RFADC3_CLK                {0.000 4.000}        8.000           125.000         
RFDAC0_CLK                {0.000 4.000}        8.000           125.000         
RFDAC1_CLK                {0.000 4.000}        8.000           125.000         
RFDAC2_CLK                {0.000 4.000}        8.000           125.000         
RFDAC3_CLK                {0.000 4.000}        8.000           125.000         
clk_pl_0                  {0.000 5.000}        10.000          100.000         


------------------------------------------------------------------------------------------------
| Intra Clock Table
| -----------------
------------------------------------------------------------------------------------------------

Clock                         WNS(ns)      TNS(ns)  TNS Failing Endpoints  TNS Total Endpoints      WHS(ns)      THS(ns)  THS Failing Endpoints  THS Total Endpoints     WPWS(ns)     TPWS(ns)  TPWS Failing Endpoints  TPWS Total Endpoints  
-----                         -------      -------  ---------------------  -------------------      -------      -------  ---------------------  -------------------     --------     --------  ----------------------  --------------------  
PL_CLK                          0.110        0.000                      0                  163        0.039        0.000                      0                  163        0.100        0.000                       0                   133  
  clk_out1_mts_mmcm_rf_0        0.731        0.000                      0                17423        0.011        0.000                      0                17423        1.350        0.000                       0                  5697  
  clk_out2_mts_mmcm_rf_0        0.880        0.000                      0               141170        0.015        0.000                      0               141170        3.300        0.000                       0                 33661  
  clkfbout_mts_mmcm_rf_0                                                                                                                                                    0.710        0.000                       0                     3  
clk_pl_0                        2.365        0.000                      0                86636        0.010        0.000                      0                86636        3.400        0.000                       0                 32915  


------------------------------------------------------------------------------------------------
| Inter Clock Table
| -----------------
------------------------------------------------------------------------------------------------

From Clock              To Clock                    WNS(ns)      TNS(ns)  TNS Failing Endpoints  TNS Total Endpoints      WHS(ns)      THS(ns)  THS Failing Endpoints  THS Total Endpoints  
----------              --------                    -------      -------  ---------------------  -------------------      -------      -------  ---------------------  -------------------  
PL_CLK                  clk_out1_mts_mmcm_rf_0        1.298        0.000                      0                    1        0.183        0.000                      0                    1  
clk_out2_mts_mmcm_rf_0  clk_out1_mts_mmcm_rf_0        6.852        0.000                      0                  537                                                                        
clk_out1_mts_mmcm_rf_0  clk_out2_mts_mmcm_rf_0        2.717        0.000                      0                 1049                                                                        
clk_pl_0                clk_out2_mts_mmcm_rf_0        8.967        0.000                      0                  100                                                                        
clk_out2_mts_mmcm_rf_0  clk_pl_0                      6.850        0.000                      0                  100                                                                        


------------------------------------------------------------------------------------------------
| Other Path Groups Table
| -----------------------
------------------------------------------------------------------------------------------------

Path Group              From Clock              To Clock                    WNS(ns)      TNS(ns)  TNS Failing Endpoints  TNS Total Endpoints      WHS(ns)      THS(ns)  THS Failing Endpoints  THS Total Endpoints  
----------              ----------              --------                    -------      -------  ---------------------  -------------------      -------      -------  ---------------------  -------------------  
**async_default**       clk_out1_mts_mmcm_rf_0  clk_out1_mts_mmcm_rf_0        1.731        0.000                      0                  204        0.442        0.000                      0                  204  
**async_default**       clk_out2_mts_mmcm_rf_0  clk_out2_mts_mmcm_rf_0        6.497        0.000                      0                  929        0.105        0.000                      0                  929  
**async_default**       clk_pl_0                clk_pl_0                      7.514        0.000                      0                  861        0.096        0.000                      0                  861  


------------------------------------------------------------------------------------------------
| Timing Details
| --------------
------------------------------------------------------------------------------------------------


---------------------------------------------------------------------------------------------------
From Clock:  PL_CLK
  To Clock:  PL_CLK

Setup :            0  Failing Endpoints,  Worst Slack        0.110ns,  Total Violation        0.000ns
Hold  :            0  Failing Endpoints,  Worst Slack        0.039ns,  Total Violation        0.000ns
PW    :            0  Failing Endpoints,  Worst Slack        0.100ns,  Total Violation        0.000ns
---------------------------------------------------------------------------------------------------


Max Delay Paths
--------------------------------------------------------------------------------------
Slack (MET) :             0.110ns  (required time - arrival time)
  Source:                 PL_SYSREF_P
                            (input port clocked by PL_CLK  {rise@0.000ns fall@1.000ns period=2.000ns})
  Destination:            mts_i/mts_sync_0/inst/sysref_pin_r_reg/D
                            (rising edge-triggered cell FDRE clocked by PL_CLK  {rise@0.000ns fall@1.000ns period=2.000ns})
  Path Group:             PL_CLK
  Path Type:              Setup (Max at Fast Process Corner)
  Requirement:            2.000ns  (PL_CLK rise@2.000ns - PL_CLK rise@0.000ns)
  Data Path Delay:        1.111ns  (logic 0.453ns (40.752%)  route 0.658ns (59.248%))
  Logic Levels:           2  (DIFFINBUF=1 IBUFCTRL=1)
  Input Delay:            2.031ns
  Clock Path Skew:        1.264ns (DCD - SCD + CPR)
    Destination Clock Delay (DCD):    1.264ns = ( 3.264 - 2.000 ) 
    Source Clock Delay      (SCD):    0.000ns
    Clock Pessimism Removal (CPR):    0.000ns
  Clock Uncertainty:      0.035ns  ((TSJ^2 + TIJ^2)^1/2 + DJ) / 2 + PE
    Total System Jitter     (TSJ):    0.071ns
    Total Input Jitter      (TIJ):    0.000ns
    Discrete Jitter          (DJ):    0.000ns
    Phase Error              (PE):    0.000ns
  Clock Net Delay (Destination): 0.602ns (routing 0.096ns, distribution 0.506ns)

    Location             Delay type                Incr(ns)  Path(ns)    Netlist Resource(s)
  -------------------------------------------------------------------    -------------------
                         (clock PL_CLK rise edge)     0.000     0.000 r  
                         input delay                  2.031     2.031    
    AP18                                              0.000     2.031 r  PL_SYSREF_P (IN)
                         net (fo=0)                   0.100     2.131    mts_i/mts_sync_0/inst/sysref_ibuf/I
    HPIOBDIFFINBUF_X0Y58 DIFFINBUF (Prop_DIFFINBUF_HPIOBDIFFINBUF_DIFF_IN_P_O)
                                                      0.453     2.584 r  mts_i/mts_sync_0/inst/sysref_ibuf/DIFFINBUF_INST/O
                         net (fo=1, routed)           0.050     2.634    mts_i/mts_sync_0/inst/sysref_ibuf/OUT
    AP18                 IBUFCTRL (Prop_IBUFCTRL_HPIOB_M_I_O)
                                                      0.000     2.634 r  mts_i/mts_sync_0/inst/sysref_ibuf/IBUFCTRL_INST/O
                         net (fo=1, routed)           0.508     3.142    mts_i/mts_sync_0/inst/sysref_i
    SLICE_X82Y145        FDRE                                         r  mts_i/mts_sync_0/inst/sysref_pin_r_reg/D
  -------------------------------------------------------------------    -------------------

                         (clock PL_CLK rise edge)     2.000     2.000 r  
    AN11                                              0.000     2.000 r  PL_CLK_clk_p[0] (IN)
                         net (fo=0)                   0.079     2.079    mts_i/ibufds_pl_clk/U0/USE_IBUFDS.GEN_IBUFDS[0].IBUFDS_I/I
    HPIOBDIFFINBUF_X0Y34 DIFFINBUF (Prop_DIFFINBUF_HPIOBDIFFINBUF_DIFF_IN_P_O)
                                                      0.332     2.411 r  mts_i/ibufds_pl_clk/U0/USE_IBUFDS.GEN_IBUFDS[0].IBUFDS_I/DIFFINBUF_INST/O
                         net (fo=1, routed)           0.040     2.451    mts_i/ibufds_pl_clk/U0/USE_IBUFDS.GEN_IBUFDS[0].IBUFDS_I/OUT
    AN11                 IBUFCTRL (Prop_IBUFCTRL_HPIOB_M_I_O)
                                                      0.000     2.451 r  mts_i/ibufds_pl_clk/U0/USE_IBUFDS.GEN_IBUFDS[0].IBUFDS_I/IBUFCTRL_INST/O
                         net (fo=1, routed)           0.194     2.645    mts_i/bufg_pl_clk/U0/BUFG_I[0]
    BUFGCE_X0Y33         BUFGCE (Prop_BUFCE_BUFGCE_I_O)
                                                      0.017     2.662 r  mts_i/bufg_pl_clk/U0/USE_BUFG.GEN_BUFG[0].BUFG_U/O
    X4Y1 (CLOCK_ROOT)    net (fo=132, routed)         0.602     3.264    mts_i/mts_sync_0/inst/pl_clk
    SLICE_X82Y145        FDRE                                         r  mts_i/mts_sync_0/inst/sysref_pin_r_reg/C
                         clock pessimism              0.000     3.264    
                         clock uncertainty           -0.035     3.228    
    SLICE_X82Y145        FDRE (Setup_HFF_SLICEM_C_D)
                                                      0.023     3.251    mts_i/mts_sync_0/inst/sysref_pin_r_reg
  -------------------------------------------------------------------
                         required time                          3.251    
                         arrival time                          -3.142    
  -------------------------------------------------------------------
                         slack                                  0.110    





Min Delay Paths
--------------------------------------------------------------------------------------
Slack (MET) :             0.039ns  (arrival time - required time)
  Source:                 mts_i/clk_meter_0/inst/clk_count_reg[13]/C
                            (rising edge-triggered cell FDRE clocked by PL_CLK  {rise@0.000ns fall@1.000ns period=2.000ns})
  Destination:            mts_i/clk_meter_0/inst/clk_count_gray_reg[13]/D
                            (rising edge-triggered cell FDRE clocked by PL_CLK  {rise@0.000ns fall@1.000ns period=2.000ns})
  Path Group:             PL_CLK
  Path Type:              Hold (Min at Slow Process Corner)
  Requirement:            0.000ns  (PL_CLK rise@0.000ns - PL_CLK rise@0.000ns)
  Data Path Delay:        0.195ns  (logic 0.093ns (47.709%)  route 0.102ns (52.291%))
  Logic Levels:           1  (LUT2=1)
  Clock Path Skew:        0.094ns (DCD - SCD - CPR)
    Destination Clock Delay (DCD):    2.425ns
    Source Clock Delay      (SCD):    2.080ns
    Clock Pessimism Removal (CPR):    0.251ns
  Clock Net Delay (Source):      1.082ns (routing 0.155ns, distribution 0.927ns)
  Clock Net Delay (Destination): 1.245ns (routing 0.171ns, distribution 1.074ns)

    Location             Delay type                Incr(ns)  Path(ns)    Netlist Resource(s)
  -------------------------------------------------------------------    -------------------
                         (clock PL_CLK rise edge)     0.000     0.000 r  
    AN11                                              0.000     0.000 r  PL_CLK_clk_p[0] (IN)
                         net (fo=0)                   0.079     0.079    mts_i/ibufds_pl_clk/U0/USE_IBUFDS.GEN_IBUFDS[0].IBUFDS_I/I
    HPIOBDIFFINBUF_X0Y34 DIFFINBUF (Prop_DIFFINBUF_HPIOBDIFFINBUF_DIFF_IN_P_O)
                                                      0.556     0.635 r  mts_i/ibufds_pl_clk/U0/USE_IBUFDS.GEN_IBUFDS[0].IBUFDS_I/DIFFINBUF_INST/O
                         net (fo=1, routed)           0.040     0.675    mts_i/ibufds_pl_clk/U0/USE_IBUFDS.GEN_IBUFDS[0].IBUFDS_I/OUT
    AN11                 IBUFCTRL (Prop_IBUFCTRL_HPIOB_M_I_O)
                                                      0.000     0.675 r  mts_i/ibufds_pl_clk/U0/USE_IBUFDS.GEN_IBUFDS[0].IBUFDS_I/IBUFCTRL_INST/O
                         net (fo=1, routed)           0.300     0.975    mts_i/bufg_pl_clk/U0/BUFG_I[0]
    BUFGCE_X0Y33         BUFGCE (Prop_BUFCE_BUFGCE_I_O)
                                                      0.024     0.999 r  mts_i/bufg_pl_clk/U0/USE_BUFG.GEN_BUFG[0].BUFG_U/O
    X4Y1 (CLOCK_ROOT)    net (fo=132, routed)         1.082     2.080    mts_i/clk_meter_0/inst/pl_clk
    SLICE_X117Y172       FDRE                                         r  mts_i/clk_meter_0/inst/clk_count_reg[13]/C
  -------------------------------------------------------------------    -------------------
    SLICE_X117Y172       FDRE (Prop_FFF_SLICEL_C_Q)
                                                      0.058     2.138 r  mts_i/clk_meter_0/inst/clk_count_reg[13]/Q
                         net (fo=3, routed)           0.091     2.229    mts_i/clk_meter_0/inst/clk_count_reg__0[13]
    SLICE_X118Y171       LUT2 (Prop_G5LUT_SLICEM_I1_O)
                                                      0.035     2.264 r  mts_i/clk_meter_0/inst/clk_count_gray[13]_i_1/O
                         net (fo=1, routed)           0.011     2.275    mts_i/clk_meter_0/inst/clk_count_gray0[13]
    SLICE_X118Y171       FDRE                                         r  mts_i/clk_meter_0/inst/clk_count_gray_reg[13]/D
  -------------------------------------------------------------------    -------------------

                         (clock PL_CLK rise edge)     0.000     0.000 r  
    AN11                                              0.000     0.000 r  PL_CLK_clk_p[0] (IN)
                         net (fo=0)                   0.100     0.100    mts_i/ibufds_pl_clk/U0/USE_IBUFDS.GEN_IBUFDS[0].IBUFDS_I/I
    HPIOBDIFFINBUF_X0Y34 DIFFINBUF (Prop_DIFFINBUF_HPIOBDIFFINBUF_DIFF_IN_P_O)
                                                      0.666     0.766 r  mts_i/ibufds_pl_clk/U0/USE_IBUFDS.GEN_IBUFDS[0].IBUFDS_I/DIFFINBUF_INST/O
                         net (fo=1, routed)           0.050     0.816    mts_i/ibufds_pl_clk/U0/USE_IBUFDS.GEN_IBUFDS[0].IBUFDS_I/OUT
    AN11                 IBUFCTRL (Prop_IBUFCTRL_HPIOB_M_I_O)
                                                      0.000     0.816 r  mts_i/ibufds_pl_clk/U0/USE_IBUFDS.GEN_IBUFDS[0].IBUFDS_I/IBUFCTRL_INST/O
                         net (fo=1, routed)           0.336     1.152    mts_i/bufg_pl_clk/U0/BUFG_I[0]
    BUFGCE_X0Y33         BUFGCE (Prop_BUFCE_BUFGCE_I_O)
                                                      0.028     1.180 r  mts_i/bufg_pl_clk/U0/USE_BUFG.GEN_BUFG[0].BUFG_U/O
    X4Y1 (CLOCK_ROOT)    net (fo=132, routed)         1.245     2.425    mts_i/clk_meter_0/inst/pl_clk
    SLICE_X118Y171       FDRE                                         r  mts_i/clk_meter_0/inst/clk_count_gray_reg[13]/C
                         clock pessimism             -0.251     2.174    
    SLICE_X118Y171       FDRE (Hold_GFF2_SLICEM_C_D)
                                                      0.062     2.236    mts_i/clk_meter_0/inst/clk_count_gray_reg[13]
  -------------------------------------------------------------------
                         required time                         -2.236    
                         arrival time                           2.275    
  -------------------------------------------------------------------
                         slack                                  0.039    





Pulse Width Checks
--------------------------------------------------------------------------------------
Clock Name:         PL_CLK
Waveform(ns):       { 0.000 1.000 }
Period(ns):         2.000
Sources:            { PL_CLK_clk_p[0] }

Check Type        Corner  Lib Pin            Reference Pin  Required(ns)  Actual(ns)  Slack(ns)  Location      Pin
Min Period        n/a     BUFGCE/I           n/a            1.290         2.000       0.710      BUFGCE_X0Y33  mts_i/bufg_pl_clk/U0/USE_BUFG.GEN_BUFG[0].BUFG_U/I
Max Period        n/a     MMCME4_ADV/CLKIN1  n/a            100.000       2.000       98.000     MMCM_X0Y1     mts_i/mmcm_rf/inst/mmcme4_adv_inst/CLKIN1
Low Pulse Width   Slow    MMCME4_ADV/CLKIN1  n/a            0.900         1.000       0.100      MMCM_X0Y1     mts_i/mmcm_rf/inst/mmcme4_adv_inst/CLKIN1
High Pulse Width  Slow    MMCME4_ADV/CLKIN1  n/a            0.900         1.000       0.100      MMCM_X0Y1     mts_i/mmcm_rf/inst/mmcme4_adv_inst/CLKIN1



---------------------------------------------------------------------------------------------------
From Clock:  clk_out1_mts_mmcm_rf_0
  To Clock:  clk_out1_mts_mmcm_rf_0

Setup :            0  Failing Endpoints,  Worst Slack        0.731ns,  Total Violation        0.000ns
Hold  :            0  Failing Endpoints,  Worst Slack        0.011ns,  Total Violation        0.000ns
PW    :            0  Failing Endpoints,  Worst Slack        1.350ns,  Total Violation        0.000ns
---------------------------------------------------------------------------------------------------


Max Delay Paths
--------------------------------------------------------------------------------------
Slack (MET) :             0.731ns  (required time - arrival time)
  Source:                 mts_i/rst_rf/U0/ACTIVE_LOW_PR_OUT_DFF[0].FDRE_PER_N/C
                            (rising edge-triggered cell FDRE clocked by clk_out1_mts_mmcm_rf_0  {rise@0.000ns fall@2.000ns period=4.000ns})
  Destination:            mts_i/cap0_cc/inst/gen_async_conv.axisc_async_clock_converter_0/s_and_m_areset_r_reg/D
                            (rising edge-triggered cell FDRE clocked by clk_out1_mts_mmcm_rf_0  {rise@0.000ns fall@2.000ns period=4.000ns})
  Path Group:             clk_out1_mts_mmcm_rf_0
  Path Type:              Setup (Max at Slow Process Corner)
  Requirement:            4.000ns  (clk_out1_mts_mmcm_rf_0 rise@4.000ns - clk_out1_mts_mmcm_rf_0 rise@0.000ns)
  Data Path Delay:        3.145ns  (logic 0.165ns (5.247%)  route 2.980ns (94.753%))
  Logic Levels:           1  (LUT2=1)
  Clock Path Skew:        -0.095ns (DCD - SCD + CPR)
    Destination Clock Delay (DCD):    2.010ns = ( 6.010 - 4.000 ) 
    Source Clock Delay      (SCD):    1.962ns
    Clock Pessimism Removal (CPR):    -0.144ns
  Clock Uncertainty:      0.054ns  ((TSJ^2 + DJ^2)^1/2) / 2 + PE
    Total System Jitter     (TSJ):    0.071ns
    Discrete Jitter          (DJ):    0.081ns
    Phase Error              (PE):    0.000ns
  Clock Net Delay (Source):      2.106ns (routing 0.744ns, distribution 1.362ns)
  Clock Net Delay (Destination): 1.939ns (routing 0.676ns, distribution 1.263ns)

    Location             Delay type                Incr(ns)  Path(ns)    Netlist Resource(s)
  -------------------------------------------------------------------    -------------------
                         (clock clk_out1_mts_mmcm_rf_0 rise edge)
                                                      0.000     0.000 r  
    AN11                                              0.000     0.000 r  PL_CLK_clk_p[0] (IN)
                         net (fo=0)                   0.100     0.100    mts_i/ibufds_pl_clk/U0/USE_IBUFDS.GEN_IBUFDS[0].IBUFDS_I/I
    HPIOBDIFFINBUF_X0Y34 DIFFINBUF (Prop_DIFFINBUF_HPIOBDIFFINBUF_DIFF_IN_P_O)
                                                      0.666     0.766 r  mts_i/ibufds_pl_clk/U0/USE_IBUFDS.GEN_IBUFDS[0].IBUFDS_I/DIFFINBUF_INST/O
                         net (fo=1, routed)           0.050     0.816    mts_i/ibufds_pl_clk/U0/USE_IBUFDS.GEN_IBUFDS[0].IBUFDS_I/OUT
    AN11                 IBUFCTRL (Prop_IBUFCTRL_HPIOB_M_I_O)
                                                      0.000     0.816 r  mts_i/ibufds_pl_clk/U0/USE_IBUFDS.GEN_IBUFDS[0].IBUFDS_I/IBUFCTRL_INST/O
                         net (fo=1, routed)           0.336     1.152    mts_i/bufg_pl_clk/U0/BUFG_I[0]
    BUFGCE_X0Y33         BUFGCE (Prop_BUFCE_BUFGCE_I_O)
                                                      0.028     1.180 r  mts_i/bufg_pl_clk/U0/USE_BUFG.GEN_BUFG[0].BUFG_U/O
                         net (fo=132, routed)         0.831     2.011    mts_i/mmcm_rf/inst/clk_in1
    MMCM_X0Y1            MMCME4_ADV (Prop_MMCM_CLKIN1_CLKOUT0)
                                                     -2.428    -0.417 r  mts_i/mmcm_rf/inst/mmcme4_adv_inst/CLKOUT0
                         net (fo=1, routed)           0.245    -0.172    mts_i/mmcm_rf/inst/clk_out1_mts_mmcm_rf_0
    BUFGCE_X0Y24         BUFGCE (Prop_BUFCE_BUFGCE_I_O)
                                                      0.028    -0.144 r  mts_i/mmcm_rf/inst/clkout1_buf/O
    X4Y3 (CLOCK_ROOT)    net (fo=5695, routed)        2.106     1.962    mts_i/rst_rf/U0/slowest_sync_clk
    SLICE_X90Y231        FDRE                                         r  mts_i/rst_rf/U0/ACTIVE_LOW_PR_OUT_DFF[0].FDRE_PER_N/C
  -------------------------------------------------------------------    -------------------
    SLICE_X90Y231        FDRE (Prop_AFF_SLICEM_C_Q)
                                                      0.077     2.039 f  mts_i/rst_rf/U0/ACTIVE_LOW_PR_OUT_DFF[0].FDRE_PER_N/Q
                         net (fo=245, routed)         2.908     4.947    mts_i/cap0_cc/inst/gen_async_conv.axisc_async_clock_converter_0/s_axis_aresetn
    SLICE_X93Y44         LUT2 (Prop_D6LUT_SLICEM_I1_O)
                                                      0.088     5.035 r  mts_i/cap0_cc/inst/gen_async_conv.axisc_async_clock_converter_0/s_and_m_areset_r_i_1/O
                         net (fo=1, routed)           0.072     5.107    mts_i/cap0_cc/inst/gen_async_conv.axisc_async_clock_converter_0/s_and_m_areset_r_i_1_n_0
    SLICE_X93Y44         FDRE                                         r  mts_i/cap0_cc/inst/gen_async_conv.axisc_async_clock_converter_0/s_and_m_areset_r_reg/D
  -------------------------------------------------------------------    -------------------

                         (clock clk_out1_mts_mmcm_rf_0 rise edge)
                                                      4.000     4.000 r  
    AN11                                              0.000     4.000 r  PL_CLK_clk_p[0] (IN)
                         net (fo=0)                   0.079     4.079    mts_i/ibufds_pl_clk/U0/USE_IBUFDS.GEN_IBUFDS[0].IBUFDS_I/I
    HPIOBDIFFINBUF_X0Y34 DIFFINBUF (Prop_DIFFINBUF_HPIOBDIFFINBUF_DIFF_IN_P_O)
                                                      0.556     4.635 r  mts_i/ibufds_pl_clk/U0/USE_IBUFDS.GEN_IBUFDS[0].IBUFDS_I/DIFFINBUF_INST/O
                         net (fo=1, routed)           0.040     4.675    mts_i/ibufds_pl_clk/U0/USE_IBUFDS.GEN_IBUFDS[0].IBUFDS_I/OUT
    AN11                 IBUFCTRL (Prop_IBUFCTRL_HPIOB_M_I_O)
                                                      0.000     4.675 r  mts_i/ibufds_pl_clk/U0/USE_IBUFDS.GEN_IBUFDS[0].IBUFDS_I/IBUFCTRL_INST/O
                         net (fo=1, routed)           0.300     4.975    mts_i/bufg_pl_clk/U0/BUFG_I[0]
    BUFGCE_X0Y33         BUFGCE (Prop_BUFCE_BUFGCE_I_O)
                                                      0.024     4.999 r  mts_i/bufg_pl_clk/U0/USE_BUFG.GEN_BUFG[0].BUFG_U/O
                         net (fo=132, routed)         0.730     5.729    mts_i/mmcm_rf/inst/clk_in1
    MMCM_X0Y1            MMCME4_ADV (Prop_MMCM_CLKIN1_CLKOUT0)
                                                     -1.896     3.833 r  mts_i/mmcm_rf/inst/mmcme4_adv_inst/CLKOUT0
                         net (fo=1, routed)           0.215     4.048    mts_i/mmcm_rf/inst/clk_out1_mts_mmcm_rf_0
    BUFGCE_X0Y24         BUFGCE (Prop_BUFCE_BUFGCE_I_O)
                                                      0.024     4.072 r  mts_i/mmcm_rf/inst/clkout1_buf/O
    X4Y3 (CLOCK_ROOT)    net (fo=5695, routed)        1.939     6.010    mts_i/cap0_cc/inst/gen_async_conv.axisc_async_clock_converter_0/s_axis_aclk
    SLICE_X93Y44         FDRE                                         r  mts_i/cap0_cc/inst/gen_async_conv.axisc_async_clock_converter_0/s_and_m_areset_r_reg/C
                         clock pessimism             -0.144     5.867    
                         clock uncertainty           -0.054     5.813    
    SLICE_X93Y44         FDRE (Setup_DFF_SLICEM_C_D)
                                                      0.025     5.838    mts_i/cap0_cc/inst/gen_async_conv.axisc_async_clock_converter_0/s_and_m_areset_r_reg
  -------------------------------------------------------------------
                         required time                          5.838    
                         arrival time                          -5.107    
  -------------------------------------------------------------------
                         slack                                  0.731    





Min Delay Paths
--------------------------------------------------------------------------------------
Slack (MET) :             0.011ns  (arrival time - required time)
  Source:                 mts_i/dac_cc/inst/gen_async_conv.axisc_async_clock_converter_0/xpm_fifo_async_inst/gnuram_async_fifo.xpm_fifo_base_inst/gen_sdpram.xpm_memory_base_inst/gen_rd_b.gen_doutb_pipe.gen_stage.doutb_pipe_reg[0][273]/C
                            (rising edge-triggered cell FDRE clocked by clk_out1_mts_mmcm_rf_0  {rise@0.000ns fall@2.000ns period=4.000ns})
  Destination:            mts_i/dac_dw/inst/gen_downsizer_conversion.axisc_downsizer_0/r0_data_reg[273]/D
                            (rising edge-triggered cell FDRE clocked by clk_out1_mts_mmcm_rf_0  {rise@0.000ns fall@2.000ns period=4.000ns})
  Path Group:             clk_out1_mts_mmcm_rf_0
  Path Type:              Hold (Min at Slow Process Corner)
  Requirement:            0.000ns  (clk_out1_mts_mmcm_rf_0 rise@0.000ns - clk_out1_mts_mmcm_rf_0 rise@0.000ns)
  Data Path Delay:        0.179ns  (logic 0.060ns (33.520%)  route 0.119ns (66.480%))
  Logic Levels:           0  
  Clock Path Skew:        0.106ns (DCD - SCD - CPR)
    Destination Clock Delay (DCD):    2.061ns
    Source Clock Delay      (SCD):    2.019ns
    Clock Pessimism Removal (CPR):    -0.064ns
  Clock Net Delay (Source):      1.948ns (routing 0.676ns, distribution 1.272ns)
  Clock Net Delay (Destination): 2.205ns (routing 0.744ns, distribution 1.461ns)

    Location             Delay type                Incr(ns)  Path(ns)    Netlist Resource(s)
  -------------------------------------------------------------------    -------------------
                         (clock clk_out1_mts_mmcm_rf_0 rise edge)
                                                      0.000     0.000 r  
    AN11                                              0.000     0.000 r  PL_CLK_clk_p[0] (IN)
                         net (fo=0)                   0.079     0.079    mts_i/ibufds_pl_clk/U0/USE_IBUFDS.GEN_IBUFDS[0].IBUFDS_I/I
    HPIOBDIFFINBUF_X0Y34 DIFFINBUF (Prop_DIFFINBUF_HPIOBDIFFINBUF_DIFF_IN_P_O)
                                                      0.556     0.635 r  mts_i/ibufds_pl_clk/U0/USE_IBUFDS.GEN_IBUFDS[0].IBUFDS_I/DIFFINBUF_INST/O
                         net (fo=1, routed)           0.040     0.675    mts_i/ibufds_pl_clk/U0/USE_IBUFDS.GEN_IBUFDS[0].IBUFDS_I/OUT
    AN11                 IBUFCTRL (Prop_IBUFCTRL_HPIOB_M_I_O)
                                                      0.000     0.675 r  mts_i/ibufds_pl_clk/U0/USE_IBUFDS.GEN_IBUFDS[0].IBUFDS_I/IBUFCTRL_INST/O
                         net (fo=1, routed)           0.300     0.975    mts_i/bufg_pl_clk/U0/BUFG_I[0]
    BUFGCE_X0Y33         BUFGCE (Prop_BUFCE_BUFGCE_I_O)
                                                      0.024     0.999 r  mts_i/bufg_pl_clk/U0/USE_BUFG.GEN_BUFG[0].BUFG_U/O
                         net (fo=132, routed)         0.730     1.729    mts_i/mmcm_rf/inst/clk_in1
    MMCM_X0Y1            MMCME4_ADV (Prop_MMCM_CLKIN1_CLKOUT0)
                                                     -1.896    -0.167 r  mts_i/mmcm_rf/inst/mmcme4_adv_inst/CLKOUT0
                         net (fo=1, routed)           0.215     0.048    mts_i/mmcm_rf/inst/clk_out1_mts_mmcm_rf_0
    BUFGCE_X0Y24         BUFGCE (Prop_BUFCE_BUFGCE_I_O)
                                                      0.024     0.072 r  mts_i/mmcm_rf/inst/clkout1_buf/O
    X4Y3 (CLOCK_ROOT)    net (fo=5695, routed)        1.948     2.019    mts_i/dac_cc/inst/gen_async_conv.axisc_async_clock_converter_0/xpm_fifo_async_inst/gnuram_async_fifo.xpm_fifo_base_inst/gen_sdpram.xpm_memory_base_inst/clkb
    SLICE_X86Y312        FDRE                                         r  mts_i/dac_cc/inst/gen_async_conv.axisc_async_clock_converter_0/xpm_fifo_async_inst/gnuram_async_fifo.xpm_fifo_base_inst/gen_sdpram.xpm_memory_base_inst/gen_rd_b.gen_doutb_pipe.gen_stage.doutb_pipe_reg[0][273]/C
  -------------------------------------------------------------------    -------------------
    SLICE_X86Y312        FDRE (Prop_AFF2_SLICEM_C_Q)
                                                      0.060     2.079 r  mts_i/dac_cc/inst/gen_async_conv.axisc_async_clock_converter_0/xpm_fifo_async_inst/gnuram_async_fifo.xpm_fifo_base_inst/gen_sdpram.xpm_memory_base_inst/gen_rd_b.gen_doutb_pipe.gen_stage.doutb_pipe_reg[0][273]/Q
                         net (fo=1, routed)           0.119     2.198    mts_i/dac_dw/inst/gen_downsizer_conversion.axisc_downsizer_0/s_axis_tdata[273]
    SLICE_X87Y313        FDRE                                         r  mts_i/dac_dw/inst/gen_downsizer_conversion.axisc_downsizer_0/r0_data_reg[273]/D
  -------------------------------------------------------------------    -------------------

                         (clock clk_out1_mts_mmcm_rf_0 rise edge)
                                                      0.000     0.000 r  
    AN11                                              0.000     0.000 r  PL_CLK_clk_p[0] (IN)
                         net (fo=0)                   0.100     0.100    mts_i/ibufds_pl_clk/U0/USE_IBUFDS.GEN_IBUFDS[0].IBUFDS_I/I
    HPIOBDIFFINBUF_X0Y34 DIFFINBUF (Prop_DIFFINBUF_HPIOBDIFFINBUF_DIFF_IN_P_O)
                                                      0.666     0.766 r  mts_i/ibufds_pl_clk/U0/USE_IBUFDS.GEN_IBUFDS[0].IBUFDS_I/DIFFINBUF_INST/O
                         net (fo=1, routed)           0.050     0.816    mts_i/ibufds_pl_clk/U0/USE_IBUFDS.GEN_IBUFDS[0].IBUFDS_I/OUT
    AN11                 IBUFCTRL (Prop_IBUFCTRL_HPIOB_M_I_O)
                                                      0.000     0.816 r  mts_i/ibufds_pl_clk/U0/USE_IBUFDS.GEN_IBUFDS[0].IBUFDS_I/IBUFCTRL_INST/O
                         net (fo=1, routed)           0.336     1.152    mts_i/bufg_pl_clk/U0/BUFG_I[0]
    BUFGCE_X0Y33         BUFGCE (Prop_BUFCE_BUFGCE_I_O)
                                                      0.028     1.180 r  mts_i/bufg_pl_clk/U0/USE_BUFG.GEN_BUFG[0].BUFG_U/O
                         net (fo=132, routed)         0.831     2.011    mts_i/mmcm_rf/inst/clk_in1
    MMCM_X0Y1            MMCME4_ADV (Prop_MMCM_CLKIN1_CLKOUT0)
                                                     -2.428    -0.417 r  mts_i/mmcm_rf/inst/mmcme4_adv_inst/CLKOUT0
                         net (fo=1, routed)           0.245    -0.172    mts_i/mmcm_rf/inst/clk_out1_mts_mmcm_rf_0
    BUFGCE_X0Y24         BUFGCE (Prop_BUFCE_BUFGCE_I_O)
                                                      0.028    -0.144 r  mts_i/mmcm_rf/inst/clkout1_buf/O
    X4Y3 (CLOCK_ROOT)    net (fo=5695, routed)        2.205     2.061    mts_i/dac_dw/inst/gen_downsizer_conversion.axisc_downsizer_0/aclk
    SLICE_X87Y313        FDRE                                         r  mts_i/dac_dw/inst/gen_downsizer_conversion.axisc_downsizer_0/r0_data_reg[273]/C
                         clock pessimism              0.064     2.125    
    SLICE_X87Y313        FDRE (Hold_BFF2_SLICEM_C_D)
                                                      0.062     2.187    mts_i/dac_dw/inst/gen_downsizer_conversion.axisc_downsizer_0/r0_data_reg[273]
  -------------------------------------------------------------------
                         required time                         -2.187    
                         arrival time                           2.198    
  -------------------------------------------------------------------
                         slack                                  0.011    





Pulse Width Checks
--------------------------------------------------------------------------------------
Clock Name:         clk_out1_mts_mmcm_rf_0
Waveform(ns):       { 0.000 2.000 }
Period(ns):         4.000
Sources:            { mts_i/mmcm_rf/inst/mmcme4_adv_inst/CLKOUT0 }

Check Type        Corner  Lib Pin           Reference Pin  Required(ns)  Actual(ns)  Slack(ns)  Location    Pin
Min Period        n/a     RFADC/FABRIC_CLK  n/a            1.626         4.000       2.374      RFADC_X0Y0  mts_i/usp_rf_data_converter_0/inst/mts_usp_rf_data_converter_0_0_rf_wrapper_i/rx0_u_adc/FABRIC_CLK
Low Pulse Width   Slow    RFADC/FABRIC_CLK  n/a            0.650         2.000       1.350      RFADC_X0Y0  mts_i/usp_rf_data_converter_0/inst/mts_usp_rf_data_converter_0_0_rf_wrapper_i/rx0_u_adc/FABRIC_CLK
High Pulse Width  Slow    RFADC/FABRIC_CLK  n/a            0.650         2.000       1.350      RFADC_X0Y0  mts_i/usp_rf_data_converter_0/inst/mts_usp_rf_data_converter_0_0_rf_wrapper_i/rx0_u_adc/FABRIC_CLK



---------------------------------------------------------------------------------------------------
From Clock:  clk_out2_mts_mmcm_rf_0
  To Clock:  clk_out2_mts_mmcm_rf_0

Setup :            0  Failing Endpoints,  Worst Slack        0.880ns,  Total Violation        0.000ns
Hold  :            0  Failing Endpoints,  Worst Slack        0.015ns,  Total Violation        0.000ns
PW    :            0  Failing Endpoints,  Worst Slack        3.300ns,  Total Violation        0.000ns
---------------------------------------------------------------------------------------------------


Max Delay Paths
--------------------------------------------------------------------------------------
Slack (MET) :             0.880ns  (required time - arrival time)
  Source:                 mts_i/ctrl_interconnect/m04_couplers/auto_cc/inst/gen_clock_conv.gen_async_conv.asyncfifo_axi/inst_fifo_gen/gaxi_full_lite.gread_ch.grdch2.axi_rdch/grf.rf/gntv_or_sync_fifo.gl0.wr/wpntr/gic0.gc0.count_d2_reg[1]/C
                            (rising edge-triggered cell FDCE clocked by clk_out2_mts_mmcm_rf_0  {rise@0.000ns fall@4.000ns period=8.000ns})
  Destination:            mts_i/ctrl_interconnect/m04_couplers/auto_cc/inst/gen_clock_conv.gen_async_conv.asyncfifo_axi/inst_fifo_gen/gaxi_full_lite.gread_ch.grdch2.axi_rdch/grf.rf/gntv_or_sync_fifo.mem/gdm.dm_gen.dm/RAM_reg_0_15_364_377/RAMA/WADR1
                            (rising edge-triggered cell RAMD32 clocked by clk_out2_mts_mmcm_rf_0  {rise@0.000ns fall@4.000ns period=8.000ns})
  Path Group:             clk_out2_mts_mmcm_rf_0
  Path Type:              Setup (Max at Slow Process Corner)
  Requirement:            8.000ns  (clk_out2_mts_mmcm_rf_0 rise@8.000ns - clk_out2_mts_mmcm_rf_0 rise@0.000ns)
  Data Path Delay:        6.834ns  (logic 0.079ns (1.156%)  route 6.755ns (98.844%))
  Logic Levels:           0  
  Clock Path Skew:        -0.114ns (DCD - SCD + CPR)
    Destination Clock Delay (DCD):    2.270ns = ( 10.270 - 8.000 ) 
    Source Clock Delay      (SCD):    2.248ns
    Clock Pessimism Removal (CPR):    -0.136ns
  Clock Uncertainty:      0.058ns  ((TSJ^2 + DJ^2)^1/2) / 2 + PE
    Total System Jitter     (TSJ):    0.071ns
    Discrete Jitter          (DJ):    0.093ns
    Phase Error              (PE):    0.000ns
  Clock Net Delay (Source):      2.386ns (routing 0.855ns, distribution 1.531ns)
  Clock Net Delay (Destination): 2.192ns (routing 0.779ns, distribution 1.413ns)

    Location             Delay type                Incr(ns)  Path(ns)    Netlist Resource(s)
  -------------------------------------------------------------------    -------------------
                         (clock clk_out2_mts_mmcm_rf_0 rise edge)
                                                      0.000     0.000 r  
    AN11                                              0.000     0.000 r  PL_CLK_clk_p[0] (IN)
                         net (fo=0)                   0.100     0.100    mts_i/ibufds_pl_clk/U0/USE_IBUFDS.GEN_IBUFDS[0].IBUFDS_I/I
    HPIOBDIFFINBUF_X0Y34 DIFFINBUF (Prop_DIFFINBUF_HPIOBDIFFINBUF_DIFF_IN_P_O)
                                                      0.666     0.766 r  mts_i/ibufds_pl_clk/U0/USE_IBUFDS.GEN_IBUFDS[0].IBUFDS_I/DIFFINBUF_INST/O
                         net (fo=1, routed)           0.050     0.816    mts_i/ibufds_pl_clk/U0/USE_IBUFDS.GEN_IBUFDS[0].IBUFDS_I/OUT
    AN11                 IBUFCTRL (Prop_IBUFCTRL_HPIOB_M_I_O)
                                                      0.000     0.816 r  mts_i/ibufds_pl_clk/U0/USE_IBUFDS.GEN_IBUFDS[0].IBUFDS_I/IBUFCTRL_INST/O
                         net (fo=1, routed)           0.336     1.152    mts_i/bufg_pl_clk/U0/BUFG_I[0]
    BUFGCE_X0Y33         BUFGCE (Prop_BUFCE_BUFGCE_I_O)
                                                      0.028     1.180 r  mts_i/bufg_pl_clk/U0/USE_BUFG.GEN_BUFG[0].BUFG_U/O
                         net (fo=132, routed)         0.831     2.011    mts_i/mmcm_rf/inst/clk_in1
    MMCM_X0Y1            MMCME4_ADV (Prop_MMCM_CLKIN1_CLKOUT1)
                                                     -2.428    -0.417 r  mts_i/mmcm_rf/inst/mmcme4_adv_inst/CLKOUT1
                         net (fo=1, routed)           0.251    -0.166    mts_i/mmcm_rf/inst/clk_out2_mts_mmcm_rf_0
    BUFGCE_X0Y41         BUFGCE (Prop_BUFCE_BUFGCE_I_O)
                                                      0.028    -0.138 r  mts_i/mmcm_rf/inst/clkout2_buf/O
    X2Y2 (CLOCK_ROOT)    net (fo=33659, routed)       2.386     2.248    mts_i/ctrl_interconnect/m04_couplers/auto_cc/inst/gen_clock_conv.gen_async_conv.asyncfifo_axi/inst_fifo_gen/gaxi_full_lite.gread_ch.grdch2.axi_rdch/grf.rf/gntv_or_sync_fifo.gl0.wr/wpntr/m_aclk
    SLICE_X99Y99         FDCE                                         r  mts_i/ctrl_interconnect/m04_couplers/auto_cc/inst/gen_clock_conv.gen_async_conv.asyncfifo_axi/inst_fifo_gen/gaxi_full_lite.gread_ch.grdch2.axi_rdch/grf.rf/gntv_or_sync_fifo.gl0.wr/wpntr/gic0.gc0.count_d2_reg[1]/C
  -------------------------------------------------------------------    -------------------
    SLICE_X99Y99         FDCE (Prop_GFF2_SLICEM_C_Q)
                                                      0.079     2.327 r  mts_i/ctrl_interconnect/m04_couplers/auto_cc/inst/gen_clock_conv.gen_async_conv.asyncfifo_axi/inst_fifo_gen/gaxi_full_lite.gread_ch.grdch2.axi_rdch/grf.rf/gntv_or_sync_fifo.gl0.wr/wpntr/gic0.gc0.count_d2_reg[1]/Q
                         net (fo=594, routed)         6.755     9.081    mts_i/ctrl_interconnect/m04_couplers/auto_cc/inst/gen_clock_conv.gen_async_conv.asyncfifo_axi/inst_fifo_gen/gaxi_full_lite.gread_ch.grdch2.axi_rdch/grf.rf/gntv_or_sync_fifo.mem/gdm.dm_gen.dm/RAM_reg_0_15_364_377/ADDRH1
    SLICE_X112Y171       RAMD32                                       r  mts_i/ctrl_interconnect/m04_couplers/auto_cc/inst/gen_clock_conv.gen_async_conv.asyncfifo_axi/inst_fifo_gen/gaxi_full_lite.gread_ch.grdch2.axi_rdch/grf.rf/gntv_or_sync_fifo.mem/gdm.dm_gen.dm/RAM_reg_0_15_364_377/RAMA/WADR1
  -------------------------------------------------------------------    -------------------

                         (clock clk_out2_mts_mmcm_rf_0 rise edge)
                                                      8.000     8.000 r  
    AN11                                              0.000     8.000 r  PL_CLK_clk_p[0] (IN)
                         net (fo=0)                   0.079     8.079    mts_i/ibufds_pl_clk/U0/USE_IBUFDS.GEN_IBUFDS[0].IBUFDS_I/I
    HPIOBDIFFINBUF_X0Y34 DIFFINBUF (Prop_DIFFINBUF_HPIOBDIFFINBUF_DIFF_IN_P_O)
                                                      0.556     8.635 r  mts_i/ibufds_pl_clk/U0/USE_IBUFDS.GEN_IBUFDS[0].IBUFDS_I/DIFFINBUF_INST/O
                         net (fo=1, routed)           0.040     8.675    mts_i/ibufds_pl_clk/U0/USE_IBUFDS.GEN_IBUFDS[0].IBUFDS_I/OUT
    AN11                 IBUFCTRL (Prop_IBUFCTRL_HPIOB_M_I_O)
                                                      0.000     8.675 r  mts_i/ibufds_pl_clk/U0/USE_IBUFDS.GEN_IBUFDS[0].IBUFDS_I/IBUFCTRL_INST/O
                         net (fo=1, routed)           0.300     8.975    mts_i/bufg_pl_clk/U0/BUFG_I[0]
    BUFGCE_X0Y33         BUFGCE (Prop_BUFCE_BUFGCE_I_O)
                                                      0.024     8.999 r  mts_i/bufg_pl_clk/U0/USE_BUFG.GEN_BUFG[0].BUFG_U/O
                         net (fo=132, routed)         0.730     9.729    mts_i/mmcm_rf/inst/clk_in1
    MMCM_X0Y1            MMCME4_ADV (Prop_MMCM_CLKIN1_CLKOUT1)
                                                     -1.896     7.833 r  mts_i/mmcm_rf/inst/mmcme4_adv_inst/CLKOUT1
                         net (fo=1, routed)           0.221     8.054    mts_i/mmcm_rf/inst/clk_out2_mts_mmcm_rf_0
    BUFGCE_X0Y41         BUFGCE (Prop_BUFCE_BUFGCE_I_O)
                                                      0.024     8.078 r  mts_i/mmcm_rf/inst/clkout2_buf/O
    X2Y2 (CLOCK_ROOT)    net (fo=33659, routed)       2.192    10.270    mts_i/ctrl_interconnect/m04_couplers/auto_cc/inst/gen_clock_conv.gen_async_conv.asyncfifo_axi/inst_fifo_gen/gaxi_full_lite.gread_ch.grdch2.axi_rdch/grf.rf/gntv_or_sync_fifo.mem/gdm.dm_gen.dm/RAM_reg_0_15_364_377/WCLK
    SLICE_X112Y171       RAMD32                                       r  mts_i/ctrl_interconnect/m04_couplers/auto_cc/inst/gen_clock_conv.gen_async_conv.asyncfifo_axi/inst_fifo_gen/gaxi_full_lite.gread_ch.grdch2.axi_rdch/grf.rf/gntv_or_sync_fifo.mem/gdm.dm_gen.dm/RAM_reg_0_15_364_377/RAMA/CLK
                         clock pessimism             -0.136    10.134    
                         clock uncertainty           -0.058    10.076    
    SLICE_X112Y171       RAMD32 (Setup_A5LUT_SLICEM_CLK_WADR1)
                                                     -0.114     9.962    mts_i/ctrl_interconnect/m04_couplers/auto_cc/inst/gen_clock_conv.gen_async_conv.asyncfifo_axi/inst_fifo_gen/gaxi_full_lite.gread_ch.grdch2.axi_rdch/grf.rf/gntv_or_sync_fifo.mem/gdm.dm_gen.dm/RAM_reg_0_15_364_377/RAMA
  -------------------------------------------------------------------
                         required time                          9.962    
                         arrival time                          -9.081    
  -------------------------------------------------------------------
                         slack                                  0.880    





Min Delay Paths
--------------------------------------------------------------------------------------
Slack (MET) :             0.015ns  (arrival time - required time)
  Source:                 mts_i/cap3_mem/U0/inst_blk_mem_gen/gnuram_with_32bit_addr.uram_tdp.xpm_memory_tdpram_inst/xpm_memory_base_inst/gen_rd_a.gen_douta_pipe.gen_stages.douta_pipe_reg[1][141]/C
                            (rising edge-triggered cell FDRE clocked by clk_out2_mts_mmcm_rf_0  {rise@0.000ns fall@4.000ns period=8.000ns})
  Destination:            mts_i/cap3_ctrl/U0/gext_inst.abcv4_0_ext_inst/GEN_AXI4.I_FULL_AXI/I_RD_CHNL/GEN_NO_RD_CMD_OPT.GEN_RDATA_NO_ECC.GEN_RDATA_RL_NO_ECC.rl_rd_buf_reg_64_127_140_146/RAMB/I
                            (rising edge-triggered cell RAMD64E clocked by clk_out2_mts_mmcm_rf_0  {rise@0.000ns fall@4.000ns period=8.000ns})
  Path Group:             clk_out2_mts_mmcm_rf_0
  Path Type:              Hold (Min at Slow Process Corner)
  Requirement:            0.000ns  (clk_out2_mts_mmcm_rf_0 rise@0.000ns - clk_out2_mts_mmcm_rf_0 rise@0.000ns)
  Data Path Delay:        0.266ns  (logic 0.060ns (22.564%)  route 0.206ns (77.436%))
  Logic Levels:           0  
  Clock Path Skew:        0.173ns (DCD - SCD - CPR)
    Destination Clock Delay (DCD):    2.279ns
    Source Clock Delay      (SCD):    2.161ns
    Clock Pessimism Removal (CPR):    -0.055ns
  Clock Net Delay (Source):      2.083ns (routing 0.779ns, distribution 1.304ns)
  Clock Net Delay (Destination): 2.417ns (routing 0.855ns, distribution 1.562ns)

    Location             Delay type                Incr(ns)  Path(ns)    Netlist Resource(s)
  -------------------------------------------------------------------    -------------------
                         (clock clk_out2_mts_mmcm_rf_0 rise edge)
                                                      0.000     0.000 r  
    AN11                                              0.000     0.000 r  PL_CLK_clk_p[0] (IN)
                         net (fo=0)                   0.079     0.079    mts_i/ibufds_pl_clk/U0/USE_IBUFDS.GEN_IBUFDS[0].IBUFDS_I/I
    HPIOBDIFFINBUF_X0Y34 DIFFINBUF (Prop_DIFFINBUF_HPIOBDIFFINBUF_DIFF_IN_P_O)
                                                      0.556     0.635 r  mts_i/ibufds_pl_clk/U0/USE_IBUFDS.GEN_IBUFDS[0].IBUFDS_I/DIFFINBUF_INST/O
                         net (fo=1, routed)           0.040     0.675    mts_i/ibufds_pl_clk/U0/USE_IBUFDS.GEN_IBUFDS[0].IBUFDS_I/OUT
    AN11                 IBUFCTRL (Prop_IBUFCTRL_HPIOB_M_I_O)
                                                      0.000     0.675 r  mts_i/ibufds_pl_clk/U0/USE_IBUFDS.GEN_IBUFDS[0].IBUFDS_I/IBUFCTRL_INST/O
                         net (fo=1, routed)           0.300     0.975    mts_i/bufg_pl_clk/U0/BUFG_I[0]
    BUFGCE_X0Y33         BUFGCE (Prop_BUFCE_BUFGCE_I_O)
                                                      0.024     0.999 r  mts_i/bufg_pl_clk/U0/USE_BUFG.GEN_BUFG[0].BUFG_U/O
                         net (fo=132, routed)         0.730     1.729    mts_i/mmcm_rf/inst/clk_in1
    MMCM_X0Y1            MMCME4_ADV (Prop_MMCM_CLKIN1_CLKOUT1)
                                                     -1.896    -0.167 r  mts_i/mmcm_rf/inst/mmcme4_adv_inst/CLKOUT1
                         net (fo=1, routed)           0.221     0.054    mts_i/mmcm_rf/inst/clk_out2_mts_mmcm_rf_0
    BUFGCE_X0Y41         BUFGCE (Prop_BUFCE_BUFGCE_I_O)
                                                      0.024     0.078 r  mts_i/mmcm_rf/inst/clkout2_buf/O
    X2Y2 (CLOCK_ROOT)    net (fo=33659, routed)       2.083     2.161    mts_i/cap3_mem/U0/inst_blk_mem_gen/gnuram_with_32bit_addr.uram_tdp.xpm_memory_tdpram_inst/xpm_memory_base_inst/clka
    SLICE_X96Y206        FDRE                                         r  mts_i/cap3_mem/U0/inst_blk_mem_gen/gnuram_with_32bit_addr.uram_tdp.xpm_memory_tdpram_inst/xpm_memory_base_inst/gen_rd_a.gen_douta_pipe.gen_stages.douta_pipe_reg[1][141]/C
  -------------------------------------------------------------------    -------------------
    SLICE_X96Y206        FDRE (Prop_FFF2_SLICEM_C_Q)
                                                      0.060     2.221 r  mts_i/cap3_mem/U0/inst_blk_mem_gen/gnuram_with_32bit_addr.uram_tdp.xpm_memory_tdpram_inst/xpm_memory_base_inst/gen_rd_a.gen_douta_pipe.gen_stages.douta_pipe_reg[1][141]/Q
                         net (fo=5, routed)           0.206     2.427    mts_i/cap3_ctrl/U0/gext_inst.abcv4_0_ext_inst/GEN_AXI4.I_FULL_AXI/I_RD_CHNL/GEN_NO_RD_CMD_OPT.GEN_RDATA_NO_ECC.GEN_RDATA_RL_NO_ECC.rl_rd_buf_reg_64_127_140_146/DIB
    SLICE_X97Y202        RAMD64E                                      r  mts_i/cap3_ctrl/U0/gext_inst.abcv4_0_ext_inst/GEN_AXI4.I_FULL_AXI/I_RD_CHNL/GEN_NO_RD_CMD_OPT.GEN_RDATA_NO_ECC.GEN_RDATA_RL_NO_ECC.rl_rd_buf_reg_64_127_140_146/RAMB/I
  -------------------------------------------------------------------    -------------------

                         (clock clk_out2_mts_mmcm_rf_0 rise edge)
                                                      0.000     0.000 r  
    AN11                                              0.000     0.000 r  PL_CLK_clk_p[0] (IN)
                         net (fo=0)                   0.100     0.100    mts_i/ibufds_pl_clk/U0/USE_IBUFDS.GEN_IBUFDS[0].IBUFDS_I/I
    HPIOBDIFFINBUF_X0Y34 DIFFINBUF (Prop_DIFFINBUF_HPIOBDIFFINBUF_DIFF_IN_P_O)
                                                      0.666     0.766 r  mts_i/ibufds_pl_clk/U0/USE_IBUFDS.GEN_IBUFDS[0].IBUFDS_I/DIFFINBUF_INST/O
                         net (fo=1, routed)           0.050     0.816    mts_i/ibufds_pl_clk/U0/USE_IBUFDS.GEN_IBUFDS[0].IBUFDS_I/OUT
    AN11                 IBUFCTRL (Prop_IBUFCTRL_HPIOB_M_I_O)
                                                      0.000     0.816 r  mts_i/ibufds_pl_clk/U0/USE_IBUFDS.GEN_IBUFDS[0].IBUFDS_I/IBUFCTRL_INST/O
                         net (fo=1, routed)           0.336     1.152    mts_i/bufg_pl_clk/U0/BUFG_I[0]
    BUFGCE_X0Y33         BUFGCE (Prop_BUFCE_BUFGCE_I_O)
                                                      0.028     1.180 r  mts_i/bufg_pl_clk/U0/USE_BUFG.GEN_BUFG[0].BUFG_U/O
                         net (fo=132, routed)         0.831     2.011    mts_i/mmcm_rf/inst/clk_in1
    MMCM_X0Y1            MMCME4_ADV (Prop_MMCM_CLKIN1_CLKOUT1)
                                                     -2.428    -0.417 r  mts_i/mmcm_rf/inst/mmcme4_adv_inst/CLKOUT1
                         net (fo=1, routed)           0.251    -0.166    mts_i/mmcm_rf/inst/clk_out2_mts_mmcm_rf_0
    BUFGCE_X0Y41         BUFGCE (Prop_BUFCE_BUFGCE_I_O)
                                                      0.028    -0.138 r  mts_i/mmcm_rf/inst/clkout2_buf/O
    X2Y2 (CLOCK_ROOT)    net (fo=33659, routed)       2.417     2.279    mts_i/cap3_ctrl/U0/gext_inst.abcv4_0_ext_inst/GEN_AXI4.I_FULL_AXI/I_RD_CHNL/GEN_NO_RD_CMD_OPT.GEN_RDATA_NO_ECC.GEN_RDATA_RL_NO_ECC.rl_rd_buf_reg_64_127_140_146/WCLK
    SLICE_X97Y202        RAMD64E                                      r  mts_i/cap3_ctrl/U0/gext_inst.abcv4_0_ext_inst/GEN_AXI4.I_FULL_AXI/I_RD_CHNL/GEN_NO_RD_CMD_OPT.GEN_RDATA_NO_ECC.GEN_RDATA_RL_NO_ECC.rl_rd_buf_reg_64_127_140_146/RAMB/CLK
                         clock pessimism              0.055     2.334    
    SLICE_X97Y202        RAMD64E (Hold_B6LUT_SLICEM_CLK_I)
                                                      0.078     2.412    mts_i/cap3_ctrl/U0/gext_inst.abcv4_0_ext_inst/GEN_AXI4.I_FULL_AXI/I_RD_CHNL/GEN_NO_RD_CMD_OPT.GEN_RDATA_NO_ECC.GEN_RDATA_RL_NO_ECC.rl_rd_buf_reg_64_127_140_146/RAMB
  -------------------------------------------------------------------
                         required time                         -2.412    
                         arrival time                           2.427    
  -------------------------------------------------------------------
                         slack                                  0.015    





Pulse Width Checks
--------------------------------------------------------------------------------------
Clock Name:         clk_out2_mts_mmcm_rf_0
Waveform(ns):       { 0.000 4.000 }
Period(ns):         8.000
Sources:            { mts_i/mmcm_rf/inst/mmcme4_adv_inst/CLKOUT1 }

Check Type        Corner  Lib Pin      Reference Pin  Required(ns)  Actual(ns)  Slack(ns)  Location      Pin
Min Period        n/a     URAM288/CLK  n/a            1.666         8.000       6.334      URAM288_X0Y4  mts_i/cap0_mem/U0/inst_blk_mem_gen/gnuram_with_32bit_addr.uram_tdp.xpm_memory_tdpram_inst/xpm_memory_base_inst/gen_wr_a.gen_byte_narrow.for_mem_cols[1].mem_reg_uram_0/CLK
Low Pulse Width   Slow    URAM288/CLK  n/a            0.700         4.000       3.300      URAM288_X0Y4  mts_i/cap0_mem/U0/inst_blk_mem_gen/gnuram_with_32bit_addr.uram_tdp.xpm_memory_tdpram_inst/xpm_memory_base_inst/gen_wr_a.gen_byte_narrow.for_mem_cols[1].mem_reg_uram_0/CLK
High Pulse Width  Slow    URAM288/CLK  n/a            0.700         4.000       3.300      URAM288_X0Y4  mts_i/cap0_mem/U0/inst_blk_mem_gen/gnuram_with_32bit_addr.uram_tdp.xpm_memory_tdpram_inst/xpm_memory_base_inst/gen_wr_a.gen_byte_narrow.for_mem_cols[1].mem_reg_uram_0/CLK



---------------------------------------------------------------------------------------------------
From Clock:  clkfbout_mts_mmcm_rf_0
  To Clock:  clkfbout_mts_mmcm_rf_0

Setup :           NA  Failing Endpoints,  Worst Slack           NA  ,  Total Violation           NA
Hold  :           NA  Failing Endpoints,  Worst Slack           NA  ,  Total Violation           NA
PW    :            0  Failing Endpoints,  Worst Slack        0.710ns,  Total Violation        0.000ns
---------------------------------------------------------------------------------------------------


Pulse Width Checks
--------------------------------------------------------------------------------------
Clock Name:         clkfbout_mts_mmcm_rf_0
Waveform(ns):       { 0.000 1.000 }
Period(ns):         2.000
Sources:            { mts_i/mmcm_rf/inst/mmcme4_adv_inst/CLKFBOUT }

Check Type  Corner  Lib Pin             Reference Pin  Required(ns)  Actual(ns)  Slack(ns)  Location      Pin
Min Period  n/a     BUFGCE/I            n/a            1.290         2.000       0.710      BUFGCE_X0Y29  mts_i/mmcm_rf/inst/clkf_buf/I
Max Period  n/a     MMCME4_ADV/CLKFBIN  n/a            100.000       2.000       98.000     MMCM_X0Y1     mts_i/mmcm_rf/inst/mmcme4_adv_inst/CLKFBIN



---------------------------------------------------------------------------------------------------
From Clock:  clk_pl_0
  To Clock:  clk_pl_0

Setup :            0  Failing Endpoints,  Worst Slack        2.365ns,  Total Violation        0.000ns
Hold  :            0  Failing Endpoints,  Worst Slack        0.010ns,  Total Violation        0.000ns
PW    :            0  Failing Endpoints,  Worst Slack        3.400ns,  Total Violation        0.000ns
---------------------------------------------------------------------------------------------------


Max Delay Paths
--------------------------------------------------------------------------------------
Slack (MET) :             2.365ns  (required time - arrival time)
  Source:                 mts_i/ctrl_interconnect/s00_couplers/auto_us/inst/gen_upsizer.gen_full_upsizer.axi_upsizer_inst/USE_READ.read_addr_inst/GEN_CMD_QUEUE.cmd_queue/USE_FF_OUT.USE_RTL_OUTPUT_PIPELINE.M_MESG_Q_reg[46]/C
                            (rising edge-triggered cell FDRE clocked by clk_pl_0  {rise@0.000ns fall@5.000ns period=10.000ns})
  Destination:            mts_i/zynq_ultra_ps_e_0/inst/PS8_i/MAXIGP0RDATA[63]
                            (rising edge-triggered cell PS8 clocked by clk_pl_0  {rise@0.000ns fall@5.000ns period=10.000ns})
  Path Group:             clk_pl_0
  Path Type:              Setup (Max at Slow Process Corner)
  Requirement:            10.000ns  (clk_pl_0 rise@10.000ns - clk_pl_0 rise@0.000ns)
  Data Path Delay:        6.715ns  (logic 0.652ns (9.709%)  route 6.063ns (90.291%))
  Logic Levels:           5  (LUT4=1 LUT5=2 LUT6=1 MUXF7=1)
  Clock Path Skew:        0.038ns (DCD - SCD + CPR)
    Destination Clock Delay (DCD):    2.488ns = ( 12.488 - 10.000 ) 
    Source Clock Delay      (SCD):    2.626ns
    Clock Pessimism Removal (CPR):    0.176ns
  Clock Uncertainty:      0.130ns  ((TSJ^2 + DJ^2)^1/2) / 2 + PE
    Total System Jitter     (TSJ):    0.071ns
    Discrete Jitter          (DJ):    0.250ns
    Phase Error              (PE):    0.000ns
  Clock Net Delay (Source):      2.400ns (routing 0.961ns, distribution 1.439ns)
  Clock Net Delay (Destination): 2.306ns (routing 0.869ns, distribution 1.437ns)

    Location             Delay type                Incr(ns)  Path(ns)    Netlist Resource(s)
  -------------------------------------------------------------------    -------------------
                         (clock clk_pl_0 rise edge)
                                                      0.000     0.000 r  
    PS8_X0Y0             PS8                          0.000     0.000 r  mts_i/zynq_ultra_ps_e_0/inst/PS8_i/PLCLK[0]
                         net (fo=1, routed)           0.198     0.198    mts_i/zynq_ultra_ps_e_0/inst/pl_clk_unbuffered[0]
    BUFG_PS_X0Y68        BUFG_PS (Prop_BUFG_PS_I_O)
                                                      0.028     0.226 r  mts_i/zynq_ultra_ps_e_0/inst/buffer_pl_clk_0.PL_CLK_0_BUFG/O
    X3Y3 (CLOCK_ROOT)    net (fo=32915, routed)       2.400     2.626    mts_i/ctrl_interconnect/s00_couplers/auto_us/inst/gen_upsizer.gen_full_upsizer.axi_upsizer_inst/USE_READ.read_addr_inst/GEN_CMD_QUEUE.cmd_queue/USE_RTL_ADDR.addr_q_reg[4]_0
    SLICE_X67Y64         FDRE                                         r  mts_i/ctrl_interconnect/s00_couplers/auto_us/inst/gen_upsizer.gen_full_upsizer.axi_upsizer_inst/USE_READ.read_addr_inst/GEN_CMD_QUEUE.cmd_queue/USE_FF_OUT.USE_RTL_OUTPUT_PIPELINE.M_MESG_Q_reg[46]/C
  -------------------------------------------------------------------    -------------------
    SLICE_X67Y64         FDRE (Prop_HFF2_SLICEM_C_Q)
                                                      0.078     2.704 r  mts_i/ctrl_interconnect/s00_couplers/auto_us/inst/gen_upsizer.gen_full_upsizer.axi_upsizer_inst/USE_READ.read_addr_inst/GEN_CMD_QUEUE.cmd_queue/USE_FF_OUT.USE_RTL_OUTPUT_PIPELINE.M_MESG_Q_reg[46]/Q
                         net (fo=30, routed)          0.258     2.962    mts_i/ctrl_interconnect/s00_couplers/auto_us/inst/gen_upsizer.gen_full_upsizer.axi_upsizer_inst/USE_READ.read_addr_inst/GEN_CMD_QUEUE.cmd_queue/Q[8]
    SLICE_X68Y67         LUT5 (Prop_C6LUT_SLICEL_I0_O)
                                                      0.146     3.108 r  mts_i/ctrl_interconnect/s00_couplers/auto_us/inst/gen_upsizer.gen_full_upsizer.axi_upsizer_inst/USE_READ.read_addr_inst/GEN_CMD_QUEUE.cmd_queue/s_axi_rdata[127]_INST_0_i_7/O
                         net (fo=3, routed)           0.106     3.213    mts_i/ctrl_interconnect/s00_couplers/auto_us/inst/gen_upsizer.gen_full_upsizer.axi_upsizer_inst/USE_READ.read_addr_inst/GEN_CMD_QUEUE.cmd_queue/USE_READ.gen_non_fifo_r_upsizer.read_data_inst/MULTIPLE_WORD.current_index[1]
    SLICE_X68Y68         LUT6 (Prop_F6LUT_SLICEL_I5_O)
                                                      0.089     3.302 r  mts_i/ctrl_interconnect/s00_couplers/auto_us/inst/gen_upsizer.gen_full_upsizer.axi_upsizer_inst/USE_READ.read_addr_inst/GEN_CMD_QUEUE.cmd_queue/s_axi_rdata[127]_INST_0_i_9/O
                         net (fo=256, routed)         2.116     5.418    mts_i/ctrl_interconnect/s00_couplers/auto_us/inst/gen_upsizer.gen_full_upsizer.axi_upsizer_inst/USE_READ.read_addr_inst/GEN_CMD_QUEUE.cmd_queue/s_axi_rdata[127]_INST_0_i_9_n_0
    SLICE_X90Y150        LUT4 (Prop_F6LUT_SLICEM_I2_O)
                                                      0.148     5.566 r  mts_i/ctrl_interconnect/s00_couplers/auto_us/inst/gen_upsizer.gen_full_upsizer.axi_upsizer_inst/USE_READ.read_addr_inst/GEN_CMD_QUEUE.cmd_queue/s_axi_rdata[63]_INST_0_i_3/O
                         net (fo=1, routed)           0.157     5.723    mts_i/ctrl_interconnect/s00_couplers/auto_us/inst/gen_upsizer.gen_full_upsizer.axi_upsizer_inst/USE_READ.read_addr_inst/GEN_CMD_QUEUE.cmd_queue/s_axi_rdata[63]_INST_0_i_3_n_0
    SLICE_X90Y150        LUT5 (Prop_D6LUT_SLICEM_I4_O)
                                                      0.122     5.845 r  mts_i/ctrl_interconnect/s00_couplers/auto_us/inst/gen_upsizer.gen_full_upsizer.axi_upsizer_inst/USE_READ.read_addr_inst/GEN_CMD_QUEUE.cmd_queue/s_axi_rdata[63]_INST_0_i_1/O
                         net (fo=1, routed)           0.025     5.870    mts_i/ctrl_interconnect/s00_couplers/auto_us/inst/gen_upsizer.gen_full_upsizer.axi_upsizer_inst/USE_READ.read_addr_inst/GEN_CMD_QUEUE.cmd_queue/USE_READ.gen_non_fifo_r_upsizer.read_data_inst/S_AXI_RDATA_I0[63]
    SLICE_X90Y150        MUXF7 (Prop_F7MUX_CD_SLICEM_I0_O)
                                                      0.069     5.939 r  mts_i/ctrl_interconnect/s00_couplers/auto_us/inst/gen_upsizer.gen_full_upsizer.axi_upsizer_inst/USE_READ.read_addr_inst/GEN_CMD_QUEUE.cmd_queue/s_axi_rdata[63]_INST_0/O
                         net (fo=1, routed)           3.402     9.341    mts_i/zynq_ultra_ps_e_0/inst/maxigp0_rdata[63]
    PS8_X0Y0             PS8                                          r  mts_i/zynq_ultra_ps_e_0/inst/PS8_i/MAXIGP0RDATA[63]
  -------------------------------------------------------------------    -------------------

                         (clock clk_pl_0 rise edge)
                                                     10.000    10.000 r  
    PS8_X0Y0             PS8                          0.000    10.000 r  mts_i/zynq_ultra_ps_e_0/inst/PS8_i/PLCLK[0]
                         net (fo=1, routed)           0.157    10.157    mts_i/zynq_ultra_ps_e_0/inst/pl_clk_unbuffered[0]
    BUFG_PS_X0Y68        BUFG_PS (Prop_BUFG_PS_I_O)
                                                      0.025    10.182 r  mts_i/zynq_ultra_ps_e_0/inst/buffer_pl_clk_0.PL_CLK_0_BUFG/O
    X3Y3 (CLOCK_ROOT)    net (fo=32915, routed)       2.306    12.488    mts_i/zynq_ultra_ps_e_0/inst/maxihpm0_fpd_aclk
    PS8_X0Y0             PS8                                          r  mts_i/zynq_ultra_ps_e_0/inst/PS8_i/MAXIGP0ACLK
                         clock pessimism              0.176    12.664    
                         clock uncertainty           -0.130    12.534    
    PS8_X0Y0             PS8 (Setup_PS8_MAXIGP0ACLK_MAXIGP0RDATA[63])
                                                     -0.828    11.706    mts_i/zynq_ultra_ps_e_0/inst/PS8_i
  -------------------------------------------------------------------
                         required time                         11.706    
                         arrival time                          -9.341    
  -------------------------------------------------------------------
                         slack                                  2.365    





Min Delay Paths
--------------------------------------------------------------------------------------
Slack (MET) :             0.010ns  (arrival time - required time)
  Source:                 mts_i/ctrl_interconnect/m01_couplers/auto_ds/inst/gen_downsizer.gen_simple_downsizer.axi_downsizer_inst/USE_WRITE.write_addr_inst/USE_B_CHANNEL.cmd_b_queue/inst/fifo_gen_inst/inst_fifo_gen/gconvfifo.rf/grf.rf/gntv_or_sync_fifo.mem/goreg_dm.dout_i_reg[2]/C
                            (rising edge-triggered cell FDRE clocked by clk_pl_0  {rise@0.000ns fall@5.000ns period=10.000ns})
  Destination:            mts_i/ctrl_interconnect/m01_couplers/auto_ds/inst/gen_downsizer.gen_simple_downsizer.axi_downsizer_inst/USE_WRITE.USE_SPLIT.write_resp_inst/repeat_cnt_reg[2]/D
                            (rising edge-triggered cell FDRE clocked by clk_pl_0  {rise@0.000ns fall@5.000ns period=10.000ns})
  Path Group:             clk_pl_0
  Path Type:              Hold (Min at Slow Process Corner)
  Requirement:            0.000ns  (clk_pl_0 rise@0.000ns - clk_pl_0 rise@0.000ns)
  Data Path Delay:        0.171ns  (logic 0.080ns (46.653%)  route 0.091ns (53.347%))
  Logic Levels:           1  (LUT6=1)
  Clock Path Skew:        0.101ns (DCD - SCD - CPR)
    Destination Clock Delay (DCD):    2.614ns
    Source Clock Delay      (SCD):    2.292ns
    Clock Pessimism Removal (CPR):    0.221ns
  Clock Net Delay (Source):      2.110ns (routing 0.869ns, distribution 1.241ns)
  Clock Net Delay (Destination): 2.388ns (routing 0.961ns, distribution 1.427ns)

    Location             Delay type                Incr(ns)  Path(ns)    Netlist Resource(s)
  -------------------------------------------------------------------    -------------------
                         (clock clk_pl_0 rise edge)
                                                      0.000     0.000 r  
    PS8_X0Y0             PS8                          0.000     0.000 r  mts_i/zynq_ultra_ps_e_0/inst/PS8_i/PLCLK[0]
                         net (fo=1, routed)           0.157     0.157    mts_i/zynq_ultra_ps_e_0/inst/pl_clk_unbuffered[0]
    BUFG_PS_X0Y68        BUFG_PS (Prop_BUFG_PS_I_O)
                                                      0.025     0.182 r  mts_i/zynq_ultra_ps_e_0/inst/buffer_pl_clk_0.PL_CLK_0_BUFG/O
    X3Y3 (CLOCK_ROOT)    net (fo=32915, routed)       2.110     2.292    mts_i/ctrl_interconnect/m01_couplers/auto_ds/inst/gen_downsizer.gen_simple_downsizer.axi_downsizer_inst/USE_WRITE.write_addr_inst/USE_B_CHANNEL.cmd_b_queue/inst/fifo_gen_inst/inst_fifo_gen/gconvfifo.rf/grf.rf/gntv_or_sync_fifo.mem/clk
    SLICE_X72Y101        FDRE                                         r  mts_i/ctrl_interconnect/m01_couplers/auto_ds/inst/gen_downsizer.gen_simple_downsizer.axi_downsizer_inst/USE_WRITE.write_addr_inst/USE_B_CHANNEL.cmd_b_queue/inst/fifo_gen_inst/inst_fifo_gen/gconvfifo.rf/grf.rf/gntv_or_sync_fifo.mem/goreg_dm.dout_i_reg[2]/C
  -------------------------------------------------------------------    -------------------
    SLICE_X72Y101        FDRE (Prop_BFF_SLICEM_C_Q)
                                                      0.058     2.350 r  mts_i/ctrl_interconnect/m01_couplers/auto_ds/inst/gen_downsizer.gen_simple_downsizer.axi_downsizer_inst/USE_WRITE.write_addr_inst/USE_B_CHANNEL.cmd_b_queue/inst/fifo_gen_inst/inst_fifo_gen/gconvfifo.rf/grf.rf/gntv_or_sync_fifo.mem/goreg_dm.dout_i_reg[2]/Q
                         net (fo=4, routed)           0.068     2.418    mts_i/ctrl_interconnect/m01_couplers/auto_ds/inst/gen_downsizer.gen_simple_downsizer.axi_downsizer_inst/USE_WRITE.USE_SPLIT.write_resp_inst/dout[2]
    SLICE_X71Y101        LUT6 (Prop_A6LUT_SLICEL_I5_O)
                                                      0.022     2.440 r  mts_i/ctrl_interconnect/m01_couplers/auto_ds/inst/gen_downsizer.gen_simple_downsizer.axi_downsizer_inst/USE_WRITE.USE_SPLIT.write_resp_inst/repeat_cnt[2]_i_1/O
                         net (fo=1, routed)           0.023     2.463    mts_i/ctrl_interconnect/m01_couplers/auto_ds/inst/gen_downsizer.gen_simple_downsizer.axi_downsizer_inst/USE_WRITE.USE_SPLIT.write_resp_inst/next_repeat_cnt[2]
    SLICE_X71Y101        FDRE                                         r  mts_i/ctrl_interconnect/m01_couplers/auto_ds/inst/gen_downsizer.gen_simple_downsizer.axi_downsizer_inst/USE_WRITE.USE_SPLIT.write_resp_inst/repeat_cnt_reg[2]/D
  -------------------------------------------------------------------    -------------------

                         (clock clk_pl_0 rise edge)
                                                      0.000     0.000 r  
    PS8_X0Y0             PS8                          0.000     0.000 r  mts_i/zynq_ultra_ps_e_0/inst/PS8_i/PLCLK[0]
                         net (fo=1, routed)           0.198     0.198    mts_i/zynq_ultra_ps_e_0/inst/pl_clk_unbuffered[0]
    BUFG_PS_X0Y68        BUFG_PS (Prop_BUFG_PS_I_O)
                                                      0.028     0.226 r  mts_i/zynq_ultra_ps_e_0/inst/buffer_pl_clk_0.PL_CLK_0_BUFG/O
    X3Y3 (CLOCK_ROOT)    net (fo=32915, routed)       2.388     2.614    mts_i/ctrl_interconnect/m01_couplers/auto_ds/inst/gen_downsizer.gen_simple_downsizer.axi_downsizer_inst/USE_WRITE.USE_SPLIT.write_resp_inst/CLK
    SLICE_X71Y101        FDRE                                         r  mts_i/ctrl_interconnect/m01_couplers/auto_ds/inst/gen_downsizer.gen_simple_downsizer.axi_downsizer_inst/USE_WRITE.USE_SPLIT.write_resp_inst/repeat_cnt_reg[2]/C
                         clock pessimism             -0.221     2.393    
    SLICE_X71Y101        FDRE (Hold_AFF_SLICEL_C_D)
                                                      0.060     2.453    mts_i/ctrl_interconnect/m01_couplers/auto_ds/inst/gen_downsizer.gen_simple_downsizer.axi_downsizer_inst/USE_WRITE.USE_SPLIT.write_resp_inst/repeat_cnt_reg[2]
  -------------------------------------------------------------------
                         required time                         -2.453    
                         arrival time                           2.463    
  -------------------------------------------------------------------
                         slack                                  0.010    





Pulse Width Checks
--------------------------------------------------------------------------------------
Clock Name:         clk_pl_0
Waveform(ns):       { 0.000 5.000 }
Period(ns):         10.000
Sources:            { mts_i/zynq_ultra_ps_e_0/inst/PS8_i/PLCLK[0] }

Check Type        Corner  Lib Pin     Reference Pin  Required(ns)  Actual(ns)  Slack(ns)  Location    Pin
Min Period        n/a     RFADC/DCLK  n/a            4.000         10.000      6.000      RFADC_X0Y0  mts_i/usp_rf_data_converter_0/inst/mts_usp_rf_data_converter_0_0_rf_wrapper_i/rx0_u_adc/DCLK
Low Pulse Width   Slow    RFADC/DCLK  n/a            1.600         5.000       3.400      RFADC_X0Y0  mts_i/usp_rf_data_converter_0/inst/mts_usp_rf_data_converter_0_0_rf_wrapper_i/rx0_u_adc/DCLK
High Pulse Width  Slow    RFADC/DCLK  n/a            1.600         5.000       3.400      RFADC_X0Y0  mts_i/usp_rf_data_converter_0/inst/mts_usp_rf_data_converter_0_0_rf_wrapper_i/rx0_u_adc/DCLK



---------------------------------------------------------------------------------------------------
From Clock:  PL_CLK
  To Clock:  clk_out1_mts_mmcm_rf_0

Setup :            0  Failing Endpoints,  Worst Slack        1.298ns,  Total Violation        0.000ns
Hold  :            0  Failing Endpoints,  Worst Slack        0.183ns,  Total Violation        0.000ns
---------------------------------------------------------------------------------------------------


Max Delay Paths
--------------------------------------------------------------------------------------
Slack (MET) :             1.298ns  (required time - arrival time)
  Source:                 mts_i/mts_sync_0/inst/sysref_pl_reg/C
                            (rising edge-triggered cell FDRE clocked by PL_CLK  {rise@0.000ns fall@1.000ns period=2.000ns})
  Destination:            mts_i/mts_sync_0/inst/sysref_rf_r_reg/D
                            (rising edge-triggered cell FDRE clocked by clk_out1_mts_mmcm_rf_0  {rise@0.000ns fall@2.000ns period=4.000ns})
  Path Group:             clk_out1_mts_mmcm_rf_0
  Path Type:              Setup (Max at Slow Process Corner)
  Requirement:            2.000ns  (clk_out1_mts_mmcm_rf_0 rise@4.000ns - PL_CLK rise@2.000ns)
  Data Path Delay:        0.474ns  (logic 0.081ns (17.080%)  route 0.393ns (82.920%))
  Logic Levels:           0  
  Clock Path Skew:        -0.127ns (DCD - SCD + CPR)
    Destination Clock Delay (DCD):    2.079ns = ( 6.079 - 4.000 ) 
    Source Clock Delay      (SCD):    2.403ns = ( 4.403 - 2.000 ) 
    Clock Pessimism Removal (CPR):    0.197ns
  Clock Uncertainty:      0.125ns  ((TSJ^2 + DJ^2)^1/2) / 2 + PE
    Total System Jitter     (TSJ):    0.071ns
    Discrete Jitter          (DJ):    0.081ns
    Phase Error              (PE):    0.072ns
  Clock Net Delay (Source):      1.223ns (routing 0.171ns, distribution 1.052ns)
  Clock Net Delay (Destination): 2.007ns (routing 0.676ns, distribution 1.331ns)

    Location             Delay type                Incr(ns)  Path(ns)    Netlist Resource(s)
  -------------------------------------------------------------------    -------------------
                         (clock PL_CLK rise edge)     2.000     2.000 r  
    AN11                                              0.000     2.000 r  PL_CLK_clk_p[0] (IN)
                         net (fo=0)                   0.100     2.100    mts_i/ibufds_pl_clk/U0/USE_IBUFDS.GEN_IBUFDS[0].IBUFDS_I/I
    HPIOBDIFFINBUF_X0Y34 DIFFINBUF (Prop_DIFFINBUF_HPIOBDIFFINBUF_DIFF_IN_P_O)
                                                      0.666     2.766 r  mts_i/ibufds_pl_clk/U0/USE_IBUFDS.GEN_IBUFDS[0].IBUFDS_I/DIFFINBUF_INST/O
                         net (fo=1, routed)           0.050     2.816    mts_i/ibufds_pl_clk/U0/USE_IBUFDS.GEN_IBUFDS[0].IBUFDS_I/OUT
    AN11                 IBUFCTRL (Prop_IBUFCTRL_HPIOB_M_I_O)
                                                      0.000     2.816 r  mts_i/ibufds_pl_clk/U0/USE_IBUFDS.GEN_IBUFDS[0].IBUFDS_I/IBUFCTRL_INST/O
                         net (fo=1, routed)           0.336     3.152    mts_i/bufg_pl_clk/U0/BUFG_I[0]
    BUFGCE_X0Y33         BUFGCE (Prop_BUFCE_BUFGCE_I_O)
                                                      0.028     3.180 r  mts_i/bufg_pl_clk/U0/USE_BUFG.GEN_BUFG[0].BUFG_U/O
    X4Y1 (CLOCK_ROOT)    net (fo=132, routed)         1.223     4.403    mts_i/mts_sync_0/inst/pl_clk
    SLICE_X114Y167       FDRE                                         r  mts_i/mts_sync_0/inst/sysref_pl_reg/C
  -------------------------------------------------------------------    -------------------
    SLICE_X114Y167       FDRE (Prop_EFF2_SLICEL_C_Q)
                                                      0.081     4.484 r  mts_i/mts_sync_0/inst/sysref_pl_reg/Q
                         net (fo=3, routed)           0.393     4.877    mts_i/mts_sync_0/inst/sysref_pl
    SLICE_X114Y167       FDRE                                         r  mts_i/mts_sync_0/inst/sysref_rf_r_reg/D
  -------------------------------------------------------------------    -------------------

                         (clock clk_out1_mts_mmcm_rf_0 rise edge)
                                                      4.000     4.000 r  
    AN11                                              0.000     4.000 r  PL_CLK_clk_p[0] (IN)
                         net (fo=0)                   0.079     4.079    mts_i/ibufds_pl_clk/U0/USE_IBUFDS.GEN_IBUFDS[0].IBUFDS_I/I
    HPIOBDIFFINBUF_X0Y34 DIFFINBUF (Prop_DIFFINBUF_HPIOBDIFFINBUF_DIFF_IN_P_O)
                                                      0.556     4.635 r  mts_i/ibufds_pl_clk/U0/USE_IBUFDS.GEN_IBUFDS[0].IBUFDS_I/DIFFINBUF_INST/O
                         net (fo=1, routed)           0.040     4.675    mts_i/ibufds_pl_clk/U0/USE_IBUFDS.GEN_IBUFDS[0].IBUFDS_I/OUT
    AN11                 IBUFCTRL (Prop_IBUFCTRL_HPIOB_M_I_O)
                                                      0.000     4.675 r  mts_i/ibufds_pl_clk/U0/USE_IBUFDS.GEN_IBUFDS[0].IBUFDS_I/IBUFCTRL_INST/O
                         net (fo=1, routed)           0.300     4.975    mts_i/bufg_pl_clk/U0/BUFG_I[0]
    BUFGCE_X0Y33         BUFGCE (Prop_BUFCE_BUFGCE_I_O)
                                                      0.024     4.999 r  mts_i/bufg_pl_clk/U0/USE_BUFG.GEN_BUFG[0].BUFG_U/O
                         net (fo=132, routed)         0.730     5.729    mts_i/mmcm_rf/inst/clk_in1
    MMCM_X0Y1            MMCME4_ADV (Prop_MMCM_CLKIN1_CLKOUT0)
                                                     -1.896     3.833 r  mts_i/mmcm_rf/inst/mmcme4_adv_inst/CLKOUT0
                         net (fo=1, routed)           0.215     4.048    mts_i/mmcm_rf/inst/clk_out1_mts_mmcm_rf_0
    BUFGCE_X0Y24         BUFGCE (Prop_BUFCE_BUFGCE_I_O)
                                                      0.024     4.072 r  mts_i/mmcm_rf/inst/clkout1_buf/O
    X4Y3 (CLOCK_ROOT)    net (fo=5695, routed)        2.007     6.079    mts_i/mts_sync_0/inst/clk_rf
    SLICE_X114Y167       FDRE                                         r  mts_i/mts_sync_0/inst/sysref_rf_r_reg/C
                         clock pessimism              0.197     6.276    
                         clock uncertainty           -0.125     6.151    
    SLICE_X114Y167       FDRE (Setup_AFF_SLICEL_C_D)
                                                      0.025     6.176    mts_i/mts_sync_0/inst/sysref_rf_r_reg
  -------------------------------------------------------------------
                         required time                          6.176    
                         arrival time                          -4.877    
  -------------------------------------------------------------------
                         slack                                  1.298    





Min Delay Paths
--------------------------------------------------------------------------------------
Slack (MET) :             0.183ns  (arrival time - required time)
  Source:                 mts_i/mts_sync_0/inst/sysref_pl_reg/C
                            (rising edge-triggered cell FDRE clocked by PL_CLK  {rise@0.000ns fall@1.000ns period=2.000ns})
  Destination:            mts_i/mts_sync_0/inst/sysref_rf_r_reg/D
                            (rising edge-triggered cell FDRE clocked by clk_out1_mts_mmcm_rf_0  {rise@0.000ns fall@2.000ns period=4.000ns})
  Path Group:             clk_out1_mts_mmcm_rf_0
  Path Type:              Hold (Min at Fast Process Corner)
  Requirement:            0.000ns  (clk_out1_mts_mmcm_rf_0 rise@0.000ns - PL_CLK rise@0.000ns)
  Data Path Delay:        0.193ns  (logic 0.040ns (20.706%)  route 0.153ns (79.294%))
  Logic Levels:           0  
  Clock Path Skew:        -0.161ns (DCD - SCD - CPR)
    Destination Clock Delay (DCD):    1.378ns
    Source Clock Delay      (SCD):    1.348ns
    Clock Pessimism Removal (CPR):    0.191ns
  Clock Uncertainty:      0.125ns  ((TSJ^2 + DJ^2)^1/2) / 2 + PE
    Total System Jitter     (TSJ):    0.071ns
    Discrete Jitter          (DJ):    0.081ns
    Phase Error              (PE):    0.072ns
  Clock Net Delay (Source):      0.686ns (routing 0.096ns, distribution 0.590ns)
  Clock Net Delay (Destination): 1.392ns (routing 0.461ns, distribution 0.931ns)

    Location             Delay type                Incr(ns)  Path(ns)    Netlist Resource(s)
  -------------------------------------------------------------------    -------------------
                         (clock PL_CLK rise edge)     0.000     0.000 r  
    AN11                                              0.000     0.000 r  PL_CLK_clk_p[0] (IN)
                         net (fo=0)                   0.079     0.079    mts_i/ibufds_pl_clk/U0/USE_IBUFDS.GEN_IBUFDS[0].IBUFDS_I/I
    HPIOBDIFFINBUF_X0Y34 DIFFINBUF (Prop_DIFFINBUF_HPIOBDIFFINBUF_DIFF_IN_P_O)
                                                      0.332     0.411 r  mts_i/ibufds_pl_clk/U0/USE_IBUFDS.GEN_IBUFDS[0].IBUFDS_I/DIFFINBUF_INST/O
                         net (fo=1, routed)           0.040     0.451    mts_i/ibufds_pl_clk/U0/USE_IBUFDS.GEN_IBUFDS[0].IBUFDS_I/OUT
    AN11                 IBUFCTRL (Prop_IBUFCTRL_HPIOB_M_I_O)
                                                      0.000     0.451 r  mts_i/ibufds_pl_clk/U0/USE_IBUFDS.GEN_IBUFDS[0].IBUFDS_I/IBUFCTRL_INST/O
                         net (fo=1, routed)           0.194     0.645    mts_i/bufg_pl_clk/U0/BUFG_I[0]
    BUFGCE_X0Y33         BUFGCE (Prop_BUFCE_BUFGCE_I_O)
                                                      0.017     0.662 r  mts_i/bufg_pl_clk/U0/USE_BUFG.GEN_BUFG[0].BUFG_U/O
    X4Y1 (CLOCK_ROOT)    net (fo=132, routed)         0.686     1.348    mts_i/mts_sync_0/inst/pl_clk
    SLICE_X114Y167       FDRE                                         r  mts_i/mts_sync_0/inst/sysref_pl_reg/C
  -------------------------------------------------------------------    -------------------
    SLICE_X114Y167       FDRE (Prop_EFF2_SLICEL_C_Q)
                                                      0.040     1.388 r  mts_i/mts_sync_0/inst/sysref_pl_reg/Q
                         net (fo=3, routed)           0.153     1.541    mts_i/mts_sync_0/inst/sysref_pl
    SLICE_X114Y167       FDRE                                         r  mts_i/mts_sync_0/inst/sysref_rf_r_reg/D
  -------------------------------------------------------------------    -------------------

                         (clock clk_out1_mts_mmcm_rf_0 rise edge)
                                                      0.000     0.000 r  
    AN11                                              0.000     0.000 r  PL_CLK_clk_p[0] (IN)
                         net (fo=0)                   0.100     0.100    mts_i/ibufds_pl_clk/U0/USE_IBUFDS.GEN_IBUFDS[0].IBUFDS_I/I
    HPIOBDIFFINBUF_X0Y34 DIFFINBUF (Prop_DIFFINBUF_HPIOBDIFFINBUF_DIFF_IN_P_O)
                                                      0.437     0.537 r  mts_i/ibufds_pl_clk/U0/USE_IBUFDS.GEN_IBUFDS[0].IBUFDS_I/DIFFINBUF_INST/O
                         net (fo=1, routed)           0.050     0.587    mts_i/ibufds_pl_clk/U0/USE_IBUFDS.GEN_IBUFDS[0].IBUFDS_I/OUT
    AN11                 IBUFCTRL (Prop_IBUFCTRL_HPIOB_M_I_O)
                                                      0.000     0.587 r  mts_i/ibufds_pl_clk/U0/USE_IBUFDS.GEN_IBUFDS[0].IBUFDS_I/IBUFCTRL_INST/O
                         net (fo=1, routed)           0.235     0.822    mts_i/bufg_pl_clk/U0/BUFG_I[0]
    BUFGCE_X0Y33         BUFGCE (Prop_BUFCE_BUFGCE_I_O)
                                                      0.019     0.841 r  mts_i/bufg_pl_clk/U0/USE_BUFG.GEN_BUFG[0].BUFG_U/O
                         net (fo=132, routed)         0.527     1.368    mts_i/mmcm_rf/inst/clk_in1
    MMCM_X0Y1            MMCME4_ADV (Prop_MMCM_CLKIN1_CLKOUT0)
                                                     -1.567    -0.199 r  mts_i/mmcm_rf/inst/mmcme4_adv_inst/CLKOUT0
                         net (fo=1, routed)           0.166    -0.033    mts_i/mmcm_rf/inst/clk_out1_mts_mmcm_rf_0
    BUFGCE_X0Y24         BUFGCE (Prop_BUFCE_BUFGCE_I_O)
                                                      0.019    -0.014 r  mts_i/mmcm_rf/inst/clkout1_buf/O
    X4Y3 (CLOCK_ROOT)    net (fo=5695, routed)        1.392     1.378    mts_i/mts_sync_0/inst/clk_rf
    SLICE_X114Y167       FDRE                                         r  mts_i/mts_sync_0/inst/sysref_rf_r_reg/C
                         clock pessimism             -0.191     1.187    
                         clock uncertainty            0.125     1.312    
    SLICE_X114Y167       FDRE (Hold_AFF_SLICEL_C_D)
                                                      0.046     1.358    mts_i/mts_sync_0/inst/sysref_rf_r_reg
  -------------------------------------------------------------------
                         required time                         -1.358    
                         arrival time                           1.541    
  -------------------------------------------------------------------
                         slack                                  0.183    





---------------------------------------------------------------------------------------------------
From Clock:  clk_out2_mts_mmcm_rf_0
  To Clock:  clk_out1_mts_mmcm_rf_0

Setup :            0  Failing Endpoints,  Worst Slack        6.852ns,  Total Violation        0.000ns
Hold  :           NA  Failing Endpoints,  Worst Slack           NA  ,  Total Violation           NA
---------------------------------------------------------------------------------------------------


Max Delay Paths
--------------------------------------------------------------------------------------
Slack (MET) :             6.852ns  (required time - arrival time)
  Source:                 mts_i/dac_cc/inst/gen_async_conv.axisc_async_clock_converter_0/xpm_fifo_async_inst/gnuram_async_fifo.xpm_fifo_base_inst/gen_sdpram.xpm_memory_base_inst/gen_wr_a.gen_word_narrow.mem_reg_0_31_378_391/RAMA_D1/CLK
                            (rising edge-triggered cell RAMD32 clocked by clk_out2_mts_mmcm_rf_0  {rise@0.000ns fall@4.000ns period=8.000ns})
  Destination:            mts_i/dac_cc/inst/gen_async_conv.axisc_async_clock_converter_0/xpm_fifo_async_inst/gnuram_async_fifo.xpm_fifo_base_inst/gen_sdpram.xpm_memory_base_inst/gen_rd_b.gen_rd_b_synth_template.gen_rf_narrow_pipe.doutb_reg_reg[379]/D
                            (rising edge-triggered cell FDRE clocked by clk_out1_mts_mmcm_rf_0  {rise@0.000ns fall@2.000ns period=4.000ns})
  Path Group:             clk_out1_mts_mmcm_rf_0
  Path Type:              Setup (Max at Slow Process Corner)
  Requirement:            8.000ns  (MaxDelay Path 8.000ns)
  Data Path Delay:        1.173ns  (logic 0.305ns (26.002%)  route 0.868ns (73.998%))
  Logic Levels:           0  
  Timing Exception:       MaxDelay Path 8.000ns -datapath_only

    Location             Delay type                Incr(ns)  Path(ns)    Netlist Resource(s)
  -------------------------------------------------------------------    -------------------
    SLICE_X90Y270                                     0.000     0.000 r  mts_i/dac_cc/inst/gen_async_conv.axisc_async_clock_converter_0/xpm_fifo_async_inst/gnuram_async_fifo.xpm_fifo_base_inst/gen_sdpram.xpm_memory_base_inst/gen_wr_a.gen_word_narrow.mem_reg_0_31_378_391/RAMA_D1/CLK
    SLICE_X90Y270        RAMD32 (Prop_A6LUT_SLICEM_CLK_O)
                                                      0.305     0.305 r  mts_i/dac_cc/inst/gen_async_conv.axisc_async_clock_converter_0/xpm_fifo_async_inst/gnuram_async_fifo.xpm_fifo_base_inst/gen_sdpram.xpm_memory_base_inst/gen_wr_a.gen_word_narrow.mem_reg_0_31_378_391/RAMA_D1/O
                         net (fo=1, routed)           0.868     1.173    mts_i/dac_cc/inst/gen_async_conv.axisc_async_clock_converter_0/xpm_fifo_async_inst/gnuram_async_fifo.xpm_fifo_base_inst/gen_sdpram.xpm_memory_base_inst/gen_rd_b.gen_rd_b_synth_template.gen_rf_narrow_pipe.doutb_reg_reg0[379]
    SLICE_X93Y313        FDRE                                         r  mts_i/dac_cc/inst/gen_async_conv.axisc_async_clock_converter_0/xpm_fifo_async_inst/gnuram_async_fifo.xpm_fifo_base_inst/gen_sdpram.xpm_memory_base_inst/gen_rd_b.gen_rd_b_synth_template.gen_rf_narrow_pipe.doutb_reg_reg[379]/D
  -------------------------------------------------------------------    -------------------

                         max delay                    8.000     8.000    
    SLICE_X93Y313        FDRE (Setup_EFF2_SLICEM_C_D)
                                                      0.025     8.025    mts_i/dac_cc/inst/gen_async_conv.axisc_async_clock_converter_0/xpm_fifo_async_inst/gnuram_async_fifo.xpm_fifo_base_inst/gen_sdpram.xpm_memory_base_inst/gen_rd_b.gen_rd_b_synth_template.gen_rf_narrow_pipe.doutb_reg_reg[379]
  -------------------------------------------------------------------
                         required time                          8.025    
                         arrival time                          -1.173    
  -------------------------------------------------------------------
                         slack                                  6.852    





---------------------------------------------------------------------------------------------------
From Clock:  clk_out1_mts_mmcm_rf_0
  To Clock:  clk_out2_mts_mmcm_rf_0

Setup :            0  Failing Endpoints,  Worst Slack        2.717ns,  Total Violation        0.000ns
Hold  :           NA  Failing Endpoints,  Worst Slack           NA  ,  Total Violation           NA
---------------------------------------------------------------------------------------------------


Max Delay Paths
--------------------------------------------------------------------------------------
Slack (MET) :             2.717ns  (required time - arrival time)
  Source:                 mts_i/cap3_cc/inst/gen_async_conv.axisc_async_clock_converter_0/xpm_fifo_async_inst/gnuram_async_fifo.xpm_fifo_base_inst/gen_sdpram.xpm_memory_base_inst/gen_wr_a.gen_word_narrow.mem_reg_0_31_14_27/RAME_D1/CLK
                            (rising edge-triggered cell RAMD32 clocked by clk_out1_mts_mmcm_rf_0  {rise@0.000ns fall@2.000ns period=4.000ns})
  Destination:            mts_i/cap3_cc/inst/gen_async_conv.axisc_async_clock_converter_0/xpm_fifo_async_inst/gnuram_async_fifo.xpm_fifo_base_inst/gen_sdpram.xpm_memory_base_inst/gen_rd_b.gen_rd_b_synth_template.gen_rf_narrow_pipe.doutb_reg_reg[23]/D
                            (rising edge-triggered cell FDRE clocked by clk_out2_mts_mmcm_rf_0  {rise@0.000ns fall@4.000ns period=8.000ns})
  Path Group:             clk_out2_mts_mmcm_rf_0
  Path Type:              Setup (Max at Slow Process Corner)
  Requirement:            4.000ns  (MaxDelay Path 4.000ns)
  Data Path Delay:        1.308ns  (logic 0.302ns (23.089%)  route 1.006ns (76.911%))
  Logic Levels:           0  
  Timing Exception:       MaxDelay Path 4.000ns -datapath_only

    Location             Delay type                Incr(ns)  Path(ns)    Netlist Resource(s)
  -------------------------------------------------------------------    -------------------
    SLICE_X113Y212                                    0.000     0.000 r  mts_i/cap3_cc/inst/gen_async_conv.axisc_async_clock_converter_0/xpm_fifo_async_inst/gnuram_async_fifo.xpm_fifo_base_inst/gen_sdpram.xpm_memory_base_inst/gen_wr_a.gen_word_narrow.mem_reg_0_31_14_27/RAME_D1/CLK
    SLICE_X113Y212       RAMD32 (Prop_E6LUT_SLICEM_CLK_O)
                                                      0.302     0.302 r  mts_i/cap3_cc/inst/gen_async_conv.axisc_async_clock_converter_0/xpm_fifo_async_inst/gnuram_async_fifo.xpm_fifo_base_inst/gen_sdpram.xpm_memory_base_inst/gen_wr_a.gen_word_narrow.mem_reg_0_31_14_27/RAME_D1/O
                         net (fo=1, routed)           1.006     1.308    mts_i/cap3_cc/inst/gen_async_conv.axisc_async_clock_converter_0/xpm_fifo_async_inst/gnuram_async_fifo.xpm_fifo_base_inst/gen_sdpram.xpm_memory_base_inst/gen_rd_b.gen_rd_b_synth_template.gen_rf_narrow_pipe.doutb_reg_reg0[23]
    SLICE_X108Y217       FDRE                                         r  mts_i/cap3_cc/inst/gen_async_conv.axisc_async_clock_converter_0/xpm_fifo_async_inst/gnuram_async_fifo.xpm_fifo_base_inst/gen_sdpram.xpm_memory_base_inst/gen_rd_b.gen_rd_b_synth_template.gen_rf_narrow_pipe.doutb_reg_reg[23]/D
  -------------------------------------------------------------------    -------------------

                         max delay                    4.000     4.000    
    SLICE_X108Y217       FDRE (Setup_FFF2_SLICEL_C_D)
                                                      0.025     4.025    mts_i/cap3_cc/inst/gen_async_conv.axisc_async_clock_converter_0/xpm_fifo_async_inst/gnuram_async_fifo.xpm_fifo_base_inst/gen_sdpram.xpm_memory_base_inst/gen_rd_b.gen_rd_b_synth_template.gen_rf_narrow_pipe.doutb_reg_reg[23]
  -------------------------------------------------------------------
                         required time                          4.025    
                         arrival time                          -1.308    
  -------------------------------------------------------------------
                         slack                                  2.717    





---------------------------------------------------------------------------------------------------
From Clock:  clk_pl_0
  To Clock:  clk_out2_mts_mmcm_rf_0

Setup :            0  Failing Endpoints,  Worst Slack        8.967ns,  Total Violation        0.000ns
Hold  :           NA  Failing Endpoints,  Worst Slack           NA  ,  Total Violation           NA
---------------------------------------------------------------------------------------------------


Max Delay Paths
--------------------------------------------------------------------------------------
Slack (MET) :             8.967ns  (required time - arrival time)
  Source:                 mts_i/ctrl_interconnect/m04_couplers/auto_cc/inst/gen_clock_conv.gen_async_conv.asyncfifo_axi/inst_fifo_gen/gaxi_full_lite.gwrite_ch.gwrch2.axi_wrch/grf.rf/gntv_or_sync_fifo.gcx.clkx/rd_pntr_cdc_inst/src_gray_ff_reg[0]/C
                            (rising edge-triggered cell FDRE clocked by clk_pl_0  {rise@0.000ns fall@5.000ns period=10.000ns})
  Destination:            mts_i/ctrl_interconnect/m04_couplers/auto_cc/inst/gen_clock_conv.gen_async_conv.asyncfifo_axi/inst_fifo_gen/gaxi_full_lite.gwrite_ch.gwrch2.axi_wrch/grf.rf/gntv_or_sync_fifo.gcx.clkx/rd_pntr_cdc_inst/dest_graysync_ff_reg[0][0]/D
                            (rising edge-triggered cell FDRE clocked by clk_out2_mts_mmcm_rf_0  {rise@0.000ns fall@4.000ns period=8.000ns})
  Path Group:             clk_out2_mts_mmcm_rf_0
  Path Type:              Setup (Max at Slow Process Corner)
  Requirement:            10.000ns  (MaxDelay Path 10.000ns)
  Data Path Delay:        1.058ns  (logic 0.078ns (7.372%)  route 0.980ns (92.628%))
  Logic Levels:           0  
  Timing Exception:       MaxDelay Path 10.000ns -datapath_only

    Location             Delay type                Incr(ns)  Path(ns)    Netlist Resource(s)
  -------------------------------------------------------------------    -------------------
    SLICE_X78Y45                                      0.000     0.000 r  mts_i/ctrl_interconnect/m04_couplers/auto_cc/inst/gen_clock_conv.gen_async_conv.asyncfifo_axi/inst_fifo_gen/gaxi_full_lite.gwrite_ch.gwrch2.axi_wrch/grf.rf/gntv_or_sync_fifo.gcx.clkx/rd_pntr_cdc_inst/src_gray_ff_reg[0]/C
    SLICE_X78Y45         FDRE (Prop_DFF_SLICEM_C_Q)
                                                      0.078     0.078 r  mts_i/ctrl_interconnect/m04_couplers/auto_cc/inst/gen_clock_conv.gen_async_conv.asyncfifo_axi/inst_fifo_gen/gaxi_full_lite.gwrite_ch.gwrch2.axi_wrch/grf.rf/gntv_or_sync_fifo.gcx.clkx/rd_pntr_cdc_inst/src_gray_ff_reg[0]/Q
                         net (fo=1, routed)           0.980     1.058    mts_i/ctrl_interconnect/m04_couplers/auto_cc/inst/gen_clock_conv.gen_async_conv.asyncfifo_axi/inst_fifo_gen/gaxi_full_lite.gwrite_ch.gwrch2.axi_wrch/grf.rf/gntv_or_sync_fifo.gcx.clkx/rd_pntr_cdc_inst/async_path[0]
    SLICE_X79Y46         FDRE                                         r  mts_i/ctrl_interconnect/m04_couplers/auto_cc/inst/gen_clock_conv.gen_async_conv.asyncfifo_axi/inst_fifo_gen/gaxi_full_lite.gwrite_ch.gwrch2.axi_wrch/grf.rf/gntv_or_sync_fifo.gcx.clkx/rd_pntr_cdc_inst/dest_graysync_ff_reg[0][0]/D
  -------------------------------------------------------------------    -------------------

                         max delay                   10.000    10.000    
    SLICE_X79Y46         FDRE (Setup_DFF2_SLICEM_C_D)
                                                      0.025    10.025    mts_i/ctrl_interconnect/m04_couplers/auto_cc/inst/gen_clock_conv.gen_async_conv.asyncfifo_axi/inst_fifo_gen/gaxi_full_lite.gwrite_ch.gwrch2.axi_wrch/grf.rf/gntv_or_sync_fifo.gcx.clkx/rd_pntr_cdc_inst/dest_graysync_ff_reg[0][0]
  -------------------------------------------------------------------
                         required time                         10.025    
                         arrival time                          -1.058    
  -------------------------------------------------------------------
                         slack                                  8.967    





---------------------------------------------------------------------------------------------------
From Clock:  clk_out2_mts_mmcm_rf_0
  To Clock:  clk_pl_0

Setup :            0  Failing Endpoints,  Worst Slack        6.850ns,  Total Violation        0.000ns
Hold  :           NA  Failing Endpoints,  Worst Slack           NA  ,  Total Violation           NA
---------------------------------------------------------------------------------------------------


Max Delay Paths
--------------------------------------------------------------------------------------
Slack (MET) :             6.850ns  (required time - arrival time)
  Source:                 mts_i/ctrl_interconnect/m03_couplers/auto_cc/inst/gen_clock_conv.gen_async_conv.asyncfifo_axi/inst_fifo_gen/gaxi_full_lite.gwrite_ch.gwdch2.axi_wdch/grf.rf/gntv_or_sync_fifo.gcx.clkx/rd_pntr_cdc_inst/src_gray_ff_reg[1]/C
                            (rising edge-triggered cell FDRE clocked by clk_out2_mts_mmcm_rf_0  {rise@0.000ns fall@4.000ns period=8.000ns})
  Destination:            mts_i/ctrl_interconnect/m03_couplers/auto_cc/inst/gen_clock_conv.gen_async_conv.asyncfifo_axi/inst_fifo_gen/gaxi_full_lite.gwrite_ch.gwdch2.axi_wdch/grf.rf/gntv_or_sync_fifo.gcx.clkx/rd_pntr_cdc_inst/dest_graysync_ff_reg[0][1]/D
                            (rising edge-triggered cell FDRE clocked by clk_pl_0  {rise@0.000ns fall@5.000ns period=10.000ns})
  Path Group:             clk_pl_0
  Path Type:              Setup (Max at Slow Process Corner)
  Requirement:            8.000ns  (MaxDelay Path 8.000ns)
  Data Path Delay:        1.175ns  (logic 0.080ns (6.809%)  route 1.095ns (93.191%))
  Logic Levels:           0  
  Timing Exception:       MaxDelay Path 8.000ns -datapath_only

    Location             Delay type                Incr(ns)  Path(ns)    Netlist Resource(s)
  -------------------------------------------------------------------    -------------------
    SLICE_X83Y72                                      0.000     0.000 r  mts_i/ctrl_interconnect/m03_couplers/auto_cc/inst/gen_clock_conv.gen_async_conv.asyncfifo_axi/inst_fifo_gen/gaxi_full_lite.gwrite_ch.gwdch2.axi_wdch/grf.rf/gntv_or_sync_fifo.gcx.clkx/rd_pntr_cdc_inst/src_gray_ff_reg[1]/C
    SLICE_X83Y72         FDRE (Prop_DFF2_SLICEM_C_Q)
                                                      0.080     0.080 r  mts_i/ctrl_interconnect/m03_couplers/auto_cc/inst/gen_clock_conv.gen_async_conv.asyncfifo_axi/inst_fifo_gen/gaxi_full_lite.gwrite_ch.gwdch2.axi_wdch/grf.rf/gntv_or_sync_fifo.gcx.clkx/rd_pntr_cdc_inst/src_gray_ff_reg[1]/Q
                         net (fo=1, routed)           1.095     1.175    mts_i/ctrl_interconnect/m03_couplers/auto_cc/inst/gen_clock_conv.gen_async_conv.asyncfifo_axi/inst_fifo_gen/gaxi_full_lite.gwrite_ch.gwdch2.axi_wdch/grf.rf/gntv_or_sync_fifo.gcx.clkx/rd_pntr_cdc_inst/async_path[1]
    SLICE_X82Y74         FDRE                                         r  mts_i/ctrl_interconnect/m03_couplers/auto_cc/inst/gen_clock_conv.gen_async_conv.asyncfifo_axi/inst_fifo_gen/gaxi_full_lite.gwrite_ch.gwdch2.axi_wdch/grf.rf/gntv_or_sync_fifo.gcx.clkx/rd_pntr_cdc_inst/dest_graysync_ff_reg[0][1]/D
  -------------------------------------------------------------------    -------------------

                         max delay                    8.000     8.000    
    SLICE_X82Y74         FDRE (Setup_DFF2_SLICEM_C_D)
                                                      0.025     8.025    mts_i/ctrl_interconnect/m03_couplers/auto_cc/inst/gen_clock_conv.gen_async_conv.asyncfifo_axi/inst_fifo_gen/gaxi_full_lite.gwrite_ch.gwdch2.axi_wdch/grf.rf/gntv_or_sync_fifo.gcx.clkx/rd_pntr_cdc_inst/dest_graysync_ff_reg[0][1]
  -------------------------------------------------------------------
                         required time                          8.025    
                         arrival time                          -1.175    
  -------------------------------------------------------------------
                         slack                                  6.850    





---------------------------------------------------------------------------------------------------
Path Group:  **async_default**
From Clock:  clk_out1_mts_mmcm_rf_0
  To Clock:  clk_out1_mts_mmcm_rf_0

Setup :            0  Failing Endpoints,  Worst Slack        1.731ns,  Total Violation        0.000ns
Hold  :            0  Failing Endpoints,  Worst Slack        0.442ns,  Total Violation        0.000ns
---------------------------------------------------------------------------------------------------


Max Delay Paths
--------------------------------------------------------------------------------------
Slack (MET) :             1.731ns  (required time - arrival time)
  Source:                 mts_i/rst_rf/U0/ACTIVE_LOW_PR_OUT_DFF[0].FDRE_PER_N/C
                            (rising edge-triggered cell FDRE clocked by clk_out1_mts_mmcm_rf_0  {rise@0.000ns fall@2.000ns period=4.000ns})
  Destination:            mts_i/usp_rf_data_converter_0/inst/i_rf_conv_mt_mrk_counter_adc30/mrk_cntr_ff_reg[7]/CLR
                            (recovery check against rising-edge clock clk_out1_mts_mmcm_rf_0  {rise@0.000ns fall@2.000ns period=4.000ns})
  Path Group:             **async_default**
  Path Type:              Recovery (Max at Slow Process Corner)
  Requirement:            4.000ns  (clk_out1_mts_mmcm_rf_0 rise@4.000ns - clk_out1_mts_mmcm_rf_0 rise@0.000ns)
  Data Path Delay:        2.150ns  (logic 0.077ns (3.581%)  route 2.073ns (96.419%))
  Logic Levels:           0  
  Clock Path Skew:        0.001ns (DCD - SCD + CPR)
    Destination Clock Delay (DCD):    2.111ns = ( 6.111 - 4.000 ) 
    Source Clock Delay      (SCD):    1.962ns
    Clock Pessimism Removal (CPR):    -0.148ns
  Clock Uncertainty:      0.054ns  ((TSJ^2 + DJ^2)^1/2) / 2 + PE
    Total System Jitter     (TSJ):    0.071ns
    Discrete Jitter          (DJ):    0.081ns
    Phase Error              (PE):    0.000ns
  Clock Net Delay (Source):      2.106ns (routing 0.744ns, distribution 1.362ns)
  Clock Net Delay (Destination): 2.039ns (routing 0.676ns, distribution 1.363ns)

    Location             Delay type                Incr(ns)  Path(ns)    Netlist Resource(s)
  -------------------------------------------------------------------    -------------------
                         (clock clk_out1_mts_mmcm_rf_0 rise edge)
                                                      0.000     0.000 r  
    AN11                                              0.000     0.000 r  PL_CLK_clk_p[0] (IN)
                         net (fo=0)                   0.100     0.100    mts_i/ibufds_pl_clk/U0/USE_IBUFDS.GEN_IBUFDS[0].IBUFDS_I/I
    HPIOBDIFFINBUF_X0Y34 DIFFINBUF (Prop_DIFFINBUF_HPIOBDIFFINBUF_DIFF_IN_P_O)
                                                      0.666     0.766 r  mts_i/ibufds_pl_clk/U0/USE_IBUFDS.GEN_IBUFDS[0].IBUFDS_I/DIFFINBUF_INST/O
                         net (fo=1, routed)           0.050     0.816    mts_i/ibufds_pl_clk/U0/USE_IBUFDS.GEN_IBUFDS[0].IBUFDS_I/OUT
    AN11                 IBUFCTRL (Prop_IBUFCTRL_HPIOB_M_I_O)
                                                      0.000     0.816 r  mts_i/ibufds_pl_clk/U0/USE_IBUFDS.GEN_IBUFDS[0].IBUFDS_I/IBUFCTRL_INST/O
                         net (fo=1, routed)           0.336     1.152    mts_i/bufg_pl_clk/U0/BUFG_I[0]
    BUFGCE_X0Y33         BUFGCE (Prop_BUFCE_BUFGCE_I_O)
                                                      0.028     1.180 r  mts_i/bufg_pl_clk/U0/USE_BUFG.GEN_BUFG[0].BUFG_U/O
                         net (fo=132, routed)         0.831     2.011    mts_i/mmcm_rf/inst/clk_in1
    MMCM_X0Y1            MMCME4_ADV (Prop_MMCM_CLKIN1_CLKOUT0)
                                                     -2.428    -0.417 r  mts_i/mmcm_rf/inst/mmcme4_adv_inst/CLKOUT0
                         net (fo=1, routed)           0.245    -0.172    mts_i/mmcm_rf/inst/clk_out1_mts_mmcm_rf_0
    BUFGCE_X0Y24         BUFGCE (Prop_BUFCE_BUFGCE_I_O)
                                                      0.028    -0.144 r  mts_i/mmcm_rf/inst/clkout1_buf/O
    X4Y3 (CLOCK_ROOT)    net (fo=5695, routed)        2.106     1.962    mts_i/rst_rf/U0/slowest_sync_clk
    SLICE_X90Y231        FDRE                                         r  mts_i/rst_rf/U0/ACTIVE_LOW_PR_OUT_DFF[0].FDRE_PER_N/C
  -------------------------------------------------------------------    -------------------
    SLICE_X90Y231        FDRE (Prop_AFF_SLICEM_C_Q)
                                                      0.077     2.039 r  mts_i/rst_rf/U0/ACTIVE_LOW_PR_OUT_DFF[0].FDRE_PER_N/Q
                         net (fo=245, routed)         2.073     4.112    mts_i/usp_rf_data_converter_0/inst/i_rf_conv_mt_mrk_counter_adc30/rst_n
    SLICE_X114Y253       FDCE                                         f  mts_i/usp_rf_data_converter_0/inst/i_rf_conv_mt_mrk_counter_adc30/mrk_cntr_ff_reg[7]/CLR  (IS_INVERTED)
  -------------------------------------------------------------------    -------------------

                         (clock clk_out1_mts_mmcm_rf_0 rise edge)
                                                      4.000     4.000 r  
    AN11                                              0.000     4.000 r  PL_CLK_clk_p[0] (IN)
                         net (fo=0)                   0.079     4.079    mts_i/ibufds_pl_clk/U0/USE_IBUFDS.GEN_IBUFDS[0].IBUFDS_I/I
    HPIOBDIFFINBUF_X0Y34 DIFFINBUF (Prop_DIFFINBUF_HPIOBDIFFINBUF_DIFF_IN_P_O)
                                                      0.556     4.635 r  mts_i/ibufds_pl_clk/U0/USE_IBUFDS.GEN_IBUFDS[0].IBUFDS_I/DIFFINBUF_INST/O
                         net (fo=1, routed)           0.040     4.675    mts_i/ibufds_pl_clk/U0/USE_IBUFDS.GEN_IBUFDS[0].IBUFDS_I/OUT
    AN11                 IBUFCTRL (Prop_IBUFCTRL_HPIOB_M_I_O)
                                                      0.000     4.675 r  mts_i/ibufds_pl_clk/U0/USE_IBUFDS.GEN_IBUFDS[0].IBUFDS_I/IBUFCTRL_INST/O
                         net (fo=1, routed)           0.300     4.975    mts_i/bufg_pl_clk/U0/BUFG_I[0]
    BUFGCE_X0Y33         BUFGCE (Prop_BUFCE_BUFGCE_I_O)
                                                      0.024     4.999 r  mts_i/bufg_pl_clk/U0/USE_BUFG.GEN_BUFG[0].BUFG_U/O
                         net (fo=132, routed)         0.730     5.729    mts_i/mmcm_rf/inst/clk_in1
    MMCM_X0Y1            MMCME4_ADV (Prop_MMCM_CLKIN1_CLKOUT0)
                                                     -1.896     3.833 r  mts_i/mmcm_rf/inst/mmcme4_adv_inst/CLKOUT0
                         net (fo=1, routed)           0.215     4.048    mts_i/mmcm_rf/inst/clk_out1_mts_mmcm_rf_0
    BUFGCE_X0Y24         BUFGCE (Prop_BUFCE_BUFGCE_I_O)
                                                      0.024     4.072 r  mts_i/mmcm_rf/inst/clkout1_buf/O
    X4Y3 (CLOCK_ROOT)    net (fo=5695, routed)        2.039     6.111    mts_i/usp_rf_data_converter_0/inst/i_rf_conv_mt_mrk_counter_adc30/clk
    SLICE_X114Y253       FDCE                                         r  mts_i/usp_rf_data_converter_0/inst/i_rf_conv_mt_mrk_counter_adc30/mrk_cntr_ff_reg[7]/C
                         clock pessimism             -0.148     5.963    
                         clock uncertainty           -0.054     5.909    
    SLICE_X114Y253       FDCE (Recov_DFF_SLICEL_C_CLR)
                                                     -0.066     5.843    mts_i/usp_rf_data_converter_0/inst/i_rf_conv_mt_mrk_counter_adc30/mrk_cntr_ff_reg[7]
  -------------------------------------------------------------------
                         required time                          5.843    
                         arrival time                          -4.112    
  -------------------------------------------------------------------
                         slack                                  1.731    





Min Delay Paths
--------------------------------------------------------------------------------------
Slack (MET) :             0.442ns  (arrival time - required time)
  Source:                 mts_i/rst_rf/U0/ACTIVE_LOW_PR_OUT_DFF[0].FDRE_PER_N/C
                            (rising edge-triggered cell FDRE clocked by clk_out1_mts_mmcm_rf_0  {rise@0.000ns fall@2.000ns period=4.000ns})
  Destination:            mts_i/usp_rf_data_converter_0/inst/i_rf_conv_mt_mrk_counter_adc02/mrk_cntr_ff_reg[10]/CLR
                            (removal check against rising-edge clock clk_out1_mts_mmcm_rf_0  {rise@0.000ns fall@2.000ns period=4.000ns})
  Path Group:             **async_default**
  Path Type:              Removal (Min at Fast Process Corner)
  Requirement:            0.000ns  (clk_out1_mts_mmcm_rf_0 rise@0.000ns - clk_out1_mts_mmcm_rf_0 rise@0.000ns)
  Data Path Delay:        0.610ns  (logic 0.038ns (6.230%)  route 0.572ns (93.770%))
  Logic Levels:           0  
  Clock Path Skew:        0.188ns (DCD - SCD - CPR)
    Destination Clock Delay (DCD):    1.386ns
    Source Clock Delay      (SCD):    1.242ns
    Clock Pessimism Removal (CPR):    -0.044ns
  Clock Net Delay (Source):      1.162ns (routing 0.411ns, distribution 0.751ns)
  Clock Net Delay (Destination): 1.400ns (routing 0.461ns, distribution 0.939ns)

    Location             Delay type                Incr(ns)  Path(ns)    Netlist Resource(s)
  -------------------------------------------------------------------    -------------------
                         (clock clk_out1_mts_mmcm_rf_0 rise edge)
                                                      0.000     0.000 r  
    AN11                                              0.000     0.000 r  PL_CLK_clk_p[0] (IN)
                         net (fo=0)                   0.079     0.079    mts_i/ibufds_pl_clk/U0/USE_IBUFDS.GEN_IBUFDS[0].IBUFDS_I/I
    HPIOBDIFFINBUF_X0Y34 DIFFINBUF (Prop_DIFFINBUF_HPIOBDIFFINBUF_DIFF_IN_P_O)
                                                      0.332     0.411 r  mts_i/ibufds_pl_clk/U0/USE_IBUFDS.GEN_IBUFDS[0].IBUFDS_I/DIFFINBUF_INST/O
                         net (fo=1, routed)           0.040     0.451    mts_i/ibufds_pl_clk/U0/USE_IBUFDS.GEN_IBUFDS[0].IBUFDS_I/OUT
    AN11                 IBUFCTRL (Prop_IBUFCTRL_HPIOB_M_I_O)
                                                      0.000     0.451 r  mts_i/ibufds_pl_clk/U0/USE_IBUFDS.GEN_IBUFDS[0].IBUFDS_I/IBUFCTRL_INST/O
                         net (fo=1, routed)           0.194     0.645    mts_i/bufg_pl_clk/U0/BUFG_I[0]
    BUFGCE_X0Y33         BUFGCE (Prop_BUFCE_BUFGCE_I_O)
                                                      0.017     0.662 r  mts_i/bufg_pl_clk/U0/USE_BUFG.GEN_BUFG[0].BUFG_U/O
                         net (fo=132, routed)         0.465     1.127    mts_i/mmcm_rf/inst/clk_in1
    MMCM_X0Y1            MMCME4_ADV (Prop_MMCM_CLKIN1_CLKOUT0)
                                                     -1.210    -0.083 r  mts_i/mmcm_rf/inst/mmcme4_adv_inst/CLKOUT0
                         net (fo=1, routed)           0.146     0.063    mts_i/mmcm_rf/inst/clk_out1_mts_mmcm_rf_0
    BUFGCE_X0Y24         BUFGCE (Prop_BUFCE_BUFGCE_I_O)
                                                      0.017     0.080 r  mts_i/mmcm_rf/inst/clkout1_buf/O
    X4Y3 (CLOCK_ROOT)    net (fo=5695, routed)        1.162     1.242    mts_i/rst_rf/U0/slowest_sync_clk
    SLICE_X90Y231        FDRE                                         r  mts_i/rst_rf/U0/ACTIVE_LOW_PR_OUT_DFF[0].FDRE_PER_N/C
  -------------------------------------------------------------------    -------------------
    SLICE_X90Y231        FDRE (Prop_AFF_SLICEM_C_Q)
                                                      0.038     1.280 r  mts_i/rst_rf/U0/ACTIVE_LOW_PR_OUT_DFF[0].FDRE_PER_N/Q
                         net (fo=245, routed)         0.572     1.852    mts_i/usp_rf_data_converter_0/inst/i_rf_conv_mt_mrk_counter_adc02/rst_n
    SLICE_X110Y275       FDCE                                         f  mts_i/usp_rf_data_converter_0/inst/i_rf_conv_mt_mrk_counter_adc02/mrk_cntr_ff_reg[10]/CLR  (IS_INVERTED)
  -------------------------------------------------------------------    -------------------

                         (clock clk_out1_mts_mmcm_rf_0 rise edge)
                                                      0.000     0.000 r  
    AN11                                              0.000     0.000 r  PL_CLK_clk_p[0] (IN)
                         net (fo=0)                   0.100     0.100    mts_i/ibufds_pl_clk/U0/USE_IBUFDS.GEN_IBUFDS[0].IBUFDS_I/I
    HPIOBDIFFINBUF_X0Y34 DIFFINBUF (Prop_DIFFINBUF_HPIOBDIFFINBUF_DIFF_IN_P_O)
                                                      0.437     0.537 r  mts_i/ibufds_pl_clk/U0/USE_IBUFDS.GEN_IBUFDS[0].IBUFDS_I/DIFFINBUF_INST/O
                         net (fo=1, routed)           0.050     0.587    mts_i/ibufds_pl_clk/U0/USE_IBUFDS.GEN_IBUFDS[0].IBUFDS_I/OUT
    AN11                 IBUFCTRL (Prop_IBUFCTRL_HPIOB_M_I_O)
                                                      0.000     0.587 r  mts_i/ibufds_pl_clk/U0/USE_IBUFDS.GEN_IBUFDS[0].IBUFDS_I/IBUFCTRL_INST/O
                         net (fo=1, routed)           0.235     0.822    mts_i/bufg_pl_clk/U0/BUFG_I[0]
    BUFGCE_X0Y33         BUFGCE (Prop_BUFCE_BUFGCE_I_O)
                                                      0.019     0.841 r  mts_i/bufg_pl_clk/U0/USE_BUFG.GEN_BUFG[0].BUFG_U/O
                         net (fo=132, routed)         0.527     1.368    mts_i/mmcm_rf/inst/clk_in1
    MMCM_X0Y1            MMCME4_ADV (Prop_MMCM_CLKIN1_CLKOUT0)
                                                     -1.567    -0.199 r  mts_i/mmcm_rf/inst/mmcme4_adv_inst/CLKOUT0
                         net (fo=1, routed)           0.166    -0.033    mts_i/mmcm_rf/inst/clk_out1_mts_mmcm_rf_0
    BUFGCE_X0Y24         BUFGCE (Prop_BUFCE_BUFGCE_I_O)
                                                      0.019    -0.014 r  mts_i/mmcm_rf/inst/clkout1_buf/O
    X4Y3 (CLOCK_ROOT)    net (fo=5695, routed)        1.400     1.386    mts_i/usp_rf_data_converter_0/inst/i_rf_conv_mt_mrk_counter_adc02/clk
    SLICE_X110Y275       FDCE                                         r  mts_i/usp_rf_data_converter_0/inst/i_rf_conv_mt_mrk_counter_adc02/mrk_cntr_ff_reg[10]/C
                         clock pessimism              0.044     1.430    
    SLICE_X110Y275       FDCE (Remov_DFF_SLICEM_C_CLR)
                                                     -0.020     1.410    mts_i/usp_rf_data_converter_0/inst/i_rf_conv_mt_mrk_counter_adc02/mrk_cntr_ff_reg[10]
  -------------------------------------------------------------------
                         required time                         -1.410    
                         arrival time                           1.852    
  -------------------------------------------------------------------
                         slack                                  0.442    





---------------------------------------------------------------------------------------------------
Path Group:  **async_default**
From Clock:  clk_out2_mts_mmcm_rf_0
  To Clock:  clk_out2_mts_mmcm_rf_0

Setup :            0  Failing Endpoints,  Worst Slack        6.497ns,  Total Violation        0.000ns
Hold  :            0  Failing Endpoints,  Worst Slack        0.105ns,  Total Violation        0.000ns
---------------------------------------------------------------------------------------------------


Max Delay Paths
--------------------------------------------------------------------------------------
Slack (MET) :             6.497ns  (required time - arrival time)
  Source:                 mts_i/ctrl_interconnect/m03_couplers/auto_cc/inst/gen_clock_conv.gen_async_conv.asyncfifo_axi/inst_fifo_gen/gaxi_full_lite.gwrite_ch.gwdch2.axi_wdch/grf.rf/rstblk/ngwrdrst.grst.g7serrst.gnsckt_wrst.gic_rst.sckt_rd_rst_ic_reg/C
                            (rising edge-triggered cell FDPE clocked by clk_out2_mts_mmcm_rf_0  {rise@0.000ns fall@4.000ns period=8.000ns})
  Destination:            mts_i/ctrl_interconnect/m03_couplers/auto_cc/inst/gen_clock_conv.gen_async_conv.asyncfifo_axi/inst_fifo_gen/gaxi_full_lite.gwrite_ch.gwdch2.axi_wdch/grf.rf/gntv_or_sync_fifo.gl0.rd/gr1.gr1_int.rfwft/empty_fwft_fb_i_reg/PRE
                            (recovery check against rising-edge clock clk_out2_mts_mmcm_rf_0  {rise@0.000ns fall@4.000ns period=8.000ns})
  Path Group:             **async_default**
  Path Type:              Recovery (Max at Slow Process Corner)
  Requirement:            8.000ns  (clk_out2_mts_mmcm_rf_0 rise@8.000ns - clk_out2_mts_mmcm_rf_0 rise@0.000ns)
  Data Path Delay:        1.413ns  (logic 0.080ns (5.662%)  route 1.333ns (94.338%))
  Logic Levels:           0  
  Clock Path Skew:        0.034ns (DCD - SCD + CPR)
    Destination Clock Delay (DCD):    2.148ns = ( 10.148 - 8.000 ) 
    Source Clock Delay      (SCD):    2.050ns
    Clock Pessimism Removal (CPR):    -0.064ns
  Clock Uncertainty:      0.058ns  ((TSJ^2 + DJ^2)^1/2) / 2 + PE
    Total System Jitter     (TSJ):    0.071ns
    Discrete Jitter          (DJ):    0.093ns
    Phase Error              (PE):    0.000ns
  Clock Net Delay (Source):      2.188ns (routing 0.855ns, distribution 1.333ns)
  Clock Net Delay (Destination): 2.071ns (routing 0.779ns, distribution 1.292ns)

    Location             Delay type                Incr(ns)  Path(ns)    Netlist Resource(s)
  -------------------------------------------------------------------    -------------------
                         (clock clk_out2_mts_mmcm_rf_0 rise edge)
                                                      0.000     0.000 r  
    AN11                                              0.000     0.000 r  PL_CLK_clk_p[0] (IN)
                         net (fo=0)                   0.100     0.100    mts_i/ibufds_pl_clk/U0/USE_IBUFDS.GEN_IBUFDS[0].IBUFDS_I/I
    HPIOBDIFFINBUF_X0Y34 DIFFINBUF (Prop_DIFFINBUF_HPIOBDIFFINBUF_DIFF_IN_P_O)
                                                      0.666     0.766 r  mts_i/ibufds_pl_clk/U0/USE_IBUFDS.GEN_IBUFDS[0].IBUFDS_I/DIFFINBUF_INST/O
                         net (fo=1, routed)           0.050     0.816    mts_i/ibufds_pl_clk/U0/USE_IBUFDS.GEN_IBUFDS[0].IBUFDS_I/OUT
    AN11                 IBUFCTRL (Prop_IBUFCTRL_HPIOB_M_I_O)
                                                      0.000     0.816 r  mts_i/ibufds_pl_clk/U0/USE_IBUFDS.GEN_IBUFDS[0].IBUFDS_I/IBUFCTRL_INST/O
                         net (fo=1, routed)           0.336     1.152    mts_i/bufg_pl_clk/U0/BUFG_I[0]
    BUFGCE_X0Y33         BUFGCE (Prop_BUFCE_BUFGCE_I_O)
                                                      0.028     1.180 r  mts_i/bufg_pl_clk/U0/USE_BUFG.GEN_BUFG[0].BUFG_U/O
                         net (fo=132, routed)         0.831     2.011    mts_i/mmcm_rf/inst/clk_in1
    MMCM_X0Y1            MMCME4_ADV (Prop_MMCM_CLKIN1_CLKOUT1)
                                                     -2.428    -0.417 r  mts_i/mmcm_rf/inst/mmcme4_adv_inst/CLKOUT1
                         net (fo=1, routed)           0.251    -0.166    mts_i/mmcm_rf/inst/clk_out2_mts_mmcm_rf_0
    BUFGCE_X0Y41         BUFGCE (Prop_BUFCE_BUFGCE_I_O)
                                                      0.028    -0.138 r  mts_i/mmcm_rf/inst/clkout2_buf/O
    X2Y2 (CLOCK_ROOT)    net (fo=33659, routed)       2.188     2.050    mts_i/ctrl_interconnect/m03_couplers/auto_cc/inst/gen_clock_conv.gen_async_conv.asyncfifo_axi/inst_fifo_gen/gaxi_full_lite.gwrite_ch.gwdch2.axi_wdch/grf.rf/rstblk/m_aclk
    SLICE_X77Y71         FDPE                                         r  mts_i/ctrl_interconnect/m03_couplers/auto_cc/inst/gen_clock_conv.gen_async_conv.asyncfifo_axi/inst_fifo_gen/gaxi_full_lite.gwrite_ch.gwdch2.axi_wdch/grf.rf/rstblk/ngwrdrst.grst.g7serrst.gnsckt_wrst.gic_rst.sckt_rd_rst_ic_reg/C
  -------------------------------------------------------------------    -------------------
    SLICE_X77Y71         FDPE (Prop_HFF2_SLICEL_C_Q)
                                                      0.080     2.130 f  mts_i/ctrl_interconnect/m03_couplers/auto_cc/inst/gen_clock_conv.gen_async_conv.asyncfifo_axi/inst_fifo_gen/gaxi_full_lite.gwrite_ch.gwdch2.axi_wdch/grf.rf/rstblk/ngwrdrst.grst.g7serrst.gnsckt_wrst.gic_rst.sckt_rd_rst_ic_reg/Q
                         net (fo=21, routed)          1.333     3.463    mts_i/ctrl_interconnect/m03_couplers/auto_cc/inst/gen_clock_conv.gen_async_conv.asyncfifo_axi/inst_fifo_gen/gaxi_full_lite.gwrite_ch.gwdch2.axi_wdch/grf.rf/gntv_or_sync_fifo.gl0.rd/gr1.gr1_int.rfwft/gpregsm1.user_valid_reg_0
    SLICE_X90Y65         FDPE                                         f  mts_i/ctrl_interconnect/m03_couplers/auto_cc/inst/gen_clock_conv.gen_async_conv.asyncfifo_axi/inst_fifo_gen/gaxi_full_lite.gwrite_ch.gwdch2.axi_wdch/grf.rf/gntv_or_sync_fifo.gl0.rd/gr1.gr1_int.rfwft/empty_fwft_fb_i_reg/PRE
  -------------------------------------------------------------------    -------------------

                         (clock clk_out2_mts_mmcm_rf_0 rise edge)
                                                      8.000     8.000 r  
    AN11                                              0.000     8.000 r  PL_CLK_clk_p[0] (IN)
                         net (fo=0)                   0.079     8.079    mts_i/ibufds_pl_clk/U0/USE_IBUFDS.GEN_IBUFDS[0].IBUFDS_I/I
    HPIOBDIFFINBUF_X0Y34 DIFFINBUF (Prop_DIFFINBUF_HPIOBDIFFINBUF_DIFF_IN_P_O)
                                                      0.556     8.635 r  mts_i/ibufds_pl_clk/U0/USE_IBUFDS.GEN_IBUFDS[0].IBUFDS_I/DIFFINBUF_INST/O
                         net (fo=1, routed)           0.040     8.675    mts_i/ibufds_pl_clk/U0/USE_IBUFDS.GEN_IBUFDS[0].IBUFDS_I/OUT
    AN11                 IBUFCTRL (Prop_IBUFCTRL_HPIOB_M_I_O)
                                                      0.000     8.675 r  mts_i/ibufds_pl_clk/U0/USE_IBUFDS.GEN_IBUFDS[0].IBUFDS_I/IBUFCTRL_INST/O
                         net (fo=1, routed)           0.300     8.975    mts_i/bufg_pl_clk/U0/BUFG_I[0]
    BUFGCE_X0Y33         BUFGCE (Prop_BUFCE_BUFGCE_I_O)
                                                      0.024     8.999 r  mts_i/bufg_pl_clk/U0/USE_BUFG.GEN_BUFG[0].BUFG_U/O
                         net (fo=132, routed)         0.730     9.729    mts_i/mmcm_rf/inst/clk_in1
    MMCM_X0Y1            MMCME4_ADV (Prop_MMCM_CLKIN1_CLKOUT1)
                                                     -1.896     7.833 r  mts_i/mmcm_rf/inst/mmcme4_adv_inst/CLKOUT1
                         net (fo=1, routed)           0.221     8.054    mts_i/mmcm_rf/inst/clk_out2_mts_mmcm_rf_0
    BUFGCE_X0Y41         BUFGCE (Prop_BUFCE_BUFGCE_I_O)
                                                      0.024     8.078 r  mts_i/mmcm_rf/inst/clkout2_buf/O
    X2Y2 (CLOCK_ROOT)    net (fo=33659, routed)       2.071    10.148    mts_i/ctrl_interconnect/m03_couplers/auto_cc/inst/gen_clock_conv.gen_async_conv.asyncfifo_axi/inst_fifo_gen/gaxi_full_lite.gwrite_ch.gwdch2.axi_wdch/grf.rf/gntv_or_sync_fifo.gl0.rd/gr1.gr1_int.rfwft/m_aclk
    SLICE_X90Y65         FDPE                                         r  mts_i/ctrl_interconnect/m03_couplers/auto_cc/inst/gen_clock_conv.gen_async_conv.asyncfifo_axi/inst_fifo_gen/gaxi_full_lite.gwrite_ch.gwdch2.axi_wdch/grf.rf/gntv_or_sync_fifo.gl0.rd/gr1.gr1_int.rfwft/empty_fwft_fb_i_reg/C
                         clock pessimism             -0.064    10.084    
                         clock uncertainty           -0.058    10.026    
    SLICE_X90Y65         FDPE (Recov_AFF_SLICEM_C_PRE)
                                                     -0.066     9.960    mts_i/ctrl_interconnect/m03_couplers/auto_cc/inst/gen_clock_conv.gen_async_conv.asyncfifo_axi/inst_fifo_gen/gaxi_full_lite.gwrite_ch.gwdch2.axi_wdch/grf.rf/gntv_or_sync_fifo.gl0.rd/gr1.gr1_int.rfwft/empty_fwft_fb_i_reg
  -------------------------------------------------------------------
                         required time                          9.960    
                         arrival time                          -3.463    
  -------------------------------------------------------------------
                         slack                                  6.497    





Min Delay Paths
--------------------------------------------------------------------------------------
Slack (MET) :             0.105ns  (arrival time - required time)
  Source:                 mts_i/ctrl_interconnect/m04_couplers/auto_cc/inst/gen_clock_conv.gen_async_conv.asyncfifo_axi/inst_fifo_gen/gaxi_full_lite.gwrite_ch.gwdch2.axi_wdch/grf.rf/rstblk/ngwrdrst.grst.g7serrst.gnsckt_wrst.gic_rst.rst_rd_reg2_inst/arststages_ff_reg[1]/C
                            (rising edge-triggered cell FDPE clocked by clk_out2_mts_mmcm_rf_0  {rise@0.000ns fall@4.000ns period=8.000ns})
  Destination:            mts_i/ctrl_interconnect/m04_couplers/auto_cc/inst/gen_clock_conv.gen_async_conv.asyncfifo_axi/inst_fifo_gen/gaxi_full_lite.gwrite_ch.gwdch2.axi_wdch/grf.rf/rstblk/ngwrdrst.grst.g7serrst.gnsckt_wrst.gic_rst.wr_rst_rd_ext_reg[0]/CLR
                            (removal check against rising-edge clock clk_out2_mts_mmcm_rf_0  {rise@0.000ns fall@4.000ns period=8.000ns})
  Path Group:             **async_default**
  Path Type:              Removal (Min at Fast Process Corner)
  Requirement:            0.000ns  (clk_out2_mts_mmcm_rf_0 rise@0.000ns - clk_out2_mts_mmcm_rf_0 rise@0.000ns)
  Data Path Delay:        0.136ns  (logic 0.039ns (28.636%)  route 0.097ns (71.364%))
  Logic Levels:           0  
  Clock Path Skew:        0.051ns (DCD - SCD - CPR)
    Destination Clock Delay (DCD):    1.425ns
    Source Clock Delay      (SCD):    1.362ns
    Clock Pessimism Removal (CPR):    0.012ns
  Clock Net Delay (Source):      1.279ns (routing 0.471ns, distribution 0.808ns)
  Clock Net Delay (Destination): 1.435ns (routing 0.522ns, distribution 0.913ns)

    Location             Delay type                Incr(ns)  Path(ns)    Netlist Resource(s)
  -------------------------------------------------------------------    -------------------
                         (clock clk_out2_mts_mmcm_rf_0 rise edge)
                                                      0.000     0.000 r  
    AN11                                              0.000     0.000 r  PL_CLK_clk_p[0] (IN)
                         net (fo=0)                   0.079     0.079    mts_i/ibufds_pl_clk/U0/USE_IBUFDS.GEN_IBUFDS[0].IBUFDS_I/I
    HPIOBDIFFINBUF_X0Y34 DIFFINBUF (Prop_DIFFINBUF_HPIOBDIFFINBUF_DIFF_IN_P_O)
                                                      0.332     0.411 r  mts_i/ibufds_pl_clk/U0/USE_IBUFDS.GEN_IBUFDS[0].IBUFDS_I/DIFFINBUF_INST/O
                         net (fo=1, routed)           0.040     0.451    mts_i/ibufds_pl_clk/U0/USE_IBUFDS.GEN_IBUFDS[0].IBUFDS_I/OUT
    AN11                 IBUFCTRL (Prop_IBUFCTRL_HPIOB_M_I_O)
                                                      0.000     0.451 r  mts_i/ibufds_pl_clk/U0/USE_IBUFDS.GEN_IBUFDS[0].IBUFDS_I/IBUFCTRL_INST/O
                         net (fo=1, routed)           0.194     0.645    mts_i/bufg_pl_clk/U0/BUFG_I[0]
    BUFGCE_X0Y33         BUFGCE (Prop_BUFCE_BUFGCE_I_O)
                                                      0.017     0.662 r  mts_i/bufg_pl_clk/U0/USE_BUFG.GEN_BUFG[0].BUFG_U/O
                         net (fo=132, routed)         0.465     1.127    mts_i/mmcm_rf/inst/clk_in1
    MMCM_X0Y1            MMCME4_ADV (Prop_MMCM_CLKIN1_CLKOUT1)
                                                     -1.210    -0.083 r  mts_i/mmcm_rf/inst/mmcme4_adv_inst/CLKOUT1
                         net (fo=1, routed)           0.149     0.066    mts_i/mmcm_rf/inst/clk_out2_mts_mmcm_rf_0
    BUFGCE_X0Y41         BUFGCE (Prop_BUFCE_BUFGCE_I_O)
                                                      0.017     0.083 r  mts_i/mmcm_rf/inst/clkout2_buf/O
    X2Y2 (CLOCK_ROOT)    net (fo=33659, routed)       1.279     1.362    mts_i/ctrl_interconnect/m04_couplers/auto_cc/inst/gen_clock_conv.gen_async_conv.asyncfifo_axi/inst_fifo_gen/gaxi_full_lite.gwrite_ch.gwdch2.axi_wdch/grf.rf/rstblk/ngwrdrst.grst.g7serrst.gnsckt_wrst.gic_rst.rst_rd_reg2_inst/dest_clk
    SLICE_X93Y60         FDPE                                         r  mts_i/ctrl_interconnect/m04_couplers/auto_cc/inst/gen_clock_conv.gen_async_conv.asyncfifo_axi/inst_fifo_gen/gaxi_full_lite.gwrite_ch.gwdch2.axi_wdch/grf.rf/rstblk/ngwrdrst.grst.g7serrst.gnsckt_wrst.gic_rst.rst_rd_reg2_inst/arststages_ff_reg[1]/C
  -------------------------------------------------------------------    -------------------
    SLICE_X93Y60         FDPE (Prop_AFF2_SLICEM_C_Q)
                                                      0.039     1.401 f  mts_i/ctrl_interconnect/m04_couplers/auto_cc/inst/gen_clock_conv.gen_async_conv.asyncfifo_axi/inst_fifo_gen/gaxi_full_lite.gwrite_ch.gwdch2.axi_wdch/grf.rf/rstblk/ngwrdrst.grst.g7serrst.gnsckt_wrst.gic_rst.rst_rd_reg2_inst/arststages_ff_reg[1]/Q
                         net (fo=3, routed)           0.097     1.498    mts_i/ctrl_interconnect/m04_couplers/auto_cc/inst/gen_clock_conv.gen_async_conv.asyncfifo_axi/inst_fifo_gen/gaxi_full_lite.gwrite_ch.gwdch2.axi_wdch/grf.rf/rstblk/ngwrdrst.grst.rst_rd_reg2
    SLICE_X92Y60         FDCE                                         f  mts_i/ctrl_interconnect/m04_couplers/auto_cc/inst/gen_clock_conv.gen_async_conv.asyncfifo_axi/inst_fifo_gen/gaxi_full_lite.gwrite_ch.gwdch2.axi_wdch/grf.rf/rstblk/ngwrdrst.grst.g7serrst.gnsckt_wrst.gic_rst.wr_rst_rd_ext_reg[0]/CLR
  -------------------------------------------------------------------    -------------------

                         (clock clk_out2_mts_mmcm_rf_0 rise edge)
                                                      0.000     0.000 r  
    AN11                                              0.000     0.000 r  PL_CLK_clk_p[0] (IN)
                         net (fo=0)                   0.100     0.100    mts_i/ibufds_pl_clk/U0/USE_IBUFDS.GEN_IBUFDS[0].IBUFDS_I/I
    HPIOBDIFFINBUF_X0Y34 DIFFINBUF (Prop_DIFFINBUF_HPIOBDIFFINBUF_DIFF_IN_P_O)
                                                      0.437     0.537 r  mts_i/ibufds_pl_clk/U0/USE_IBUFDS.GEN_IBUFDS[0].IBUFDS_I/DIFFINBUF_INST/O
                         net (fo=1, routed)           0.050     0.587    mts_i/ibufds_pl_clk/U0/USE_IBUFDS.GEN_IBUFDS[0].IBUFDS_I/OUT
    AN11                 IBUFCTRL (Prop_IBUFCTRL_HPIOB_M_I_O)
                                                      0.000     0.587 r  mts_i/ibufds_pl_clk/U0/USE_IBUFDS.GEN_IBUFDS[0].IBUFDS_I/IBUFCTRL_INST/O
                         net (fo=1, routed)           0.235     0.822    mts_i/bufg_pl_clk/U0/BUFG_I[0]
    BUFGCE_X0Y33         BUFGCE (Prop_BUFCE_BUFGCE_I_O)
                                                      0.019     0.841 r  mts_i/bufg_pl_clk/U0/USE_BUFG.GEN_BUFG[0].BUFG_U/O
                         net (fo=132, routed)         0.527     1.368    mts_i/mmcm_rf/inst/clk_in1
    MMCM_X0Y1            MMCME4_ADV (Prop_MMCM_CLKIN1_CLKOUT1)
                                                     -1.567    -0.199 r  mts_i/mmcm_rf/inst/mmcme4_adv_inst/CLKOUT1
                         net (fo=1, routed)           0.170    -0.029    mts_i/mmcm_rf/inst/clk_out2_mts_mmcm_rf_0
    BUFGCE_X0Y41         BUFGCE (Prop_BUFCE_BUFGCE_I_O)
                                                      0.019    -0.010 r  mts_i/mmcm_rf/inst/clkout2_buf/O
    X2Y2 (CLOCK_ROOT)    net (fo=33659, routed)       1.435     1.425    mts_i/ctrl_interconnect/m04_couplers/auto_cc/inst/gen_clock_conv.gen_async_conv.asyncfifo_axi/inst_fifo_gen/gaxi_full_lite.gwrite_ch.gwdch2.axi_wdch/grf.rf/rstblk/m_aclk
    SLICE_X92Y60         FDCE                                         r  mts_i/ctrl_interconnect/m04_couplers/auto_cc/inst/gen_clock_conv.gen_async_conv.asyncfifo_axi/inst_fifo_gen/gaxi_full_lite.gwrite_ch.gwdch2.axi_wdch/grf.rf/rstblk/ngwrdrst.grst.g7serrst.gnsckt_wrst.gic_rst.wr_rst_rd_ext_reg[0]/C
                         clock pessimism             -0.012     1.413    
    SLICE_X92Y60         FDCE (Remov_EFF_SLICEL_C_CLR)
                                                     -0.020     1.393    mts_i/ctrl_interconnect/m04_couplers/auto_cc/inst/gen_clock_conv.gen_async_conv.asyncfifo_axi/inst_fifo_gen/gaxi_full_lite.gwrite_ch.gwdch2.axi_wdch/grf.rf/rstblk/ngwrdrst.grst.g7serrst.gnsckt_wrst.gic_rst.wr_rst_rd_ext_reg[0]
  -------------------------------------------------------------------
                         required time                         -1.393    
                         arrival time                           1.498    
  -------------------------------------------------------------------
                         slack                                  0.105    





---------------------------------------------------------------------------------------------------
Path Group:  **async_default**
From Clock:  clk_pl_0
  To Clock:  clk_pl_0

Setup :            0  Failing Endpoints,  Worst Slack        7.514ns,  Total Violation        0.000ns
Hold  :            0  Failing Endpoints,  Worst Slack        0.096ns,  Total Violation        0.000ns
---------------------------------------------------------------------------------------------------


Max Delay Paths
--------------------------------------------------------------------------------------
Slack (MET) :             7.514ns  (required time - arrival time)
  Source:                 mts_i/rst_ps/U0/ACTIVE_LOW_PR_OUT_DFF[0].FDRE_PER_N/C
                            (rising edge-triggered cell FDRE clocked by clk_pl_0  {rise@0.000ns fall@5.000ns period=10.000ns})
  Destination:            mts_i/usp_rf_data_converter_0/inst/i_mts_sysref_count_dac/sysref_count_ff_reg[0]/CLR
                            (recovery check against rising-edge clock clk_pl_0  {rise@0.000ns fall@5.000ns period=10.000ns})
  Path Group:             **async_default**
  Path Type:              Recovery (Max at Slow Process Corner)
  Requirement:            10.000ns  (clk_pl_0 rise@10.000ns - clk_pl_0 rise@0.000ns)
  Data Path Delay:        2.428ns  (logic 0.104ns (4.283%)  route 2.324ns (95.717%))
  Logic Levels:           1  (BUFGCE=1)
  Clock Path Skew:        0.138ns (DCD - SCD + CPR)
    Destination Clock Delay (DCD):    2.554ns = ( 12.554 - 10.000 ) 
    Source Clock Delay      (SCD):    2.552ns
    Clock Pessimism Removal (CPR):    0.136ns
  Clock Uncertainty:      0.130ns  ((TSJ^2 + DJ^2)^1/2) / 2 + PE
    Total System Jitter     (TSJ):    0.071ns
    Discrete Jitter          (DJ):    0.250ns
    Phase Error              (PE):    0.000ns
  Clock Net Delay (Source):      2.326ns (routing 0.961ns, distribution 1.365ns)
  Clock Net Delay (Destination): 2.372ns (routing 0.869ns, distribution 1.503ns)

    Location             Delay type                Incr(ns)  Path(ns)    Netlist Resource(s)
  -------------------------------------------------------------------    -------------------
                         (clock clk_pl_0 rise edge)
                                                      0.000     0.000 r  
    PS8_X0Y0             PS8                          0.000     0.000 r  mts_i/zynq_ultra_ps_e_0/inst/PS8_i/PLCLK[0]
                         net (fo=1, routed)           0.198     0.198    mts_i/zynq_ultra_ps_e_0/inst/pl_clk_unbuffered[0]
    BUFG_PS_X0Y68        BUFG_PS (Prop_BUFG_PS_I_O)
                                                      0.028     0.226 r  mts_i/zynq_ultra_ps_e_0/inst/buffer_pl_clk_0.PL_CLK_0_BUFG/O
    X3Y3 (CLOCK_ROOT)    net (fo=32915, routed)       2.326     2.552    mts_i/rst_ps/U0/slowest_sync_clk
    SLICE_X75Y232        FDRE                                         r  mts_i/rst_ps/U0/ACTIVE_LOW_PR_OUT_DFF[0].FDRE_PER_N/C
  -------------------------------------------------------------------    -------------------
    SLICE_X75Y232        FDRE (Prop_EFF_SLICEM_C_Q)
                                                      0.076     2.628 r  mts_i/rst_ps/U0/ACTIVE_LOW_PR_OUT_DFF[0].FDRE_PER_N/Q
                         net (fo=1, routed)           1.110     3.738    mts_i/rst_ps/U0/peripheral_aresetn[0]_bufg_place
    BUFGCE_X0Y104        BUFGCE (Prop_BUFCE_BUFGCE_I_O)
                                                      0.028     3.766 r  mts_i/rst_ps/U0/ACTIVE_LOW_PR_OUT_DFF[0].FDRE_PER_N_bufg_place/O
                         net (fo=3357, routed)        1.214     4.980    mts_i/usp_rf_data_converter_0/inst/i_mts_sysref_count_dac/reset_b
    SLICE_X110Y299       FDCE                                         f  mts_i/usp_rf_data_converter_0/inst/i_mts_sysref_count_dac/sysref_count_ff_reg[0]/CLR  (IS_INVERTED)
  -------------------------------------------------------------------    -------------------

                         (clock clk_pl_0 rise edge)
                                                     10.000    10.000 r  
    PS8_X0Y0             PS8                          0.000    10.000 r  mts_i/zynq_ultra_ps_e_0/inst/PS8_i/PLCLK[0]
                         net (fo=1, routed)           0.157    10.157    mts_i/zynq_ultra_ps_e_0/inst/pl_clk_unbuffered[0]
    BUFG_PS_X0Y68        BUFG_PS (Prop_BUFG_PS_I_O)
                                                      0.025    10.182 r  mts_i/zynq_ultra_ps_e_0/inst/buffer_pl_clk_0.PL_CLK_0_BUFG/O
    X3Y3 (CLOCK_ROOT)    net (fo=32915, routed)       2.372    12.554    mts_i/usp_rf_data_converter_0/inst/i_mts_sysref_count_dac/clk
    SLICE_X110Y299       FDCE                                         r  mts_i/usp_rf_data_converter_0/inst/i_mts_sysref_count_dac/sysref_count_ff_reg[0]/C
                         clock pessimism              0.136    12.690    
                         clock uncertainty           -0.130    12.560    
    SLICE_X110Y299       FDCE (Recov_BFF2_SLICEM_C_CLR)
                                                     -0.066    12.494    mts_i/usp_rf_data_converter_0/inst/i_mts_sysref_count_dac/sysref_count_ff_reg[0]
  -------------------------------------------------------------------
                         required time                         12.494    
                         arrival time                          -4.980    
  -------------------------------------------------------------------
                         slack                                  7.514    





Min Delay Paths
--------------------------------------------------------------------------------------
Slack (MET) :             0.096ns  (arrival time - required time)
  Source:                 mts_i/ctrl_interconnect/m05_couplers/auto_cc/inst/gen_clock_conv.gen_async_conv.asyncfifo_axi/inst_fifo_gen/gaxi_full_lite.gwrite_ch.gwrch2.axi_wrch/grf.rf/rstblk/ngwrdrst.grst.g7serrst.gnsckt_wrst.gic_rst.rst_rd_reg2_inst/arststages_ff_reg[1]/C
                            (rising edge-triggered cell FDPE clocked by clk_pl_0  {rise@0.000ns fall@5.000ns period=10.000ns})
  Destination:            mts_i/ctrl_interconnect/m05_couplers/auto_cc/inst/gen_clock_conv.gen_async_conv.asyncfifo_axi/inst_fifo_gen/gaxi_full_lite.gwrite_ch.gwrch2.axi_wrch/grf.rf/rstblk/ngwrdrst.grst.g7serrst.gnsckt_wrst.gic_rst.wr_rst_rd_ext_reg[0]/CLR
                            (removal check against rising-edge clock clk_pl_0  {rise@0.000ns fall@5.000ns period=10.000ns})
  Path Group:             **async_default**
  Path Type:              Removal (Min at Fast Process Corner)
  Requirement:            0.000ns  (clk_pl_0 rise@0.000ns - clk_pl_0 rise@0.000ns)
  Data Path Delay:        0.138ns  (logic 0.039ns (28.222%)  route 0.099ns (71.778%))
  Logic Levels:           0  
  Clock Path Skew:        0.062ns (DCD - SCD - CPR)
    Destination Clock Delay (DCD):    1.632ns
    Source Clock Delay      (SCD):    1.424ns
    Clock Pessimism Removal (CPR):    0.146ns
  Clock Net Delay (Source):      1.304ns (routing 0.520ns, distribution 0.784ns)
  Clock Net Delay (Destination): 1.485ns (routing 0.582ns, distribution 0.903ns)

    Location             Delay type                Incr(ns)  Path(ns)    Netlist Resource(s)
  -------------------------------------------------------------------    -------------------
                         (clock clk_pl_0 rise edge)
                                                      0.000     0.000 r  
    PS8_X0Y0             PS8                          0.000     0.000 r  mts_i/zynq_ultra_ps_e_0/inst/PS8_i/PLCLK[0]
                         net (fo=1, routed)           0.103     0.103    mts_i/zynq_ultra_ps_e_0/inst/pl_clk_unbuffered[0]
    BUFG_PS_X0Y68        BUFG_PS (Prop_BUFG_PS_I_O)
                                                      0.017     0.120 r  mts_i/zynq_ultra_ps_e_0/inst/buffer_pl_clk_0.PL_CLK_0_BUFG/O
    X3Y3 (CLOCK_ROOT)    net (fo=32915, routed)       1.304     1.424    mts_i/ctrl_interconnect/m05_couplers/auto_cc/inst/gen_clock_conv.gen_async_conv.asyncfifo_axi/inst_fifo_gen/gaxi_full_lite.gwrite_ch.gwrch2.axi_wrch/grf.rf/rstblk/ngwrdrst.grst.g7serrst.gnsckt_wrst.gic_rst.rst_rd_reg2_inst/dest_clk
    SLICE_X69Y61         FDPE                                         r  mts_i/ctrl_interconnect/m05_couplers/auto_cc/inst/gen_clock_conv.gen_async_conv.asyncfifo_axi/inst_fifo_gen/gaxi_full_lite.gwrite_ch.gwrch2.axi_wrch/grf.rf/rstblk/ngwrdrst.grst.g7serrst.gnsckt_wrst.gic_rst.rst_rd_reg2_inst/arststages_ff_reg[1]/C
  -------------------------------------------------------------------    -------------------
    SLICE_X69Y61         FDPE (Prop_AFF2_SLICEM_C_Q)
                                                      0.039     1.463 f  mts_i/ctrl_interconnect/m05_couplers/auto_cc/inst/gen_clock_conv.gen_async_conv.asyncfifo_axi/inst_fifo_gen/gaxi_full_lite.gwrite_ch.gwrch2.axi_wrch/grf.rf/rstblk/ngwrdrst.grst.g7serrst.gnsckt_wrst.gic_rst.rst_rd_reg2_inst/arststages_ff_reg[1]/Q
                         net (fo=3, routed)           0.099     1.562    mts_i/ctrl_interconnect/m05_couplers/auto_cc/inst/gen_clock_conv.gen_async_conv.asyncfifo_axi/inst_fifo_gen/gaxi_full_lite.gwrite_ch.gwrch2.axi_wrch/grf.rf/rstblk/ngwrdrst.grst.rst_rd_reg2
    SLICE_X68Y61         FDCE                                         f  mts_i/ctrl_interconnect/m05_couplers/auto_cc/inst/gen_clock_conv.gen_async_conv.asyncfifo_axi/inst_fifo_gen/gaxi_full_lite.gwrite_ch.gwrch2.axi_wrch/grf.rf/rstblk/ngwrdrst.grst.g7serrst.gnsckt_wrst.gic_rst.wr_rst_rd_ext_reg[0]/CLR
  -------------------------------------------------------------------    -------------------

                         (clock clk_pl_0 rise edge)
                                                      0.000     0.000 r  
    PS8_X0Y0             PS8                          0.000     0.000 r  mts_i/zynq_ultra_ps_e_0/inst/PS8_i/PLCLK[0]
                         net (fo=1, routed)           0.129     0.129    mts_i/zynq_ultra_ps_e_0/inst/pl_clk_unbuffered[0]
    BUFG_PS_X0Y68        BUFG_PS (Prop_BUFG_PS_I_O)
                                                      0.018     0.147 r  mts_i/zynq_ultra_ps_e_0/inst/buffer_pl_clk_0.PL_CLK_0_BUFG/O
    X3Y3 (CLOCK_ROOT)    net (fo=32915, routed)       1.485     1.632    mts_i/ctrl_interconnect/m05_couplers/auto_cc/inst/gen_clock_conv.gen_async_conv.asyncfifo_axi/inst_fifo_gen/gaxi_full_lite.gwrite_ch.gwrch2.axi_wrch/grf.rf/rstblk/s_aclk
    SLICE_X68Y61         FDCE                                         r  mts_i/ctrl_interconnect/m05_couplers/auto_cc/inst/gen_clock_conv.gen_async_conv.asyncfifo_axi/inst_fifo_gen/gaxi_full_lite.gwrite_ch.gwrch2.axi_wrch/grf.rf/rstblk/ngwrdrst.grst.g7serrst.gnsckt_wrst.gic_rst.wr_rst_rd_ext_reg[0]/C
                         clock pessimism             -0.146     1.486    
    SLICE_X68Y61         FDCE (Remov_EFF_SLICEL_C_CLR)
                                                     -0.020     1.466    mts_i/ctrl_interconnect/m05_couplers/auto_cc/inst/gen_clock_conv.gen_async_conv.asyncfifo_axi/inst_fifo_gen/gaxi_full_lite.gwrite_ch.gwrch2.axi_wrch/grf.rf/rstblk/ngwrdrst.grst.g7serrst.gnsckt_wrst.gic_rst.wr_rst_rd_ext_reg[0]
  -------------------------------------------------------------------
                         required time                         -1.466    
                         arrival time                           1.562    
  -------------------------------------------------------------------
                         slack                                  0.096    





